14:40:52 INFO  : Registering command handlers for Vitis TCF services
14:40:52 INFO  : Launching XSCT server: xsct.bat -n  -interactive C:\Users\33651\Desktop\projet_ajc\dma_vitis\temp_xsdb_launch_script.tcl
14:40:54 INFO  : XSCT server has started successfully.
14:40:54 INFO  : Successfully done setting XSCT server connection channel  
14:40:54 INFO  : plnx-install-location is set to ''
14:40:54 INFO  : Successfully done setting workspace for the tool. 
14:40:54 INFO  : Successfully done query RDI_DATADIR 
14:40:54 INFO  : Platform repository initialization has completed.
14:41:44 INFO  : Result from executing command 'getProjects': dma_test
14:41:44 INFO  : Result from executing command 'getPlatforms': 
14:44:53 INFO  : Result from executing command 'getProjects': dma_test
14:44:53 INFO  : Result from executing command 'getPlatforms': dma_test|C:/Users/33651/Desktop/projet_ajc/dma_vitis/dma_test/export/dma_test/dma_test.xpfm
14:45:43 INFO  : Checking for BSP changes to sync application flags for project 'dma'...
14:46:45 INFO  : Connected to target on host '127.0.0.1' and port '3121'.
14:46:47 INFO  : Jtag cable 'Digilent Cora Z7 - 7010 210370AD525DA' is selected.
14:46:47 INFO  : 'jtag frequency' command is executed.
14:46:48 INFO  : Context for 'APU' is selected.
14:46:48 INFO  : System reset is completed.
14:46:51 INFO  : 'after 3000' command is executed.
14:46:52 INFO  : 'targets -set -filter {jtag_cable_name =~ "Digilent Cora Z7 - 7010 210370AD525DA" && level==0 && jtag_device_ctx=="jsn-Cora Z7 - 7010-210370AD525DA-13722093-0"}' command is executed.
14:46:53 INFO  : Device configured successfully with "C:/Users/33651/Desktop/projet_ajc/dma_vitis/dma/_ide/bitstream/design_1_wrapper.bit"
14:46:54 INFO  : Context for 'APU' is selected.
14:46:54 INFO  : Hardware design and registers information is loaded from 'C:/Users/33651/Desktop/projet_ajc/dma_vitis/dma_test/export/dma_test/hw/design_1_wrapper.xsa'.
14:46:54 INFO  : 'configparams force-mem-access 1' command is executed.
14:46:55 INFO  : Context for 'APU' is selected.
14:46:55 INFO  : Sourcing of 'C:/Users/33651/Desktop/projet_ajc/dma_vitis/dma/_ide/psinit/ps7_init.tcl' is done.
14:46:55 INFO  : 'ps7_init' command is executed.
14:46:55 INFO  : 'ps7_post_config' command is executed.
14:46:56 INFO  : Context for processor 'ps7_cortexa9_0' is selected.
14:46:58 ERROR : Memory write error at 0x100000. APB Memory access port is disabled
14:46:58 INFO  : ----------------XSDB Script----------------
connect -url tcp:127.0.0.1:3121
targets -set -nocase -filter {name =~"APU*"}
rst -system
after 3000
targets -set -filter {jtag_cable_name =~ "Digilent Cora Z7 - 7010 210370AD525DA" && level==0 && jtag_device_ctx=="jsn-Cora Z7 - 7010-210370AD525DA-13722093-0"}
fpga -file C:/Users/33651/Desktop/projet_ajc/dma_vitis/dma/_ide/bitstream/design_1_wrapper.bit
targets -set -nocase -filter {name =~"APU*"}
loadhw -hw C:/Users/33651/Desktop/projet_ajc/dma_vitis/dma_test/export/dma_test/hw/design_1_wrapper.xsa -mem-ranges [list {0x40000000 0xbfffffff}] -regs
configparams force-mem-access 1
targets -set -nocase -filter {name =~"APU*"}
source C:/Users/33651/Desktop/projet_ajc/dma_vitis/dma/_ide/psinit/ps7_init.tcl
ps7_init
ps7_post_config
targets -set -nocase -filter {name =~ "*A9*#0"}
dow C:/Users/33651/Desktop/projet_ajc/dma_vitis/dma/Debug/dma.elf
----------------End of Script----------------

14:46:58 ERROR : Memory write error at 0x100000. APB Memory access port is disabled
14:47:46 ERROR : (XSDB Server)Cannot reset APU. AP transaction error, DAP status 0xF0000021

14:48:32 ERROR : (XSDB Server)Cannot reset APU. AP transaction error, DAP status 0xF0000021

14:51:10 ERROR : (XSDB Server)bad option '-short': -help -server

15:02:44 ERROR : (XSDB Server)bad option '-short': -help -server

15:05:47 ERROR : (XSDB Server)address is only applicable with -data option

15:06:10 ERROR : (XSDB Server)invalid command name "data"

15:06:21 ERROR : (XSDB Server)invalid command name "-data"

15:09:04 ERROR : (XSDB Server)Memory write error at 0x1000000. APB Memory access port is disabled

15:12:04 ERROR : (XSDB Server)AP transaction error, DAP status 0xF0000021

15:16:43 INFO  : Result from executing command 'getProjects': dma_test_2
15:16:43 INFO  : Result from executing command 'getPlatforms': 
15:17:15 INFO  : The hardware specfication used by project 'dma' is out of sync with the platform. Resource files extracted from the hardware specfiication will be updated.
15:17:17 INFO  : The file 'C:\Users\33651\Desktop\projet_ajc\dma_vitis\dma\_ide\bitstream\design_1_wrapper.bit' stored in project is removed.
15:17:17 INFO  : The updated bitstream files are copied from platform to folder 'C:\Users\33651\Desktop\projet_ajc\dma_vitis\dma\_ide\bitstream' in project 'dma'.
15:17:17 INFO  : The file 'C:\Users\33651\Desktop\projet_ajc\dma_vitis\dma\_ide\psinit\ps7_init.tcl' stored in project is removed.
15:17:21 INFO  : The updated ps init files are copied from platform to folder 'C:\Users\33651\Desktop\projet_ajc\dma_vitis\dma\_ide\psinit' in project 'dma'.
15:18:03 INFO  : Result from executing command 'getProjects': dma_test_2
15:18:03 INFO  : Result from executing command 'getPlatforms': dma_test_2|C:/Users/33651/Desktop/projet_ajc/dma_vitis/dma_test_2/export/dma_test_2/dma_test_2.xpfm
15:18:04 INFO  : Checking for BSP changes to sync application flags for project 'dma'...
15:18:04 INFO  : Updating application flags with new BSP settings...
15:18:04 INFO  : Successfully updated application flags for project dma.
15:18:39 INFO  : Connected to target on host '127.0.0.1' and port '3121'.
15:18:39 INFO  : Jtag cable 'Digilent Cora Z7 - 7010 210370AD525DA' is selected.
15:18:39 INFO  : 'jtag frequency' command is executed.
15:18:39 INFO  : Context for 'APU' is selected.
15:18:39 ERROR : Cannot reset APU. AP transaction error, DAP status 0xF0000021
15:18:39 INFO  : ----------------XSDB Script----------------
connect -url tcp:127.0.0.1:3121
targets -set -nocase -filter {name =~"APU*"}
rst -system
after 3000
----------------End of Script----------------

15:18:39 ERROR : Cannot reset APU. AP transaction error, DAP status 0xF0000021
15:21:17 ERROR : (XSDB Server)AP transaction error, DAP status 0xF0000021

15:24:01 INFO  : Checking for BSP changes to sync application flags for project 'dma'...
15:24:25 INFO  : Connected to target on host '127.0.0.1' and port '3121'.
15:24:25 INFO  : Jtag cable 'Digilent Cora Z7 - 7010 210370AD525DA' is selected.
15:24:25 INFO  : 'jtag frequency' command is executed.
15:24:25 INFO  : Context for 'APU' is selected.
15:24:25 ERROR : Cannot reset APU. AP transaction error, DAP status 0xF0000021
15:24:25 INFO  : ----------------XSDB Script----------------
connect -url tcp:127.0.0.1:3121
targets -set -nocase -filter {name =~"APU*"}
rst -system
after 3000
----------------End of Script----------------

15:24:25 ERROR : Cannot reset APU. AP transaction error, DAP status 0xF0000021
15:25:07 ERROR : (XSDB Server)bad option '-short': -help -server

15:25:15 ERROR : (XSDB Server)wrong # args: should be "source ?-encoding name? fileName"

15:25:56 ERROR : (XSDB Server)Memory write error at 0x1000000. AHB AP transaction error, DAP status 0xF0000021

15:27:58 ERROR : (XSDB Server)Memory write error at 0x1000000. AHB AP transaction error, DAP status 0xF0000021

15:28:42 INFO  : Connected to target on host '127.0.0.1' and port '3121'.
15:28:42 INFO  : Jtag cable 'Digilent Cora Z7 - 7010 210370AD525DA' is selected.
15:28:42 INFO  : 'jtag frequency' command is executed.
15:28:42 INFO  : Context for 'APU' is selected.
15:28:42 INFO  : System reset is completed.
15:28:45 INFO  : 'after 3000' command is executed.
15:28:45 INFO  : 'targets -set -filter {jtag_cable_name =~ "Digilent Cora Z7 - 7010 210370AD525DA" && level==0 && jtag_device_ctx=="jsn-Cora Z7 - 7010-210370AD525DA-13722093-0"}' command is executed.
15:28:46 INFO  : Device configured successfully with "C:/Users/33651/Desktop/projet_ajc/dma_vitis/dma/_ide/bitstream/design_1_wrapper.bit"
15:28:46 INFO  : Context for 'APU' is selected.
15:28:46 INFO  : Hardware design and registers information is loaded from 'C:/Users/33651/Desktop/projet_ajc/dma_vitis/dma_test_2/export/dma_test_2/hw/design_1_wrapper.xsa'.
15:28:46 INFO  : 'configparams force-mem-access 1' command is executed.
15:28:46 INFO  : Context for 'APU' is selected.
15:28:46 INFO  : Sourcing of 'C:/Users/33651/Desktop/projet_ajc/dma_vitis/dma/_ide/psinit/ps7_init.tcl' is done.
15:28:47 INFO  : 'ps7_init' command is executed.
15:28:47 INFO  : 'ps7_post_config' command is executed.
15:28:47 INFO  : Context for processor 'ps7_cortexa9_0' is selected.
15:28:47 INFO  : The application 'C:/Users/33651/Desktop/projet_ajc/dma_vitis/dma/Debug/dma.elf' is downloaded to processor 'ps7_cortexa9_0'.
15:28:47 INFO  : 'configparams force-mem-access 0' command is executed.
15:28:47 INFO  : ----------------XSDB Script----------------
connect -url tcp:127.0.0.1:3121
targets -set -nocase -filter {name =~"APU*"}
rst -system
after 3000
targets -set -filter {jtag_cable_name =~ "Digilent Cora Z7 - 7010 210370AD525DA" && level==0 && jtag_device_ctx=="jsn-Cora Z7 - 7010-210370AD525DA-13722093-0"}
fpga -file C:/Users/33651/Desktop/projet_ajc/dma_vitis/dma/_ide/bitstream/design_1_wrapper.bit
targets -set -nocase -filter {name =~"APU*"}
loadhw -hw C:/Users/33651/Desktop/projet_ajc/dma_vitis/dma_test_2/export/dma_test_2/hw/design_1_wrapper.xsa -mem-ranges [list {0x40000000 0xbfffffff}] -regs
configparams force-mem-access 1
targets -set -nocase -filter {name =~"APU*"}
source C:/Users/33651/Desktop/projet_ajc/dma_vitis/dma/_ide/psinit/ps7_init.tcl
ps7_init
ps7_post_config
targets -set -nocase -filter {name =~ "*A9*#0"}
dow C:/Users/33651/Desktop/projet_ajc/dma_vitis/dma/Debug/dma.elf
configparams force-mem-access 0
----------------End of Script----------------

15:28:47 INFO  : Context for processor 'ps7_cortexa9_0' is selected.
15:28:47 INFO  : 'con' command is executed.
15:28:47 INFO  : ----------------XSDB Script (After Launch)----------------
targets -set -nocase -filter {name =~ "*A9*#0"}
con
----------------End of Script----------------

15:28:47 INFO  : Launch script is exported to file 'C:\Users\33651\Desktop\projet_ajc\dma_vitis\dma_system\_ide\scripts\systemdebugger_dma_system_standalone.tcl'
18:08:14 INFO  : Disconnected from the channel tcfchan#3.
15:07:09 INFO  : Launching XSCT server: xsct.bat -n  -interactive C:\Users\33651\Desktop\projet_ajc\dma_vitis\temp_xsdb_launch_script.tcl
15:07:14 INFO  : XSCT server has started successfully.
15:07:14 INFO  : plnx-install-location is set to ''
15:07:14 INFO  : Successfully done setting XSCT server connection channel  
15:07:14 INFO  : Successfully done setting workspace for the tool. 
15:07:21 INFO  : Platform repository initialization has completed.
15:07:22 INFO  : Registering command handlers for Vitis TCF services
15:07:30 INFO  : Successfully done query RDI_DATADIR 
15:14:15 INFO  : Result from executing command 'getProjects': dma_test_2;dma_test_3
15:14:16 INFO  : Result from executing command 'getPlatforms': dma_test_2|C:/Users/33651/Desktop/projet_ajc/dma_vitis/dma_test_2/export/dma_test_2/dma_test_2.xpfm
15:14:42 INFO  : The hardware specfication used by project 'dma' is out of sync with the platform. Resource files extracted from the hardware specfiication will be updated.
15:14:43 INFO  : The file 'C:\Users\33651\Desktop\projet_ajc\dma_vitis\dma\_ide\bitstream\design_1_wrapper.bit' stored in project is removed.
15:14:43 INFO  : The updated bitstream files are copied from platform to folder 'C:\Users\33651\Desktop\projet_ajc\dma_vitis\dma\_ide\bitstream' in project 'dma'.
15:14:43 INFO  : The file 'C:\Users\33651\Desktop\projet_ajc\dma_vitis\dma\_ide\psinit\ps7_init.tcl' stored in project is removed.
15:14:47 INFO  : The updated ps init files are copied from platform to folder 'C:\Users\33651\Desktop\projet_ajc\dma_vitis\dma\_ide\psinit' in project 'dma'.
15:15:10 INFO  : Result from executing command 'getProjects': dma_test_3
15:15:10 INFO  : Result from executing command 'getPlatforms': dma_test_2|C:/Users/33651/Desktop/projet_ajc/dma_vitis/dma_test_2/export/dma_test_2/dma_test_2.xpfm;dma_test_3|C:/Users/33651/Desktop/projet_ajc/dma_vitis/dma_test_3/export/dma_test_3/dma_test_3.xpfm
15:16:52 ERROR : (XSDB Server)bad option '-systems': -processor -cores -dap -system -srst -por -ps -type -jtag-timeout -timeout -stop -start -endianness -code-endianness -isa -clear-registers -skip-activate-subsystem -help

15:16:57 ERROR : (XSDB Server)Invalid target. Use "targets" command to select a target

15:17:07 ERROR : (XSDB Server)Invalid target. Use "targets" command to select a target

15:17:28 ERROR : (XSDB Server)invalid command name "ps7_init"

15:21:05 ERROR : (XSDB Server)invalid command name "create_project"

15:21:15 ERROR : (XSDB Server)Invalid target. Use "targets" command to select a target

15:21:31 ERROR : (XSDB Server)Invalid target. Use "targets" command to select a target

15:22:08 ERROR : (XSDB Server)invalid command name "create_project"

15:22:46 INFO  : Connected to target on host '127.0.0.1' and port '3121'.
15:22:46 WARN  : IDE version '2020.2' doesn't match hw_server version '2023.2'. Some debug features may not work.
15:22:51 INFO  : Jtag cable 'Digilent Cora Z7 - 7010 210370AD525DA' is selected.
15:22:51 INFO  : 'jtag frequency' command is executed.
15:22:51 INFO  : Context for 'APU' is selected.
15:22:51 INFO  : System reset is completed.
15:22:54 INFO  : 'after 3000' command is executed.
15:22:54 INFO  : 'targets -set -filter {jtag_cable_name =~ "Digilent Cora Z7 - 7010 210370AD525DA" && level==0 && jtag_device_ctx=="jsn-Cora Z7 - 7010-210370AD525DA-13722093-0"}' command is executed.
15:22:55 INFO  : Device configured successfully with "C:/Users/33651/Desktop/projet_ajc/dma_vitis/dma/_ide/bitstream/design_1_wrapper.bit"
15:22:55 INFO  : Context for 'APU' is selected.
15:22:55 INFO  : Hardware design and registers information is loaded from 'C:/Users/33651/Desktop/projet_ajc/dma_vitis/dma_test_3/export/dma_test_3/hw/design_1_wrapper.xsa'.
15:22:55 INFO  : 'configparams force-mem-access 1' command is executed.
15:22:55 INFO  : Context for 'APU' is selected.
15:22:55 INFO  : Sourcing of 'C:/Users/33651/Desktop/projet_ajc/dma_vitis/dma/_ide/psinit/ps7_init.tcl' is done.
15:22:56 INFO  : 'ps7_init' command is executed.
15:22:56 INFO  : 'ps7_post_config' command is executed.
15:22:56 INFO  : Context for processor 'ps7_cortexa9_0' is selected.
15:22:56 INFO  : The application 'C:/Users/33651/Desktop/projet_ajc/dma_vitis/dma/Debug/dma.elf' is downloaded to processor 'ps7_cortexa9_0'.
15:22:56 INFO  : 'configparams force-mem-access 0' command is executed.
15:22:56 INFO  : ----------------XSDB Script----------------
connect -url tcp:127.0.0.1:3121
targets -set -nocase -filter {name =~"APU*"}
rst -system
after 3000
targets -set -filter {jtag_cable_name =~ "Digilent Cora Z7 - 7010 210370AD525DA" && level==0 && jtag_device_ctx=="jsn-Cora Z7 - 7010-210370AD525DA-13722093-0"}
fpga -file C:/Users/33651/Desktop/projet_ajc/dma_vitis/dma/_ide/bitstream/design_1_wrapper.bit
targets -set -nocase -filter {name =~"APU*"}
loadhw -hw C:/Users/33651/Desktop/projet_ajc/dma_vitis/dma_test_3/export/dma_test_3/hw/design_1_wrapper.xsa -mem-ranges [list {0x40000000 0xbfffffff}] -regs
configparams force-mem-access 1
targets -set -nocase -filter {name =~"APU*"}
source C:/Users/33651/Desktop/projet_ajc/dma_vitis/dma/_ide/psinit/ps7_init.tcl
ps7_init
ps7_post_config
targets -set -nocase -filter {name =~ "*A9*#0"}
dow C:/Users/33651/Desktop/projet_ajc/dma_vitis/dma/Debug/dma.elf
configparams force-mem-access 0
----------------End of Script----------------

15:22:56 INFO  : Context for processor 'ps7_cortexa9_0' is selected.
15:22:56 INFO  : 'con' command is executed.
15:22:56 INFO  : ----------------XSDB Script (After Launch)----------------
targets -set -nocase -filter {name =~ "*A9*#0"}
con
----------------End of Script----------------

15:22:56 INFO  : Launch script is exported to file 'C:\Users\33651\Desktop\projet_ajc\dma_vitis\dma_system\_ide\scripts\systemdebugger_dma_system_standalone.tcl'
15:23:16 ERROR : (XSDB Server)invalid command name "create_project"

15:51:17 INFO  : Result from executing command 'getProjects': dma_test_3;dma_test_4
15:51:17 INFO  : Result from executing command 'getPlatforms': dma_test_2|C:/Users/33651/Desktop/projet_ajc/dma_vitis/dma_test_2/export/dma_test_2/dma_test_2.xpfm;dma_test_3|C:/Users/33651/Desktop/projet_ajc/dma_vitis/dma_test_3/export/dma_test_3/dma_test_3.xpfm
15:51:58 INFO  : The hardware specfication used by project 'dma' is out of sync with the platform. Resource files extracted from the hardware specfiication will be updated.
15:52:00 INFO  : The file 'C:\Users\33651\Desktop\projet_ajc\dma_vitis\dma\_ide\bitstream\design_1_wrapper.bit' stored in project is removed.
15:52:00 INFO  : The updated bitstream files are copied from platform to folder 'C:\Users\33651\Desktop\projet_ajc\dma_vitis\dma\_ide\bitstream' in project 'dma'.
15:52:00 INFO  : The file 'C:\Users\33651\Desktop\projet_ajc\dma_vitis\dma\_ide\psinit\ps7_init.tcl' stored in project is removed.
15:52:04 INFO  : The updated ps init files are copied from platform to folder 'C:\Users\33651\Desktop\projet_ajc\dma_vitis\dma\_ide\psinit' in project 'dma'.
15:52:34 INFO  : Result from executing command 'getProjects': dma_test_3;dma_test_4
15:52:34 INFO  : Result from executing command 'getPlatforms': dma_test_2|C:/Users/33651/Desktop/projet_ajc/dma_vitis/dma_test_2/export/dma_test_2/dma_test_2.xpfm;dma_test_3|C:/Users/33651/Desktop/projet_ajc/dma_vitis/dma_test_3/export/dma_test_3/dma_test_3.xpfm;dma_test_4|C:/Users/33651/Desktop/projet_ajc/dma_vitis/dma_test_4/export/dma_test_4/dma_test_4.xpfm
15:54:32 INFO  : Disconnected from the channel tcfchan#2.
15:54:33 INFO  : Connected to target on host '127.0.0.1' and port '3121'.
15:54:33 WARN  : IDE version '2020.2' doesn't match hw_server version '2023.2'. Some debug features may not work.
15:54:36 INFO  : Jtag cable 'Digilent Cora Z7 - 7010 210370AD525DA' is selected.
15:54:36 INFO  : 'jtag frequency' command is executed.
15:54:36 INFO  : Context for 'APU' is selected.
15:54:36 INFO  : System reset is completed.
15:54:39 INFO  : 'after 3000' command is executed.
15:54:40 INFO  : 'targets -set -filter {jtag_cable_name =~ "Digilent Cora Z7 - 7010 210370AD525DA" && level==0 && jtag_device_ctx=="jsn-Cora Z7 - 7010-210370AD525DA-13722093-0"}' command is executed.
15:54:41 INFO  : Device configured successfully with "C:/Users/33651/Desktop/projet_ajc/dma_vitis/dma/_ide/bitstream/design_1_wrapper.bit"
15:54:41 INFO  : Context for 'APU' is selected.
15:54:41 INFO  : Hardware design and registers information is loaded from 'C:/Users/33651/Desktop/projet_ajc/dma_vitis/dma_test_4/export/dma_test_4/hw/design_1_wrapper.xsa'.
15:54:41 INFO  : 'configparams force-mem-access 1' command is executed.
15:54:41 INFO  : Context for 'APU' is selected.
15:54:41 INFO  : Sourcing of 'C:/Users/33651/Desktop/projet_ajc/dma_vitis/dma/_ide/psinit/ps7_init.tcl' is done.
15:54:41 INFO  : 'ps7_init' command is executed.
15:54:41 INFO  : 'ps7_post_config' command is executed.
15:54:41 INFO  : Context for processor 'ps7_cortexa9_0' is selected.
15:54:43 ERROR : Memory write error at 0x100000. Cannot flush CPU cache. APB AP transaction error, DAP status 0xF0000021
15:54:43 INFO  : ----------------XSDB Script----------------
connect -url tcp:127.0.0.1:3121
targets -set -nocase -filter {name =~"APU*"}
rst -system
after 3000
targets -set -filter {jtag_cable_name =~ "Digilent Cora Z7 - 7010 210370AD525DA" && level==0 && jtag_device_ctx=="jsn-Cora Z7 - 7010-210370AD525DA-13722093-0"}
fpga -file C:/Users/33651/Desktop/projet_ajc/dma_vitis/dma/_ide/bitstream/design_1_wrapper.bit
targets -set -nocase -filter {name =~"APU*"}
loadhw -hw C:/Users/33651/Desktop/projet_ajc/dma_vitis/dma_test_4/export/dma_test_4/hw/design_1_wrapper.xsa -mem-ranges [list {0x40000000 0xbfffffff}] -regs
configparams force-mem-access 1
targets -set -nocase -filter {name =~"APU*"}
source C:/Users/33651/Desktop/projet_ajc/dma_vitis/dma/_ide/psinit/ps7_init.tcl
ps7_init
ps7_post_config
targets -set -nocase -filter {name =~ "*A9*#0"}
dow C:/Users/33651/Desktop/projet_ajc/dma_vitis/dma/Debug/dma.elf
----------------End of Script----------------

15:54:43 ERROR : Memory write error at 0x100000. Cannot flush CPU cache. APB AP transaction error, DAP status 0xF0000021
15:54:47 ERROR : (XSDB Server)APB AP transaction error, DAP status 0xF0000021

15:54:58 ERROR : (XSDB Server)APB AP transaction error, DAP status 0xF0000021

15:55:19 INFO  : Connected to target on host '127.0.0.1' and port '3121'.
15:55:19 WARN  : IDE version '2020.2' doesn't match hw_server version '2023.2'. Some debug features may not work.
15:55:21 INFO  : Jtag cable 'Digilent Cora Z7 - 7010 210370AD525DA' is selected.
15:55:21 INFO  : 'jtag frequency' command is executed.
15:55:21 INFO  : Context for 'APU' is selected.
15:55:21 INFO  : System reset is completed.
15:55:24 INFO  : 'after 3000' command is executed.
15:55:25 INFO  : 'targets -set -filter {jtag_cable_name =~ "Digilent Cora Z7 - 7010 210370AD525DA" && level==0 && jtag_device_ctx=="jsn-Cora Z7 - 7010-210370AD525DA-13722093-0"}' command is executed.
15:55:26 INFO  : Device configured successfully with "C:/Users/33651/Desktop/projet_ajc/dma_vitis/dma/_ide/bitstream/design_1_wrapper.bit"
15:55:26 INFO  : Context for 'APU' is selected.
15:55:26 INFO  : Hardware design and registers information is loaded from 'C:/Users/33651/Desktop/projet_ajc/dma_vitis/dma_test_4/export/dma_test_4/hw/design_1_wrapper.xsa'.
15:55:26 INFO  : 'configparams force-mem-access 1' command is executed.
15:55:26 INFO  : Context for 'APU' is selected.
15:55:26 INFO  : Sourcing of 'C:/Users/33651/Desktop/projet_ajc/dma_vitis/dma/_ide/psinit/ps7_init.tcl' is done.
15:55:26 INFO  : 'ps7_init' command is executed.
15:55:26 INFO  : 'ps7_post_config' command is executed.
15:55:26 INFO  : Context for processor 'ps7_cortexa9_0' is selected.
15:55:29 ERROR : Memory write error at 0x100000. Cannot flush CPU cache. APB AP transaction error, DAP status 0xF0000021
15:55:29 INFO  : ----------------XSDB Script----------------
connect -url tcp:127.0.0.1:3121
targets -set -nocase -filter {name =~"APU*"}
rst -system
after 3000
targets -set -filter {jtag_cable_name =~ "Digilent Cora Z7 - 7010 210370AD525DA" && level==0 && jtag_device_ctx=="jsn-Cora Z7 - 7010-210370AD525DA-13722093-0"}
fpga -file C:/Users/33651/Desktop/projet_ajc/dma_vitis/dma/_ide/bitstream/design_1_wrapper.bit
targets -set -nocase -filter {name =~"APU*"}
loadhw -hw C:/Users/33651/Desktop/projet_ajc/dma_vitis/dma_test_4/export/dma_test_4/hw/design_1_wrapper.xsa -mem-ranges [list {0x40000000 0xbfffffff}] -regs
configparams force-mem-access 1
targets -set -nocase -filter {name =~"APU*"}
source C:/Users/33651/Desktop/projet_ajc/dma_vitis/dma/_ide/psinit/ps7_init.tcl
ps7_init
ps7_post_config
targets -set -nocase -filter {name =~ "*A9*#0"}
dow C:/Users/33651/Desktop/projet_ajc/dma_vitis/dma/Debug/dma.elf
----------------End of Script----------------

15:55:29 ERROR : Memory write error at 0x100000. Cannot flush CPU cache. APB AP transaction error, DAP status 0xF0000021
15:55:39 ERROR : (XSDB Server)Cannot reset APU. APB AP transaction error, DAP status 0xF0000021

15:55:41 ERROR : (XSDB Server)APB AP transaction error, DAP status 0xF0000021

15:55:55 INFO  : The hardware specfication used by project 'dma' is out of sync with the platform. Resource files extracted from the hardware specfiication will be updated.
15:55:55 INFO  : The file 'C:\Users\33651\Desktop\projet_ajc\dma_vitis\dma\_ide\bitstream\design_1_wrapper.bit' stored in project is removed.
15:55:55 INFO  : The updated bitstream files are copied from platform to folder 'C:\Users\33651\Desktop\projet_ajc\dma_vitis\dma\_ide\bitstream' in project 'dma'.
15:55:55 INFO  : The file 'C:\Users\33651\Desktop\projet_ajc\dma_vitis\dma\_ide\psinit\ps7_init.tcl' stored in project is removed.
15:56:01 INFO  : The updated ps init files are copied from platform to folder 'C:\Users\33651\Desktop\projet_ajc\dma_vitis\dma\_ide\psinit' in project 'dma'.
15:56:09 INFO  : Connected to target on host '127.0.0.1' and port '3121'.
15:56:09 WARN  : IDE version '2020.2' doesn't match hw_server version '2023.2'. Some debug features may not work.
15:56:12 INFO  : Jtag cable 'Digilent Cora Z7 - 7010 210370AD525DA' is selected.
15:56:12 INFO  : 'jtag frequency' command is executed.
15:56:12 INFO  : Context for 'APU' is selected.
15:56:12 ERROR : Cannot reset APU. APB AP transaction error, DAP status 0xF0000021
15:56:12 INFO  : ----------------XSDB Script----------------
connect -url tcp:127.0.0.1:3121
targets -set -nocase -filter {name =~"APU*"}
rst -system
after 3000
----------------End of Script----------------

15:56:12 ERROR : Cannot reset APU. APB AP transaction error, DAP status 0xF0000021
16:48:18 ERROR : An unexpected exception occurred in the module 'reading platform'
16:49:19 INFO  : Result from executing command 'getProjects': dma_test_3;dma_test_5
16:49:19 INFO  : Result from executing command 'getPlatforms': dma_test_2|C:/Users/33651/Desktop/projet_ajc/dma_vitis/dma_test_2/export/dma_test_2/dma_test_2.xpfm;dma_test_3|C:/Users/33651/Desktop/projet_ajc/dma_vitis/dma_test_3/export/dma_test_3/dma_test_3.xpfm
16:49:49 INFO  : The hardware specfication used by project 'dma' is out of sync with the platform. Resource files extracted from the hardware specfiication will be updated.
16:49:50 INFO  : The file 'C:\Users\33651\Desktop\projet_ajc\dma_vitis\dma\_ide\bitstream\design_1_wrapper.bit' stored in project is removed.
16:49:50 INFO  : The updated bitstream files are copied from platform to folder 'C:\Users\33651\Desktop\projet_ajc\dma_vitis\dma\_ide\bitstream' in project 'dma'.
16:49:50 INFO  : The file 'C:\Users\33651\Desktop\projet_ajc\dma_vitis\dma\_ide\psinit\ps7_init.tcl' stored in project is removed.
16:49:54 INFO  : The updated ps init files are copied from platform to folder 'C:\Users\33651\Desktop\projet_ajc\dma_vitis\dma\_ide\psinit' in project 'dma'.
16:50:25 INFO  : Result from executing command 'getProjects': dma_test_3;dma_test_5
16:50:25 INFO  : Result from executing command 'getPlatforms': dma_test_2|C:/Users/33651/Desktop/projet_ajc/dma_vitis/dma_test_2/export/dma_test_2/dma_test_2.xpfm;dma_test_3|C:/Users/33651/Desktop/projet_ajc/dma_vitis/dma_test_3/export/dma_test_3/dma_test_3.xpfm;dma_test_5|C:/Users/33651/Desktop/projet_ajc/dma_vitis/dma_test_5/export/dma_test_5/dma_test_5.xpfm
16:50:41 INFO  : Connected to target on host '127.0.0.1' and port '3121'.
16:50:42 WARN  : IDE version '2020.2' doesn't match hw_server version '2023.2'. Some debug features may not work.
16:50:42 INFO  : Jtag cable 'Digilent Cora Z7 - 7010 210370AD525DA' is selected.
16:50:42 INFO  : 'jtag frequency' command is executed.
16:50:42 INFO  : Context for 'APU' is selected.
16:50:42 ERROR : Cannot reset APU. APB AP transaction error, DAP status 0xF0000021
16:50:42 INFO  : ----------------XSDB Script----------------
connect -url tcp:127.0.0.1:3121
targets -set -nocase -filter {name =~"APU*"}
rst -system
after 3000
----------------End of Script----------------

16:50:42 ERROR : Cannot reset APU. APB AP transaction error, DAP status 0xF0000021
16:51:07 INFO  : Connected to target on host '127.0.0.1' and port '3121'.
16:51:07 WARN  : IDE version '2020.2' doesn't match hw_server version '2023.2'. Some debug features may not work.
16:51:07 INFO  : Jtag cable 'Digilent Cora Z7 - 7010 210370AD525DA' is selected.
16:51:07 INFO  : 'jtag frequency' command is executed.
16:51:07 INFO  : Context for 'APU' is selected.
16:51:07 ERROR : Cannot reset APU. APB AP transaction error, DAP status 0xF0000021
16:51:07 INFO  : ----------------XSDB Script----------------
connect -url tcp:127.0.0.1:3121
targets -set -nocase -filter {name =~"APU*"}
rst -system
after 3000
----------------End of Script----------------

16:51:07 ERROR : Cannot reset APU. APB AP transaction error, DAP status 0xF0000021
16:53:30 INFO  : Connected to target on host '127.0.0.1' and port '3121'.
16:53:30 WARN  : IDE version '2020.2' doesn't match hw_server version '2023.2'. Some debug features may not work.
16:53:31 INFO  : Jtag cable 'Digilent Cora Z7 - 7010 210370AD525DA' is selected.
16:53:31 INFO  : 'jtag frequency' command is executed.
16:53:31 INFO  : Context for 'APU' is selected.
16:53:31 INFO  : System reset is completed.
16:53:34 INFO  : 'after 3000' command is executed.
16:53:35 INFO  : 'targets -set -filter {jtag_cable_name =~ "Digilent Cora Z7 - 7010 210370AD525DA" && level==0 && jtag_device_ctx=="jsn-Cora Z7 - 7010-210370AD525DA-13722093-0"}' command is executed.
16:53:36 INFO  : Device configured successfully with "C:/Users/33651/Desktop/projet_ajc/dma_vitis/dma/_ide/bitstream/design_1_wrapper.bit"
16:53:36 INFO  : Context for 'APU' is selected.
16:53:36 INFO  : Hardware design and registers information is loaded from 'C:/Users/33651/Desktop/projet_ajc/dma_vitis/dma_test_5/export/dma_test_5/hw/design_1_wrapper.xsa'.
16:53:36 INFO  : 'configparams force-mem-access 1' command is executed.
16:53:36 INFO  : Context for 'APU' is selected.
16:53:36 INFO  : Sourcing of 'C:/Users/33651/Desktop/projet_ajc/dma_vitis/dma/_ide/psinit/ps7_init.tcl' is done.
16:53:37 INFO  : 'ps7_init' command is executed.
16:53:37 INFO  : 'ps7_post_config' command is executed.
16:53:37 INFO  : Context for processor 'ps7_cortexa9_0' is selected.
16:53:37 INFO  : The application 'C:/Users/33651/Desktop/projet_ajc/dma_vitis/dma/Debug/dma.elf' is downloaded to processor 'ps7_cortexa9_0'.
16:53:37 INFO  : 'configparams force-mem-access 0' command is executed.
16:53:37 INFO  : ----------------XSDB Script----------------
connect -url tcp:127.0.0.1:3121
targets -set -nocase -filter {name =~"APU*"}
rst -system
after 3000
targets -set -filter {jtag_cable_name =~ "Digilent Cora Z7 - 7010 210370AD525DA" && level==0 && jtag_device_ctx=="jsn-Cora Z7 - 7010-210370AD525DA-13722093-0"}
fpga -file C:/Users/33651/Desktop/projet_ajc/dma_vitis/dma/_ide/bitstream/design_1_wrapper.bit
targets -set -nocase -filter {name =~"APU*"}
loadhw -hw C:/Users/33651/Desktop/projet_ajc/dma_vitis/dma_test_5/export/dma_test_5/hw/design_1_wrapper.xsa -mem-ranges [list {0x40000000 0xbfffffff}] -regs
configparams force-mem-access 1
targets -set -nocase -filter {name =~"APU*"}
source C:/Users/33651/Desktop/projet_ajc/dma_vitis/dma/_ide/psinit/ps7_init.tcl
ps7_init
ps7_post_config
targets -set -nocase -filter {name =~ "*A9*#0"}
dow C:/Users/33651/Desktop/projet_ajc/dma_vitis/dma/Debug/dma.elf
configparams force-mem-access 0
----------------End of Script----------------

16:53:37 INFO  : Context for processor 'ps7_cortexa9_0' is selected.
16:53:37 INFO  : 'con' command is executed.
16:53:37 INFO  : ----------------XSDB Script (After Launch)----------------
targets -set -nocase -filter {name =~ "*A9*#0"}
con
----------------End of Script----------------

16:53:37 INFO  : Launch script is exported to file 'C:\Users\33651\Desktop\projet_ajc\dma_vitis\dma_system\_ide\scripts\systemdebugger_dma_system_standalone.tcl'
00:15:00 INFO  : Launching XSCT server: xsct.bat -n  -interactive C:\Users\33651\Desktop\projet_ajc\dma_vitis\temp_xsdb_launch_script.tcl
16:37:33 INFO  : Launching XSCT server: xsct.bat -n  -interactive C:\Users\33651\Desktop\projet_ajc\dma_vitis\temp_xsdb_launch_script.tcl
16:37:37 INFO  : XSCT server has started successfully.
16:37:37 INFO  : plnx-install-location is set to ''
16:37:37 INFO  : Successfully done setting XSCT server connection channel  
16:37:37 INFO  : Successfully done setting workspace for the tool. 
16:37:40 INFO  : Platform repository initialization has completed.
16:37:43 INFO  : Registering command handlers for Vitis TCF services
16:37:48 INFO  : Successfully done query RDI_DATADIR 
17:04:18 INFO  : Result from executing command 'getProjects': dma_test_3;dma_test_5;dma_test_6
17:04:18 INFO  : Result from executing command 'getPlatforms': dma_test_2|C:/Users/33651/Desktop/projet_ajc/dma_vitis/dma_test_2/export/dma_test_2/dma_test_2.xpfm;dma_test_3|C:/Users/33651/Desktop/projet_ajc/dma_vitis/dma_test_3/export/dma_test_3/dma_test_3.xpfm;dma_test_5|C:/Users/33651/Desktop/projet_ajc/dma_vitis/dma_test_5/export/dma_test_5/dma_test_5.xpfm
17:04:33 INFO  : The hardware specfication used by project 'dma' is out of sync with the platform. Resource files extracted from the hardware specfiication will be updated.
17:04:34 INFO  : The file 'C:\Users\33651\Desktop\projet_ajc\dma_vitis\dma\_ide\bitstream\design_1_wrapper.bit' stored in project is removed.
17:04:34 INFO  : The updated bitstream files are copied from platform to folder 'C:\Users\33651\Desktop\projet_ajc\dma_vitis\dma\_ide\bitstream' in project 'dma'.
17:04:34 INFO  : The file 'C:\Users\33651\Desktop\projet_ajc\dma_vitis\dma\_ide\psinit\ps7_init.tcl' stored in project is removed.
17:04:39 INFO  : The updated ps init files are copied from platform to folder 'C:\Users\33651\Desktop\projet_ajc\dma_vitis\dma\_ide\psinit' in project 'dma'.
17:05:53 INFO  : Result from executing command 'getProjects': dma_test_3;dma_test_5;dma_test_6
17:05:53 INFO  : Result from executing command 'getPlatforms': dma_test_2|C:/Users/33651/Desktop/projet_ajc/dma_vitis/dma_test_2/export/dma_test_2/dma_test_2.xpfm;dma_test_3|C:/Users/33651/Desktop/projet_ajc/dma_vitis/dma_test_3/export/dma_test_3/dma_test_3.xpfm;dma_test_5|C:/Users/33651/Desktop/projet_ajc/dma_vitis/dma_test_5/export/dma_test_5/dma_test_5.xpfm;dma_test_6|C:/Users/33651/Desktop/projet_ajc/dma_vitis/dma_test_6/export/dma_test_6/dma_test_6.xpfm
17:06:12 INFO  : Connected to target on host '127.0.0.1' and port '3121'.
17:06:14 INFO  : Jtag cable 'Digilent Cora Z7 - 7010 210370AD525DA' is selected.
17:06:14 INFO  : 'jtag frequency' command is executed.
17:06:15 INFO  : Context for 'APU' is selected.
17:06:15 INFO  : System reset is completed.
17:06:18 INFO  : 'after 3000' command is executed.
17:06:19 INFO  : 'targets -set -filter {jtag_cable_name =~ "Digilent Cora Z7 - 7010 210370AD525DA" && level==0 && jtag_device_ctx=="jsn-Cora Z7 - 7010-210370AD525DA-13722093-0"}' command is executed.
17:06:20 INFO  : Device configured successfully with "C:/Users/33651/Desktop/projet_ajc/dma_vitis/dma/_ide/bitstream/design_1_wrapper.bit"
17:06:21 INFO  : Context for 'APU' is selected.
17:06:21 INFO  : Hardware design and registers information is loaded from 'C:/Users/33651/Desktop/projet_ajc/dma_vitis/dma_test_6/export/dma_test_6/hw/design_1_wrapper.xsa'.
17:06:21 INFO  : 'configparams force-mem-access 1' command is executed.
17:06:22 INFO  : Context for 'APU' is selected.
17:06:22 INFO  : Sourcing of 'C:/Users/33651/Desktop/projet_ajc/dma_vitis/dma/_ide/psinit/ps7_init.tcl' is done.
17:06:23 INFO  : 'ps7_init' command is executed.
17:06:23 INFO  : 'ps7_post_config' command is executed.
17:06:23 INFO  : Context for processor 'ps7_cortexa9_0' is selected.
17:06:23 INFO  : The application 'C:/Users/33651/Desktop/projet_ajc/dma_vitis/dma/Debug/dma.elf' is downloaded to processor 'ps7_cortexa9_0'.
17:06:23 INFO  : 'configparams force-mem-access 0' command is executed.
17:06:23 INFO  : ----------------XSDB Script----------------
connect -url tcp:127.0.0.1:3121
targets -set -nocase -filter {name =~"APU*"}
rst -system
after 3000
targets -set -filter {jtag_cable_name =~ "Digilent Cora Z7 - 7010 210370AD525DA" && level==0 && jtag_device_ctx=="jsn-Cora Z7 - 7010-210370AD525DA-13722093-0"}
fpga -file C:/Users/33651/Desktop/projet_ajc/dma_vitis/dma/_ide/bitstream/design_1_wrapper.bit
targets -set -nocase -filter {name =~"APU*"}
loadhw -hw C:/Users/33651/Desktop/projet_ajc/dma_vitis/dma_test_6/export/dma_test_6/hw/design_1_wrapper.xsa -mem-ranges [list {0x40000000 0xbfffffff}] -regs
configparams force-mem-access 1
targets -set -nocase -filter {name =~"APU*"}
source C:/Users/33651/Desktop/projet_ajc/dma_vitis/dma/_ide/psinit/ps7_init.tcl
ps7_init
ps7_post_config
targets -set -nocase -filter {name =~ "*A9*#0"}
dow C:/Users/33651/Desktop/projet_ajc/dma_vitis/dma/Debug/dma.elf
configparams force-mem-access 0
----------------End of Script----------------

17:06:23 INFO  : Context for processor 'ps7_cortexa9_0' is selected.
17:06:23 INFO  : 'con' command is executed.
17:06:23 INFO  : ----------------XSDB Script (After Launch)----------------
targets -set -nocase -filter {name =~ "*A9*#0"}
con
----------------End of Script----------------

17:06:23 INFO  : Launch script is exported to file 'C:\Users\33651\Desktop\projet_ajc\dma_vitis\dma_system\_ide\scripts\systemdebugger_dma_system_standalone.tcl'
17:07:42 ERROR : (XSDB Server)Memory write error at 0x30000. Blocked address 0x00030000. OCM is not enabled at 0x00030000. Invalid address

17:07:58 ERROR : (XSDB Server)AP transaction error, DAP status 0xF0000021

17:08:04 ERROR : (XSDB Server)Already running

17:08:04 ERROR : (XSDB Server)invalid command name "^"

17:08:06 ERROR : (XSDB Server)AP transaction error, DAP status 0xF0000021

17:08:16 INFO  : Disconnected from the channel tcfchan#2.
17:08:16 INFO  : Connected to target on host '127.0.0.1' and port '3121'.
17:08:16 INFO  : Jtag cable 'Digilent Cora Z7 - 7010 210370AD525DA' is selected.
17:08:16 INFO  : 'jtag frequency' command is executed.
17:08:17 INFO  : Context for 'APU' is selected.
17:08:17 INFO  : System reset is completed.
17:08:20 INFO  : 'after 3000' command is executed.
17:08:21 INFO  : 'targets -set -filter {jtag_cable_name =~ "Digilent Cora Z7 - 7010 210370AD525DA" && level==0 && jtag_device_ctx=="jsn-Cora Z7 - 7010-210370AD525DA-13722093-0"}' command is executed.
17:08:22 INFO  : Device configured successfully with "C:/Users/33651/Desktop/projet_ajc/dma_vitis/dma/_ide/bitstream/design_1_wrapper.bit"
17:08:23 INFO  : Context for 'APU' is selected.
17:08:23 INFO  : Hardware design and registers information is loaded from 'C:/Users/33651/Desktop/projet_ajc/dma_vitis/dma_test_6/export/dma_test_6/hw/design_1_wrapper.xsa'.
17:08:23 INFO  : 'configparams force-mem-access 1' command is executed.
17:08:24 INFO  : Context for 'APU' is selected.
17:08:24 INFO  : Sourcing of 'C:/Users/33651/Desktop/projet_ajc/dma_vitis/dma/_ide/psinit/ps7_init.tcl' is done.
17:08:24 INFO  : 'ps7_init' command is executed.
17:08:24 INFO  : 'ps7_post_config' command is executed.
17:08:24 INFO  : Context for processor 'ps7_cortexa9_0' is selected.
17:08:24 INFO  : The application 'C:/Users/33651/Desktop/projet_ajc/dma_vitis/dma/Debug/dma.elf' is downloaded to processor 'ps7_cortexa9_0'.
17:08:24 INFO  : 'configparams force-mem-access 0' command is executed.
17:08:24 INFO  : ----------------XSDB Script----------------
connect -url tcp:127.0.0.1:3121
targets -set -nocase -filter {name =~"APU*"}
rst -system
after 3000
targets -set -filter {jtag_cable_name =~ "Digilent Cora Z7 - 7010 210370AD525DA" && level==0 && jtag_device_ctx=="jsn-Cora Z7 - 7010-210370AD525DA-13722093-0"}
fpga -file C:/Users/33651/Desktop/projet_ajc/dma_vitis/dma/_ide/bitstream/design_1_wrapper.bit
targets -set -nocase -filter {name =~"APU*"}
loadhw -hw C:/Users/33651/Desktop/projet_ajc/dma_vitis/dma_test_6/export/dma_test_6/hw/design_1_wrapper.xsa -mem-ranges [list {0x40000000 0xbfffffff}] -regs
configparams force-mem-access 1
targets -set -nocase -filter {name =~"APU*"}
source C:/Users/33651/Desktop/projet_ajc/dma_vitis/dma/_ide/psinit/ps7_init.tcl
ps7_init
ps7_post_config
targets -set -nocase -filter {name =~ "*A9*#0"}
dow C:/Users/33651/Desktop/projet_ajc/dma_vitis/dma/Debug/dma.elf
configparams force-mem-access 0
----------------End of Script----------------

17:08:24 INFO  : Context for processor 'ps7_cortexa9_0' is selected.
17:08:24 INFO  : 'con' command is executed.
17:08:24 INFO  : ----------------XSDB Script (After Launch)----------------
targets -set -nocase -filter {name =~ "*A9*#0"}
con
----------------End of Script----------------

17:08:24 INFO  : Launch script is exported to file 'C:\Users\33651\Desktop\projet_ajc\dma_vitis\dma_system\_ide\scripts\systemdebugger_dma_system_standalone.tcl'
17:08:48 ERROR : (XSDB Server)Memory write error at 0x43000000. Blocked address 0x43000000. Cannot access FPGA: Bitstream is not programmed

17:09:23 INFO  : Disconnected from the channel tcfchan#3.
17:09:23 INFO  : Connected to target on host '127.0.0.1' and port '3121'.
17:09:23 INFO  : Jtag cable 'Digilent Cora Z7 - 7010 210370AD525DA' is selected.
17:09:23 INFO  : 'jtag frequency' command is executed.
17:09:23 INFO  : Context for 'APU' is selected.
17:09:23 INFO  : System reset is completed.
17:09:26 INFO  : 'after 3000' command is executed.
17:09:26 INFO  : 'targets -set -filter {jtag_cable_name =~ "Digilent Cora Z7 - 7010 210370AD525DA" && level==0 && jtag_device_ctx=="jsn-Cora Z7 - 7010-210370AD525DA-13722093-0"}' command is executed.
17:09:27 INFO  : Device configured successfully with "C:/Users/33651/Desktop/projet_ajc/dma_vitis/dma/_ide/bitstream/design_1_wrapper.bit"
17:09:27 INFO  : Context for 'APU' is selected.
17:09:27 INFO  : Hardware design and registers information is loaded from 'C:/Users/33651/Desktop/projet_ajc/dma_vitis/dma_test_6/export/dma_test_6/hw/design_1_wrapper.xsa'.
17:09:27 INFO  : 'configparams force-mem-access 1' command is executed.
17:09:28 INFO  : Context for 'APU' is selected.
17:09:28 INFO  : Sourcing of 'C:/Users/33651/Desktop/projet_ajc/dma_vitis/dma/_ide/psinit/ps7_init.tcl' is done.
17:09:28 INFO  : 'ps7_init' command is executed.
17:09:28 INFO  : 'ps7_post_config' command is executed.
17:09:28 INFO  : Context for processor 'ps7_cortexa9_0' is selected.
17:09:28 INFO  : The application 'C:/Users/33651/Desktop/projet_ajc/dma_vitis/dma/Debug/dma.elf' is downloaded to processor 'ps7_cortexa9_0'.
17:09:28 INFO  : 'configparams force-mem-access 0' command is executed.
17:09:28 INFO  : ----------------XSDB Script----------------
connect -url tcp:127.0.0.1:3121
targets -set -nocase -filter {name =~"APU*"}
rst -system
after 3000
targets -set -filter {jtag_cable_name =~ "Digilent Cora Z7 - 7010 210370AD525DA" && level==0 && jtag_device_ctx=="jsn-Cora Z7 - 7010-210370AD525DA-13722093-0"}
fpga -file C:/Users/33651/Desktop/projet_ajc/dma_vitis/dma/_ide/bitstream/design_1_wrapper.bit
targets -set -nocase -filter {name =~"APU*"}
loadhw -hw C:/Users/33651/Desktop/projet_ajc/dma_vitis/dma_test_6/export/dma_test_6/hw/design_1_wrapper.xsa -mem-ranges [list {0x40000000 0xbfffffff}] -regs
configparams force-mem-access 1
targets -set -nocase -filter {name =~"APU*"}
source C:/Users/33651/Desktop/projet_ajc/dma_vitis/dma/_ide/psinit/ps7_init.tcl
ps7_init
ps7_post_config
targets -set -nocase -filter {name =~ "*A9*#0"}
dow C:/Users/33651/Desktop/projet_ajc/dma_vitis/dma/Debug/dma.elf
configparams force-mem-access 0
----------------End of Script----------------

17:09:28 INFO  : Context for processor 'ps7_cortexa9_0' is selected.
17:09:28 INFO  : 'con' command is executed.
17:09:28 INFO  : ----------------XSDB Script (After Launch)----------------
targets -set -nocase -filter {name =~ "*A9*#0"}
con
----------------End of Script----------------

17:09:28 INFO  : Launch script is exported to file 'C:\Users\33651\Desktop\projet_ajc\dma_vitis\dma_system\_ide\scripts\systemdebugger_dma_system_standalone.tcl'
17:09:55 INFO  : Disconnected from the channel tcfchan#4.
17:09:56 INFO  : Connected to target on host '127.0.0.1' and port '3121'.
17:09:56 INFO  : Jtag cable 'Digilent Cora Z7 - 7010 210370AD525DA' is selected.
17:09:56 INFO  : 'jtag frequency' command is executed.
17:09:56 INFO  : Context for 'APU' is selected.
17:09:56 INFO  : System reset is completed.
17:09:59 INFO  : 'after 3000' command is executed.
17:09:59 INFO  : 'targets -set -filter {jtag_cable_name =~ "Digilent Cora Z7 - 7010 210370AD525DA" && level==0 && jtag_device_ctx=="jsn-Cora Z7 - 7010-210370AD525DA-13722093-0"}' command is executed.
17:10:00 INFO  : Device configured successfully with "C:/Users/33651/Desktop/projet_ajc/dma_vitis/dma/_ide/bitstream/design_1_wrapper.bit"
17:10:00 INFO  : Context for 'APU' is selected.
17:10:00 INFO  : Hardware design and registers information is loaded from 'C:/Users/33651/Desktop/projet_ajc/dma_vitis/dma_test_6/export/dma_test_6/hw/design_1_wrapper.xsa'.
17:10:00 INFO  : 'configparams force-mem-access 1' command is executed.
17:10:00 INFO  : Context for 'APU' is selected.
17:10:00 INFO  : Sourcing of 'C:/Users/33651/Desktop/projet_ajc/dma_vitis/dma/_ide/psinit/ps7_init.tcl' is done.
17:10:00 INFO  : 'ps7_init' command is executed.
17:10:00 INFO  : 'ps7_post_config' command is executed.
17:10:01 INFO  : Context for processor 'ps7_cortexa9_0' is selected.
17:10:01 INFO  : The application 'C:/Users/33651/Desktop/projet_ajc/dma_vitis/dma/Debug/dma.elf' is downloaded to processor 'ps7_cortexa9_0'.
17:10:01 INFO  : 'configparams force-mem-access 0' command is executed.
17:10:01 INFO  : ----------------XSDB Script----------------
connect -url tcp:127.0.0.1:3121
targets -set -nocase -filter {name =~"APU*"}
rst -system
after 3000
targets -set -filter {jtag_cable_name =~ "Digilent Cora Z7 - 7010 210370AD525DA" && level==0 && jtag_device_ctx=="jsn-Cora Z7 - 7010-210370AD525DA-13722093-0"}
fpga -file C:/Users/33651/Desktop/projet_ajc/dma_vitis/dma/_ide/bitstream/design_1_wrapper.bit
targets -set -nocase -filter {name =~"APU*"}
loadhw -hw C:/Users/33651/Desktop/projet_ajc/dma_vitis/dma_test_6/export/dma_test_6/hw/design_1_wrapper.xsa -mem-ranges [list {0x40000000 0xbfffffff}] -regs
configparams force-mem-access 1
targets -set -nocase -filter {name =~"APU*"}
source C:/Users/33651/Desktop/projet_ajc/dma_vitis/dma/_ide/psinit/ps7_init.tcl
ps7_init
ps7_post_config
targets -set -nocase -filter {name =~ "*A9*#0"}
dow C:/Users/33651/Desktop/projet_ajc/dma_vitis/dma/Debug/dma.elf
configparams force-mem-access 0
----------------End of Script----------------

17:10:01 INFO  : Context for processor 'ps7_cortexa9_0' is selected.
17:10:01 INFO  : 'con' command is executed.
17:10:01 INFO  : ----------------XSDB Script (After Launch)----------------
targets -set -nocase -filter {name =~ "*A9*#0"}
con
----------------End of Script----------------

17:10:01 INFO  : Launch script is exported to file 'C:\Users\33651\Desktop\projet_ajc\dma_vitis\dma_system\_ide\scripts\systemdebugger_dma_system_standalone.tcl'
17:10:24 ERROR : (XSDB Server)Memory write error at 0x43000000. Blocked address 0x43000000. Cannot access FPGA: Bitstream is not programmed

17:13:44 ERROR : (XSDB Server)couldn't open "C:Usersﬁ51Desktopprojet_ajcProjet": no such file or directory

17:14:19 ERROR : (XSDB Server)Memory write error at 0x43010000. Blocked address 0x43010000. PL AXI slave ports access is not allowed. This address has not beed added to the memory map

17:14:37 ERROR : (XSDB Server)Memory write error at 0x30000. Blocked address 0x00030000. OCM is not enabled at 0x00030000. Invalid address

19:43:15 INFO  : No changes in MSS file content so sources will not be generated.
19:43:34 INFO  : No changes in MSS file content so sources will not be generated.
00:42:19 INFO  : Checking for BSP changes to sync application flags for project 'dma'...
00:42:19 INFO  : Updating application flags with new BSP settings...
00:42:20 INFO  : Successfully updated application flags for project dma.
00:42:55 INFO  : Checking for BSP changes to sync application flags for project 'dma'...
00:45:05 INFO  : Checking for BSP changes to sync application flags for project 'dma'...
00:45:37 INFO  : Checking for BSP changes to sync application flags for project 'dma'...
00:48:17 INFO  : Checking for BSP changes to sync application flags for project 'dma'...
00:48:36 INFO  : Disconnected from the channel tcfchan#5.
00:48:36 INFO  : Connected to target on host '127.0.0.1' and port '3121'.
00:48:36 INFO  : Jtag cable 'Digilent Cora Z7 - 7010 210370AD525DA' is selected.
00:48:36 INFO  : 'jtag frequency' command is executed.
00:48:37 INFO  : Context for 'APU' is selected.
00:48:37 INFO  : System reset is completed.
00:48:40 INFO  : 'after 3000' command is executed.
00:48:40 INFO  : 'targets -set -filter {jtag_cable_name =~ "Digilent Cora Z7 - 7010 210370AD525DA" && level==0 && jtag_device_ctx=="jsn-Cora Z7 - 7010-210370AD525DA-13722093-0"}' command is executed.
00:48:41 INFO  : Device configured successfully with "C:/Users/33651/Desktop/projet_ajc/dma_vitis/dma/_ide/bitstream/design_1_wrapper.bit"
00:48:41 INFO  : Context for 'APU' is selected.
00:48:41 INFO  : Hardware design and registers information is loaded from 'C:/Users/33651/Desktop/projet_ajc/dma_vitis/dma_test_6/export/dma_test_6/hw/design_1_wrapper.xsa'.
00:48:41 INFO  : 'configparams force-mem-access 1' command is executed.
00:48:41 INFO  : Context for 'APU' is selected.
00:48:41 INFO  : Sourcing of 'C:/Users/33651/Desktop/projet_ajc/dma_vitis/dma/_ide/psinit/ps7_init.tcl' is done.
00:48:41 INFO  : 'ps7_init' command is executed.
00:48:41 INFO  : 'ps7_post_config' command is executed.
00:48:41 INFO  : Context for processor 'ps7_cortexa9_0' is selected.
00:48:42 INFO  : The application 'C:/Users/33651/Desktop/projet_ajc/dma_vitis/dma/Debug/dma.elf' is downloaded to processor 'ps7_cortexa9_0'.
00:48:42 INFO  : 'configparams force-mem-access 0' command is executed.
00:48:42 INFO  : ----------------XSDB Script----------------
connect -url tcp:127.0.0.1:3121
targets -set -nocase -filter {name =~"APU*"}
rst -system
after 3000
targets -set -filter {jtag_cable_name =~ "Digilent Cora Z7 - 7010 210370AD525DA" && level==0 && jtag_device_ctx=="jsn-Cora Z7 - 7010-210370AD525DA-13722093-0"}
fpga -file C:/Users/33651/Desktop/projet_ajc/dma_vitis/dma/_ide/bitstream/design_1_wrapper.bit
targets -set -nocase -filter {name =~"APU*"}
loadhw -hw C:/Users/33651/Desktop/projet_ajc/dma_vitis/dma_test_6/export/dma_test_6/hw/design_1_wrapper.xsa -mem-ranges [list {0x40000000 0xbfffffff}] -regs
configparams force-mem-access 1
targets -set -nocase -filter {name =~"APU*"}
source C:/Users/33651/Desktop/projet_ajc/dma_vitis/dma/_ide/psinit/ps7_init.tcl
ps7_init
ps7_post_config
targets -set -nocase -filter {name =~ "*A9*#0"}
dow C:/Users/33651/Desktop/projet_ajc/dma_vitis/dma/Debug/dma.elf
configparams force-mem-access 0
----------------End of Script----------------

00:48:42 INFO  : Context for processor 'ps7_cortexa9_0' is selected.
00:48:42 INFO  : 'con' command is executed.
00:48:42 INFO  : ----------------XSDB Script (After Launch)----------------
targets -set -nocase -filter {name =~ "*A9*#0"}
con
----------------End of Script----------------

00:48:42 INFO  : Launch script is exported to file 'C:\Users\33651\Desktop\projet_ajc\dma_vitis\dma_system\_ide\scripts\systemdebugger_dma_system_standalone.tcl'
12:13:07 INFO  : Disconnected from the channel tcfchan#11.
12:13:07 INFO  : Connected to target on host '127.0.0.1' and port '3121'.
12:13:08 INFO  : Jtag cable 'Digilent Cora Z7 - 7010 210370AD525DA' is selected.
12:13:08 INFO  : 'jtag frequency' command is executed.
12:13:08 INFO  : Context for 'APU' is selected.
12:13:08 INFO  : System reset is completed.
12:13:11 INFO  : 'after 3000' command is executed.
12:13:11 INFO  : 'targets -set -filter {jtag_cable_name =~ "Digilent Cora Z7 - 7010 210370AD525DA" && level==0 && jtag_device_ctx=="jsn-Cora Z7 - 7010-210370AD525DA-13722093-0"}' command is executed.
12:13:12 INFO  : Device configured successfully with "C:/Users/33651/Desktop/projet_ajc/dma_vitis/dma/_ide/bitstream/design_1_wrapper.bit"
12:13:12 INFO  : Context for 'APU' is selected.
12:13:12 INFO  : Hardware design and registers information is loaded from 'C:/Users/33651/Desktop/projet_ajc/dma_vitis/dma_test_6/export/dma_test_6/hw/design_1_wrapper.xsa'.
12:13:12 INFO  : 'configparams force-mem-access 1' command is executed.
12:13:12 INFO  : Context for 'APU' is selected.
12:13:12 INFO  : Sourcing of 'C:/Users/33651/Desktop/projet_ajc/dma_vitis/dma/_ide/psinit/ps7_init.tcl' is done.
12:13:13 INFO  : 'ps7_init' command is executed.
12:13:13 INFO  : 'ps7_post_config' command is executed.
12:13:13 INFO  : Context for processor 'ps7_cortexa9_0' is selected.
12:13:13 INFO  : The application 'C:/Users/33651/Desktop/projet_ajc/dma_vitis/dma/Debug/dma.elf' is downloaded to processor 'ps7_cortexa9_0'.
12:13:13 INFO  : 'configparams force-mem-access 0' command is executed.
12:13:13 INFO  : ----------------XSDB Script----------------
connect -url tcp:127.0.0.1:3121
targets -set -nocase -filter {name =~"APU*"}
rst -system
after 3000
targets -set -filter {jtag_cable_name =~ "Digilent Cora Z7 - 7010 210370AD525DA" && level==0 && jtag_device_ctx=="jsn-Cora Z7 - 7010-210370AD525DA-13722093-0"}
fpga -file C:/Users/33651/Desktop/projet_ajc/dma_vitis/dma/_ide/bitstream/design_1_wrapper.bit
targets -set -nocase -filter {name =~"APU*"}
loadhw -hw C:/Users/33651/Desktop/projet_ajc/dma_vitis/dma_test_6/export/dma_test_6/hw/design_1_wrapper.xsa -mem-ranges [list {0x40000000 0xbfffffff}] -regs
configparams force-mem-access 1
targets -set -nocase -filter {name =~"APU*"}
source C:/Users/33651/Desktop/projet_ajc/dma_vitis/dma/_ide/psinit/ps7_init.tcl
ps7_init
ps7_post_config
targets -set -nocase -filter {name =~ "*A9*#0"}
dow C:/Users/33651/Desktop/projet_ajc/dma_vitis/dma/Debug/dma.elf
configparams force-mem-access 0
----------------End of Script----------------

12:13:13 INFO  : Context for processor 'ps7_cortexa9_0' is selected.
12:13:13 INFO  : 'con' command is executed.
12:13:13 INFO  : ----------------XSDB Script (After Launch)----------------
targets -set -nocase -filter {name =~ "*A9*#0"}
con
----------------End of Script----------------

12:13:13 INFO  : Launch script is exported to file 'C:\Users\33651\Desktop\projet_ajc\dma_vitis\dma_system\_ide\scripts\systemdebugger_dma_system_standalone.tcl'
12:27:42 INFO  : Disconnected from the channel tcfchan#12.
12:27:42 INFO  : Connected to target on host '127.0.0.1' and port '3121'.
12:27:43 INFO  : Jtag cable 'Digilent Cora Z7 - 7010 210370AD525DA' is selected.
12:27:43 INFO  : 'jtag frequency' command is executed.
12:27:43 INFO  : Context for 'APU' is selected.
12:27:43 INFO  : System reset is completed.
12:27:46 INFO  : 'after 3000' command is executed.
12:27:46 INFO  : 'targets -set -filter {jtag_cable_name =~ "Digilent Cora Z7 - 7010 210370AD525DA" && level==0 && jtag_device_ctx=="jsn-Cora Z7 - 7010-210370AD525DA-13722093-0"}' command is executed.
12:27:47 INFO  : Device configured successfully with "C:/Users/33651/Desktop/projet_ajc/dma_vitis/dma/_ide/bitstream/design_1_wrapper.bit"
12:27:47 INFO  : Context for 'APU' is selected.
12:27:47 INFO  : Hardware design and registers information is loaded from 'C:/Users/33651/Desktop/projet_ajc/dma_vitis/dma_test_6/export/dma_test_6/hw/design_1_wrapper.xsa'.
12:27:47 INFO  : 'configparams force-mem-access 1' command is executed.
12:27:47 INFO  : Context for 'APU' is selected.
12:27:47 INFO  : Sourcing of 'C:/Users/33651/Desktop/projet_ajc/dma_vitis/dma/_ide/psinit/ps7_init.tcl' is done.
12:27:47 INFO  : 'ps7_init' command is executed.
12:27:47 INFO  : 'ps7_post_config' command is executed.
12:27:47 INFO  : Context for processor 'ps7_cortexa9_0' is selected.
12:27:48 INFO  : The application 'C:/Users/33651/Desktop/projet_ajc/dma_vitis/dma/Debug/dma.elf' is downloaded to processor 'ps7_cortexa9_0'.
12:27:48 INFO  : 'configparams force-mem-access 0' command is executed.
12:27:48 INFO  : ----------------XSDB Script----------------
connect -url tcp:127.0.0.1:3121
targets -set -nocase -filter {name =~"APU*"}
rst -system
after 3000
targets -set -filter {jtag_cable_name =~ "Digilent Cora Z7 - 7010 210370AD525DA" && level==0 && jtag_device_ctx=="jsn-Cora Z7 - 7010-210370AD525DA-13722093-0"}
fpga -file C:/Users/33651/Desktop/projet_ajc/dma_vitis/dma/_ide/bitstream/design_1_wrapper.bit
targets -set -nocase -filter {name =~"APU*"}
loadhw -hw C:/Users/33651/Desktop/projet_ajc/dma_vitis/dma_test_6/export/dma_test_6/hw/design_1_wrapper.xsa -mem-ranges [list {0x40000000 0xbfffffff}] -regs
configparams force-mem-access 1
targets -set -nocase -filter {name =~"APU*"}
source C:/Users/33651/Desktop/projet_ajc/dma_vitis/dma/_ide/psinit/ps7_init.tcl
ps7_init
ps7_post_config
targets -set -nocase -filter {name =~ "*A9*#0"}
dow C:/Users/33651/Desktop/projet_ajc/dma_vitis/dma/Debug/dma.elf
configparams force-mem-access 0
----------------End of Script----------------

12:27:48 INFO  : Context for processor 'ps7_cortexa9_0' is selected.
12:27:48 INFO  : 'con' command is executed.
12:27:48 INFO  : ----------------XSDB Script (After Launch)----------------
targets -set -nocase -filter {name =~ "*A9*#0"}
con
----------------End of Script----------------

12:27:48 INFO  : Launch script is exported to file 'C:\Users\33651\Desktop\projet_ajc\dma_vitis\dma_system\_ide\scripts\systemdebugger_dma_system_standalone.tcl'
12:28:50 INFO  : Disconnected from the channel tcfchan#13.
12:28:51 INFO  : Connected to target on host '127.0.0.1' and port '3121'.
12:28:51 INFO  : Jtag cable 'Digilent Cora Z7 - 7010 210370AD525DA' is selected.
12:28:51 INFO  : 'jtag frequency' command is executed.
12:28:51 INFO  : Context for 'APU' is selected.
12:28:51 INFO  : System reset is completed.
12:28:54 INFO  : 'after 3000' command is executed.
12:28:54 INFO  : 'targets -set -filter {jtag_cable_name =~ "Digilent Cora Z7 - 7010 210370AD525DA" && level==0 && jtag_device_ctx=="jsn-Cora Z7 - 7010-210370AD525DA-13722093-0"}' command is executed.
12:28:55 INFO  : Device configured successfully with "C:/Users/33651/Desktop/projet_ajc/dma_vitis/dma/_ide/bitstream/design_1_wrapper.bit"
12:28:55 INFO  : Context for 'APU' is selected.
12:28:55 INFO  : Hardware design and registers information is loaded from 'C:/Users/33651/Desktop/projet_ajc/dma_vitis/dma_test_6/export/dma_test_6/hw/design_1_wrapper.xsa'.
12:28:55 INFO  : 'configparams force-mem-access 1' command is executed.
12:28:55 INFO  : Context for 'APU' is selected.
12:28:55 INFO  : Sourcing of 'C:/Users/33651/Desktop/projet_ajc/dma_vitis/dma/_ide/psinit/ps7_init.tcl' is done.
12:28:56 INFO  : 'ps7_init' command is executed.
12:28:56 INFO  : 'ps7_post_config' command is executed.
12:28:56 INFO  : Context for processor 'ps7_cortexa9_0' is selected.
12:28:56 INFO  : The application 'C:/Users/33651/Desktop/projet_ajc/dma_vitis/dma/Debug/dma.elf' is downloaded to processor 'ps7_cortexa9_0'.
12:28:56 INFO  : 'configparams force-mem-access 0' command is executed.
12:28:56 INFO  : ----------------XSDB Script----------------
connect -url tcp:127.0.0.1:3121
targets -set -nocase -filter {name =~"APU*"}
rst -system
after 3000
targets -set -filter {jtag_cable_name =~ "Digilent Cora Z7 - 7010 210370AD525DA" && level==0 && jtag_device_ctx=="jsn-Cora Z7 - 7010-210370AD525DA-13722093-0"}
fpga -file C:/Users/33651/Desktop/projet_ajc/dma_vitis/dma/_ide/bitstream/design_1_wrapper.bit
targets -set -nocase -filter {name =~"APU*"}
loadhw -hw C:/Users/33651/Desktop/projet_ajc/dma_vitis/dma_test_6/export/dma_test_6/hw/design_1_wrapper.xsa -mem-ranges [list {0x40000000 0xbfffffff}] -regs
configparams force-mem-access 1
targets -set -nocase -filter {name =~"APU*"}
source C:/Users/33651/Desktop/projet_ajc/dma_vitis/dma/_ide/psinit/ps7_init.tcl
ps7_init
ps7_post_config
targets -set -nocase -filter {name =~ "*A9*#0"}
dow C:/Users/33651/Desktop/projet_ajc/dma_vitis/dma/Debug/dma.elf
configparams force-mem-access 0
----------------End of Script----------------

12:28:56 INFO  : Context for processor 'ps7_cortexa9_0' is selected.
12:28:56 INFO  : 'con' command is executed.
12:28:56 INFO  : ----------------XSDB Script (After Launch)----------------
targets -set -nocase -filter {name =~ "*A9*#0"}
con
----------------End of Script----------------

12:28:56 INFO  : Launch script is exported to file 'C:\Users\33651\Desktop\projet_ajc\dma_vitis\dma_system\_ide\scripts\systemdebugger_dma_system_standalone.tcl'
12:29:14 INFO  : Disconnected from the channel tcfchan#14.
12:29:15 INFO  : Connected to target on host '127.0.0.1' and port '3121'.
12:29:15 INFO  : Jtag cable 'Digilent Cora Z7 - 7010 210370AD525DA' is selected.
12:29:15 INFO  : 'jtag frequency' command is executed.
12:29:15 INFO  : Context for 'APU' is selected.
12:29:15 INFO  : System reset is completed.
12:29:18 INFO  : 'after 3000' command is executed.
12:29:18 INFO  : 'targets -set -filter {jtag_cable_name =~ "Digilent Cora Z7 - 7010 210370AD525DA" && level==0 && jtag_device_ctx=="jsn-Cora Z7 - 7010-210370AD525DA-13722093-0"}' command is executed.
12:29:19 INFO  : Device configured successfully with "C:/Users/33651/Desktop/projet_ajc/dma_vitis/dma/_ide/bitstream/design_1_wrapper.bit"
12:29:19 INFO  : Context for 'APU' is selected.
12:29:19 INFO  : Hardware design and registers information is loaded from 'C:/Users/33651/Desktop/projet_ajc/dma_vitis/dma_test_6/export/dma_test_6/hw/design_1_wrapper.xsa'.
12:29:19 INFO  : 'configparams force-mem-access 1' command is executed.
12:29:19 INFO  : Context for 'APU' is selected.
12:29:19 INFO  : Sourcing of 'C:/Users/33651/Desktop/projet_ajc/dma_vitis/dma/_ide/psinit/ps7_init.tcl' is done.
12:29:20 INFO  : 'ps7_init' command is executed.
12:29:20 INFO  : 'ps7_post_config' command is executed.
12:29:20 INFO  : Context for processor 'ps7_cortexa9_0' is selected.
12:29:20 INFO  : The application 'C:/Users/33651/Desktop/projet_ajc/dma_vitis/dma/Debug/dma.elf' is downloaded to processor 'ps7_cortexa9_0'.
12:29:20 INFO  : 'configparams force-mem-access 0' command is executed.
12:29:20 INFO  : ----------------XSDB Script----------------
connect -url tcp:127.0.0.1:3121
targets -set -nocase -filter {name =~"APU*"}
rst -system
after 3000
targets -set -filter {jtag_cable_name =~ "Digilent Cora Z7 - 7010 210370AD525DA" && level==0 && jtag_device_ctx=="jsn-Cora Z7 - 7010-210370AD525DA-13722093-0"}
fpga -file C:/Users/33651/Desktop/projet_ajc/dma_vitis/dma/_ide/bitstream/design_1_wrapper.bit
targets -set -nocase -filter {name =~"APU*"}
loadhw -hw C:/Users/33651/Desktop/projet_ajc/dma_vitis/dma_test_6/export/dma_test_6/hw/design_1_wrapper.xsa -mem-ranges [list {0x40000000 0xbfffffff}] -regs
configparams force-mem-access 1
targets -set -nocase -filter {name =~"APU*"}
source C:/Users/33651/Desktop/projet_ajc/dma_vitis/dma/_ide/psinit/ps7_init.tcl
ps7_init
ps7_post_config
targets -set -nocase -filter {name =~ "*A9*#0"}
dow C:/Users/33651/Desktop/projet_ajc/dma_vitis/dma/Debug/dma.elf
configparams force-mem-access 0
----------------End of Script----------------

12:29:20 INFO  : Context for processor 'ps7_cortexa9_0' is selected.
12:29:20 INFO  : 'con' command is executed.
12:29:20 INFO  : ----------------XSDB Script (After Launch)----------------
targets -set -nocase -filter {name =~ "*A9*#0"}
con
----------------End of Script----------------

12:29:20 INFO  : Launch script is exported to file 'C:\Users\33651\Desktop\projet_ajc\dma_vitis\dma_system\_ide\scripts\systemdebugger_dma_system_standalone.tcl'
12:29:52 INFO  : Disconnected from the channel tcfchan#15.
12:29:52 INFO  : Connected to target on host '127.0.0.1' and port '3121'.
12:29:52 INFO  : Jtag cable 'Digilent Cora Z7 - 7010 210370AD525DA' is selected.
12:29:52 INFO  : 'jtag frequency' command is executed.
12:29:52 INFO  : Context for 'APU' is selected.
12:29:52 INFO  : System reset is completed.
12:29:56 INFO  : 'after 3000' command is executed.
12:29:56 INFO  : 'targets -set -filter {jtag_cable_name =~ "Digilent Cora Z7 - 7010 210370AD525DA" && level==0 && jtag_device_ctx=="jsn-Cora Z7 - 7010-210370AD525DA-13722093-0"}' command is executed.
12:29:57 INFO  : Device configured successfully with "C:/Users/33651/Desktop/projet_ajc/dma_vitis/dma/_ide/bitstream/design_1_wrapper.bit"
12:29:57 INFO  : Context for 'APU' is selected.
12:29:57 INFO  : Hardware design and registers information is loaded from 'C:/Users/33651/Desktop/projet_ajc/dma_vitis/dma_test_6/export/dma_test_6/hw/design_1_wrapper.xsa'.
12:29:57 INFO  : 'configparams force-mem-access 1' command is executed.
12:29:57 INFO  : Context for 'APU' is selected.
12:29:57 INFO  : Sourcing of 'C:/Users/33651/Desktop/projet_ajc/dma_vitis/dma/_ide/psinit/ps7_init.tcl' is done.
12:29:58 INFO  : 'ps7_init' command is executed.
12:29:58 INFO  : 'ps7_post_config' command is executed.
12:29:58 INFO  : Context for processor 'ps7_cortexa9_0' is selected.
12:29:58 INFO  : The application 'C:/Users/33651/Desktop/projet_ajc/dma_vitis/dma/Debug/dma.elf' is downloaded to processor 'ps7_cortexa9_0'.
12:29:58 INFO  : 'configparams force-mem-access 0' command is executed.
12:29:58 INFO  : ----------------XSDB Script----------------
connect -url tcp:127.0.0.1:3121
targets -set -nocase -filter {name =~"APU*"}
rst -system
after 3000
targets -set -filter {jtag_cable_name =~ "Digilent Cora Z7 - 7010 210370AD525DA" && level==0 && jtag_device_ctx=="jsn-Cora Z7 - 7010-210370AD525DA-13722093-0"}
fpga -file C:/Users/33651/Desktop/projet_ajc/dma_vitis/dma/_ide/bitstream/design_1_wrapper.bit
targets -set -nocase -filter {name =~"APU*"}
loadhw -hw C:/Users/33651/Desktop/projet_ajc/dma_vitis/dma_test_6/export/dma_test_6/hw/design_1_wrapper.xsa -mem-ranges [list {0x40000000 0xbfffffff}] -regs
configparams force-mem-access 1
targets -set -nocase -filter {name =~"APU*"}
source C:/Users/33651/Desktop/projet_ajc/dma_vitis/dma/_ide/psinit/ps7_init.tcl
ps7_init
ps7_post_config
targets -set -nocase -filter {name =~ "*A9*#0"}
dow C:/Users/33651/Desktop/projet_ajc/dma_vitis/dma/Debug/dma.elf
configparams force-mem-access 0
----------------End of Script----------------

12:29:58 INFO  : Context for processor 'ps7_cortexa9_0' is selected.
12:29:58 INFO  : 'con' command is executed.
12:29:58 INFO  : ----------------XSDB Script (After Launch)----------------
targets -set -nocase -filter {name =~ "*A9*#0"}
con
----------------End of Script----------------

12:29:58 INFO  : Launch script is exported to file 'C:\Users\33651\Desktop\projet_ajc\dma_vitis\dma_system\_ide\scripts\systemdebugger_dma_system_standalone.tcl'
13:59:37 INFO  : Disconnected from the channel tcfchan#16.
13:59:38 INFO  : Connected to target on host '127.0.0.1' and port '3121'.
13:59:38 INFO  : Jtag cable 'Digilent Cora Z7 - 7010 210370AD525DA' is selected.
13:59:38 INFO  : 'jtag frequency' command is executed.
13:59:38 INFO  : Context for 'APU' is selected.
13:59:38 INFO  : System reset is completed.
13:59:41 INFO  : 'after 3000' command is executed.
13:59:41 INFO  : 'targets -set -filter {jtag_cable_name =~ "Digilent Cora Z7 - 7010 210370AD525DA" && level==0 && jtag_device_ctx=="jsn-Cora Z7 - 7010-210370AD525DA-13722093-0"}' command is executed.
13:59:42 INFO  : Device configured successfully with "C:/Users/33651/Desktop/projet_ajc/dma_vitis/dma/_ide/bitstream/design_1_wrapper.bit"
13:59:43 INFO  : Context for 'APU' is selected.
13:59:43 INFO  : Hardware design and registers information is loaded from 'C:/Users/33651/Desktop/projet_ajc/dma_vitis/dma_test_6/export/dma_test_6/hw/design_1_wrapper.xsa'.
13:59:43 INFO  : 'configparams force-mem-access 1' command is executed.
13:59:43 INFO  : Context for 'APU' is selected.
13:59:43 INFO  : Sourcing of 'C:/Users/33651/Desktop/projet_ajc/dma_vitis/dma/_ide/psinit/ps7_init.tcl' is done.
13:59:43 INFO  : 'ps7_init' command is executed.
13:59:43 INFO  : 'ps7_post_config' command is executed.
13:59:43 INFO  : Context for processor 'ps7_cortexa9_0' is selected.
13:59:43 INFO  : The application 'C:/Users/33651/Desktop/projet_ajc/dma_vitis/dma/Debug/dma.elf' is downloaded to processor 'ps7_cortexa9_0'.
13:59:43 INFO  : 'configparams force-mem-access 0' command is executed.
13:59:43 INFO  : ----------------XSDB Script----------------
connect -url tcp:127.0.0.1:3121
targets -set -nocase -filter {name =~"APU*"}
rst -system
after 3000
targets -set -filter {jtag_cable_name =~ "Digilent Cora Z7 - 7010 210370AD525DA" && level==0 && jtag_device_ctx=="jsn-Cora Z7 - 7010-210370AD525DA-13722093-0"}
fpga -file C:/Users/33651/Desktop/projet_ajc/dma_vitis/dma/_ide/bitstream/design_1_wrapper.bit
targets -set -nocase -filter {name =~"APU*"}
loadhw -hw C:/Users/33651/Desktop/projet_ajc/dma_vitis/dma_test_6/export/dma_test_6/hw/design_1_wrapper.xsa -mem-ranges [list {0x40000000 0xbfffffff}] -regs
configparams force-mem-access 1
targets -set -nocase -filter {name =~"APU*"}
source C:/Users/33651/Desktop/projet_ajc/dma_vitis/dma/_ide/psinit/ps7_init.tcl
ps7_init
ps7_post_config
targets -set -nocase -filter {name =~ "*A9*#0"}
dow C:/Users/33651/Desktop/projet_ajc/dma_vitis/dma/Debug/dma.elf
configparams force-mem-access 0
----------------End of Script----------------

13:59:43 INFO  : Context for processor 'ps7_cortexa9_0' is selected.
13:59:43 INFO  : 'con' command is executed.
13:59:43 INFO  : ----------------XSDB Script (After Launch)----------------
targets -set -nocase -filter {name =~ "*A9*#0"}
con
----------------End of Script----------------

13:59:43 INFO  : Launch script is exported to file 'C:\Users\33651\Desktop\projet_ajc\dma_vitis\dma_system\_ide\scripts\systemdebugger_dma_system_standalone.tcl'
14:05:53 INFO  : Disconnected from the channel tcfchan#17.
14:05:54 INFO  : Connected to target on host '127.0.0.1' and port '3121'.
14:05:54 INFO  : Jtag cable 'Digilent Cora Z7 - 7010 210370AD525DA' is selected.
14:05:54 INFO  : 'jtag frequency' command is executed.
14:05:54 INFO  : Context for 'APU' is selected.
14:05:54 INFO  : System reset is completed.
14:05:57 INFO  : 'after 3000' command is executed.
14:05:57 INFO  : 'targets -set -filter {jtag_cable_name =~ "Digilent Cora Z7 - 7010 210370AD525DA" && level==0 && jtag_device_ctx=="jsn-Cora Z7 - 7010-210370AD525DA-13722093-0"}' command is executed.
14:05:58 INFO  : Device configured successfully with "C:/Users/33651/Desktop/projet_ajc/dma_vitis/dma/_ide/bitstream/design_1_wrapper.bit"
14:05:58 INFO  : Context for 'APU' is selected.
14:05:58 INFO  : Hardware design and registers information is loaded from 'C:/Users/33651/Desktop/projet_ajc/dma_vitis/dma_test_6/export/dma_test_6/hw/design_1_wrapper.xsa'.
14:05:58 INFO  : 'configparams force-mem-access 1' command is executed.
14:05:58 INFO  : Context for 'APU' is selected.
14:05:58 INFO  : Sourcing of 'C:/Users/33651/Desktop/projet_ajc/dma_vitis/dma/_ide/psinit/ps7_init.tcl' is done.
14:05:59 INFO  : 'ps7_init' command is executed.
14:05:59 INFO  : 'ps7_post_config' command is executed.
14:05:59 INFO  : Context for processor 'ps7_cortexa9_0' is selected.
14:05:59 INFO  : The application 'C:/Users/33651/Desktop/projet_ajc/dma_vitis/dma/Debug/dma.elf' is downloaded to processor 'ps7_cortexa9_0'.
14:05:59 INFO  : 'configparams force-mem-access 0' command is executed.
14:05:59 INFO  : ----------------XSDB Script----------------
connect -url tcp:127.0.0.1:3121
targets -set -nocase -filter {name =~"APU*"}
rst -system
after 3000
targets -set -filter {jtag_cable_name =~ "Digilent Cora Z7 - 7010 210370AD525DA" && level==0 && jtag_device_ctx=="jsn-Cora Z7 - 7010-210370AD525DA-13722093-0"}
fpga -file C:/Users/33651/Desktop/projet_ajc/dma_vitis/dma/_ide/bitstream/design_1_wrapper.bit
targets -set -nocase -filter {name =~"APU*"}
loadhw -hw C:/Users/33651/Desktop/projet_ajc/dma_vitis/dma_test_6/export/dma_test_6/hw/design_1_wrapper.xsa -mem-ranges [list {0x40000000 0xbfffffff}] -regs
configparams force-mem-access 1
targets -set -nocase -filter {name =~"APU*"}
source C:/Users/33651/Desktop/projet_ajc/dma_vitis/dma/_ide/psinit/ps7_init.tcl
ps7_init
ps7_post_config
targets -set -nocase -filter {name =~ "*A9*#0"}
dow C:/Users/33651/Desktop/projet_ajc/dma_vitis/dma/Debug/dma.elf
configparams force-mem-access 0
----------------End of Script----------------

14:05:59 INFO  : Context for processor 'ps7_cortexa9_0' is selected.
14:05:59 INFO  : 'con' command is executed.
14:05:59 INFO  : ----------------XSDB Script (After Launch)----------------
targets -set -nocase -filter {name =~ "*A9*#0"}
con
----------------End of Script----------------

14:05:59 INFO  : Launch script is exported to file 'C:\Users\33651\Desktop\projet_ajc\dma_vitis\dma_system\_ide\scripts\systemdebugger_dma_system_standalone.tcl'
14:06:55 INFO  : Checking for BSP changes to sync application flags for project 'dma'...
14:07:10 INFO  : Disconnected from the channel tcfchan#18.
14:07:10 INFO  : Connected to target on host '127.0.0.1' and port '3121'.
14:07:10 INFO  : Jtag cable 'Digilent Cora Z7 - 7010 210370AD525DA' is selected.
14:07:10 INFO  : 'jtag frequency' command is executed.
14:07:11 INFO  : Context for 'APU' is selected.
14:07:11 INFO  : System reset is completed.
14:07:14 INFO  : 'after 3000' command is executed.
14:07:14 INFO  : 'targets -set -filter {jtag_cable_name =~ "Digilent Cora Z7 - 7010 210370AD525DA" && level==0 && jtag_device_ctx=="jsn-Cora Z7 - 7010-210370AD525DA-13722093-0"}' command is executed.
14:07:15 INFO  : Device configured successfully with "C:/Users/33651/Desktop/projet_ajc/dma_vitis/dma/_ide/bitstream/design_1_wrapper.bit"
14:07:15 INFO  : Context for 'APU' is selected.
14:07:15 INFO  : Hardware design and registers information is loaded from 'C:/Users/33651/Desktop/projet_ajc/dma_vitis/dma_test_6/export/dma_test_6/hw/design_1_wrapper.xsa'.
14:07:15 INFO  : 'configparams force-mem-access 1' command is executed.
14:07:15 INFO  : Context for 'APU' is selected.
14:07:15 INFO  : Sourcing of 'C:/Users/33651/Desktop/projet_ajc/dma_vitis/dma/_ide/psinit/ps7_init.tcl' is done.
14:07:15 INFO  : 'ps7_init' command is executed.
14:07:15 INFO  : 'ps7_post_config' command is executed.
14:07:15 INFO  : Context for processor 'ps7_cortexa9_0' is selected.
14:07:16 INFO  : The application 'C:/Users/33651/Desktop/projet_ajc/dma_vitis/dma/Debug/dma.elf' is downloaded to processor 'ps7_cortexa9_0'.
14:07:16 INFO  : 'configparams force-mem-access 0' command is executed.
14:07:16 INFO  : ----------------XSDB Script----------------
connect -url tcp:127.0.0.1:3121
targets -set -nocase -filter {name =~"APU*"}
rst -system
after 3000
targets -set -filter {jtag_cable_name =~ "Digilent Cora Z7 - 7010 210370AD525DA" && level==0 && jtag_device_ctx=="jsn-Cora Z7 - 7010-210370AD525DA-13722093-0"}
fpga -file C:/Users/33651/Desktop/projet_ajc/dma_vitis/dma/_ide/bitstream/design_1_wrapper.bit
targets -set -nocase -filter {name =~"APU*"}
loadhw -hw C:/Users/33651/Desktop/projet_ajc/dma_vitis/dma_test_6/export/dma_test_6/hw/design_1_wrapper.xsa -mem-ranges [list {0x40000000 0xbfffffff}] -regs
configparams force-mem-access 1
targets -set -nocase -filter {name =~"APU*"}
source C:/Users/33651/Desktop/projet_ajc/dma_vitis/dma/_ide/psinit/ps7_init.tcl
ps7_init
ps7_post_config
targets -set -nocase -filter {name =~ "*A9*#0"}
dow C:/Users/33651/Desktop/projet_ajc/dma_vitis/dma/Debug/dma.elf
configparams force-mem-access 0
----------------End of Script----------------

14:07:16 INFO  : Context for processor 'ps7_cortexa9_0' is selected.
14:07:16 INFO  : 'con' command is executed.
14:07:16 INFO  : ----------------XSDB Script (After Launch)----------------
targets -set -nocase -filter {name =~ "*A9*#0"}
con
----------------End of Script----------------

14:07:16 INFO  : Launch script is exported to file 'C:\Users\33651\Desktop\projet_ajc\dma_vitis\dma_system\_ide\scripts\systemdebugger_dma_system_standalone.tcl'
14:09:36 INFO  : Checking for BSP changes to sync application flags for project 'dma'...
14:09:58 INFO  : Checking for BSP changes to sync application flags for project 'dma'...
14:12:54 INFO  : Disconnected from the channel tcfchan#20.
14:12:54 INFO  : Connected to target on host '127.0.0.1' and port '3121'.
14:12:55 INFO  : Jtag cable 'Digilent Cora Z7 - 7010 210370AD525DA' is selected.
14:12:55 INFO  : 'jtag frequency' command is executed.
14:12:55 INFO  : Context for 'APU' is selected.
14:12:55 INFO  : System reset is completed.
14:12:58 INFO  : 'after 3000' command is executed.
14:12:58 INFO  : 'targets -set -filter {jtag_cable_name =~ "Digilent Cora Z7 - 7010 210370AD525DA" && level==0 && jtag_device_ctx=="jsn-Cora Z7 - 7010-210370AD525DA-13722093-0"}' command is executed.
14:12:59 INFO  : Device configured successfully with "C:/Users/33651/Desktop/projet_ajc/dma_vitis/dma/_ide/bitstream/design_1_wrapper.bit"
14:12:59 INFO  : Context for 'APU' is selected.
14:12:59 INFO  : Hardware design and registers information is loaded from 'C:/Users/33651/Desktop/projet_ajc/dma_vitis/dma_test_6/export/dma_test_6/hw/design_1_wrapper.xsa'.
14:12:59 INFO  : 'configparams force-mem-access 1' command is executed.
14:12:59 INFO  : Context for 'APU' is selected.
14:12:59 INFO  : Sourcing of 'C:/Users/33651/Desktop/projet_ajc/dma_vitis/dma/_ide/psinit/ps7_init.tcl' is done.
14:13:00 INFO  : 'ps7_init' command is executed.
14:13:00 INFO  : 'ps7_post_config' command is executed.
14:13:00 INFO  : Context for processor 'ps7_cortexa9_0' is selected.
14:13:00 INFO  : The application 'C:/Users/33651/Desktop/projet_ajc/dma_vitis/dma/Debug/dma.elf' is downloaded to processor 'ps7_cortexa9_0'.
14:13:00 INFO  : 'configparams force-mem-access 0' command is executed.
14:13:00 INFO  : ----------------XSDB Script----------------
connect -url tcp:127.0.0.1:3121
targets -set -nocase -filter {name =~"APU*"}
rst -system
after 3000
targets -set -filter {jtag_cable_name =~ "Digilent Cora Z7 - 7010 210370AD525DA" && level==0 && jtag_device_ctx=="jsn-Cora Z7 - 7010-210370AD525DA-13722093-0"}
fpga -file C:/Users/33651/Desktop/projet_ajc/dma_vitis/dma/_ide/bitstream/design_1_wrapper.bit
targets -set -nocase -filter {name =~"APU*"}
loadhw -hw C:/Users/33651/Desktop/projet_ajc/dma_vitis/dma_test_6/export/dma_test_6/hw/design_1_wrapper.xsa -mem-ranges [list {0x40000000 0xbfffffff}] -regs
configparams force-mem-access 1
targets -set -nocase -filter {name =~"APU*"}
source C:/Users/33651/Desktop/projet_ajc/dma_vitis/dma/_ide/psinit/ps7_init.tcl
ps7_init
ps7_post_config
targets -set -nocase -filter {name =~ "*A9*#0"}
dow C:/Users/33651/Desktop/projet_ajc/dma_vitis/dma/Debug/dma.elf
configparams force-mem-access 0
----------------End of Script----------------

14:13:00 INFO  : Context for processor 'ps7_cortexa9_0' is selected.
14:13:00 INFO  : 'con' command is executed.
14:13:00 INFO  : ----------------XSDB Script (After Launch)----------------
targets -set -nocase -filter {name =~ "*A9*#0"}
con
----------------End of Script----------------

14:13:00 INFO  : Launch script is exported to file 'C:\Users\33651\Desktop\projet_ajc\dma_vitis\dma_system\_ide\scripts\systemdebugger_dma_system_standalone.tcl'
14:13:35 INFO  : Checking for BSP changes to sync application flags for project 'dma'...
14:13:50 INFO  : Disconnected from the channel tcfchan#23.
14:13:50 INFO  : Connected to target on host '127.0.0.1' and port '3121'.
14:13:51 INFO  : Jtag cable 'Digilent Cora Z7 - 7010 210370AD525DA' is selected.
14:13:51 INFO  : 'jtag frequency' command is executed.
14:13:51 INFO  : Context for 'APU' is selected.
14:13:51 INFO  : System reset is completed.
14:13:54 INFO  : 'after 3000' command is executed.
14:13:54 INFO  : 'targets -set -filter {jtag_cable_name =~ "Digilent Cora Z7 - 7010 210370AD525DA" && level==0 && jtag_device_ctx=="jsn-Cora Z7 - 7010-210370AD525DA-13722093-0"}' command is executed.
14:13:55 INFO  : Device configured successfully with "C:/Users/33651/Desktop/projet_ajc/dma_vitis/dma/_ide/bitstream/design_1_wrapper.bit"
14:13:55 INFO  : Context for 'APU' is selected.
14:13:55 INFO  : Hardware design and registers information is loaded from 'C:/Users/33651/Desktop/projet_ajc/dma_vitis/dma_test_6/export/dma_test_6/hw/design_1_wrapper.xsa'.
14:13:55 INFO  : 'configparams force-mem-access 1' command is executed.
14:13:55 INFO  : Context for 'APU' is selected.
14:13:55 INFO  : Sourcing of 'C:/Users/33651/Desktop/projet_ajc/dma_vitis/dma/_ide/psinit/ps7_init.tcl' is done.
14:13:55 INFO  : 'ps7_init' command is executed.
14:13:55 INFO  : 'ps7_post_config' command is executed.
14:13:55 INFO  : Context for processor 'ps7_cortexa9_0' is selected.
14:13:56 INFO  : The application 'C:/Users/33651/Desktop/projet_ajc/dma_vitis/dma/Debug/dma.elf' is downloaded to processor 'ps7_cortexa9_0'.
14:13:56 INFO  : 'configparams force-mem-access 0' command is executed.
14:13:56 INFO  : ----------------XSDB Script----------------
connect -url tcp:127.0.0.1:3121
targets -set -nocase -filter {name =~"APU*"}
rst -system
after 3000
targets -set -filter {jtag_cable_name =~ "Digilent Cora Z7 - 7010 210370AD525DA" && level==0 && jtag_device_ctx=="jsn-Cora Z7 - 7010-210370AD525DA-13722093-0"}
fpga -file C:/Users/33651/Desktop/projet_ajc/dma_vitis/dma/_ide/bitstream/design_1_wrapper.bit
targets -set -nocase -filter {name =~"APU*"}
loadhw -hw C:/Users/33651/Desktop/projet_ajc/dma_vitis/dma_test_6/export/dma_test_6/hw/design_1_wrapper.xsa -mem-ranges [list {0x40000000 0xbfffffff}] -regs
configparams force-mem-access 1
targets -set -nocase -filter {name =~"APU*"}
source C:/Users/33651/Desktop/projet_ajc/dma_vitis/dma/_ide/psinit/ps7_init.tcl
ps7_init
ps7_post_config
targets -set -nocase -filter {name =~ "*A9*#0"}
dow C:/Users/33651/Desktop/projet_ajc/dma_vitis/dma/Debug/dma.elf
configparams force-mem-access 0
----------------End of Script----------------

14:13:56 INFO  : Context for processor 'ps7_cortexa9_0' is selected.
14:13:56 INFO  : 'con' command is executed.
14:13:56 INFO  : ----------------XSDB Script (After Launch)----------------
targets -set -nocase -filter {name =~ "*A9*#0"}
con
----------------End of Script----------------

14:13:56 INFO  : Launch script is exported to file 'C:\Users\33651\Desktop\projet_ajc\dma_vitis\dma_system\_ide\scripts\systemdebugger_dma_system_standalone.tcl'
14:14:21 INFO  : Disconnected from the channel tcfchan#25.
14:14:22 INFO  : Connected to target on host '127.0.0.1' and port '3121'.
14:14:22 INFO  : Jtag cable 'Digilent Cora Z7 - 7010 210370AD525DA' is selected.
14:14:22 INFO  : 'jtag frequency' command is executed.
14:14:22 INFO  : Context for 'APU' is selected.
14:14:22 INFO  : System reset is completed.
14:14:25 INFO  : 'after 3000' command is executed.
14:14:25 INFO  : 'targets -set -filter {jtag_cable_name =~ "Digilent Cora Z7 - 7010 210370AD525DA" && level==0 && jtag_device_ctx=="jsn-Cora Z7 - 7010-210370AD525DA-13722093-0"}' command is executed.
14:14:26 INFO  : Device configured successfully with "C:/Users/33651/Desktop/projet_ajc/dma_vitis/dma/_ide/bitstream/design_1_wrapper.bit"
14:14:26 INFO  : Context for 'APU' is selected.
14:14:26 INFO  : Hardware design and registers information is loaded from 'C:/Users/33651/Desktop/projet_ajc/dma_vitis/dma_test_6/export/dma_test_6/hw/design_1_wrapper.xsa'.
14:14:26 INFO  : 'configparams force-mem-access 1' command is executed.
14:14:26 INFO  : Context for 'APU' is selected.
14:14:26 INFO  : Sourcing of 'C:/Users/33651/Desktop/projet_ajc/dma_vitis/dma/_ide/psinit/ps7_init.tcl' is done.
14:14:27 INFO  : 'ps7_init' command is executed.
14:14:27 INFO  : 'ps7_post_config' command is executed.
14:14:27 INFO  : Context for processor 'ps7_cortexa9_0' is selected.
14:14:27 INFO  : The application 'C:/Users/33651/Desktop/projet_ajc/dma_vitis/dma/Debug/dma.elf' is downloaded to processor 'ps7_cortexa9_0'.
14:14:27 INFO  : 'configparams force-mem-access 0' command is executed.
14:14:27 INFO  : ----------------XSDB Script----------------
connect -url tcp:127.0.0.1:3121
targets -set -nocase -filter {name =~"APU*"}
rst -system
after 3000
targets -set -filter {jtag_cable_name =~ "Digilent Cora Z7 - 7010 210370AD525DA" && level==0 && jtag_device_ctx=="jsn-Cora Z7 - 7010-210370AD525DA-13722093-0"}
fpga -file C:/Users/33651/Desktop/projet_ajc/dma_vitis/dma/_ide/bitstream/design_1_wrapper.bit
targets -set -nocase -filter {name =~"APU*"}
loadhw -hw C:/Users/33651/Desktop/projet_ajc/dma_vitis/dma_test_6/export/dma_test_6/hw/design_1_wrapper.xsa -mem-ranges [list {0x40000000 0xbfffffff}] -regs
configparams force-mem-access 1
targets -set -nocase -filter {name =~"APU*"}
source C:/Users/33651/Desktop/projet_ajc/dma_vitis/dma/_ide/psinit/ps7_init.tcl
ps7_init
ps7_post_config
targets -set -nocase -filter {name =~ "*A9*#0"}
dow C:/Users/33651/Desktop/projet_ajc/dma_vitis/dma/Debug/dma.elf
configparams force-mem-access 0
----------------End of Script----------------

14:14:27 INFO  : Context for processor 'ps7_cortexa9_0' is selected.
14:14:27 INFO  : 'con' command is executed.
14:14:27 INFO  : ----------------XSDB Script (After Launch)----------------
targets -set -nocase -filter {name =~ "*A9*#0"}
con
----------------End of Script----------------

14:14:27 INFO  : Launch script is exported to file 'C:\Users\33651\Desktop\projet_ajc\dma_vitis\dma_system\_ide\scripts\systemdebugger_dma_system_standalone.tcl'
14:14:59 INFO  : Disconnected from the channel tcfchan#26.
14:14:59 INFO  : Connected to target on host '127.0.0.1' and port '3121'.
14:14:59 INFO  : Jtag cable 'Digilent Cora Z7 - 7010 210370AD525DA' is selected.
14:14:59 INFO  : 'jtag frequency' command is executed.
14:14:59 INFO  : Context for 'APU' is selected.
14:14:59 INFO  : System reset is completed.
14:15:03 INFO  : 'after 3000' command is executed.
14:15:03 INFO  : 'targets -set -filter {jtag_cable_name =~ "Digilent Cora Z7 - 7010 210370AD525DA" && level==0 && jtag_device_ctx=="jsn-Cora Z7 - 7010-210370AD525DA-13722093-0"}' command is executed.
14:15:04 INFO  : Device configured successfully with "C:/Users/33651/Desktop/projet_ajc/dma_vitis/dma/_ide/bitstream/design_1_wrapper.bit"
14:15:04 INFO  : Context for 'APU' is selected.
14:15:04 INFO  : Hardware design and registers information is loaded from 'C:/Users/33651/Desktop/projet_ajc/dma_vitis/dma_test_6/export/dma_test_6/hw/design_1_wrapper.xsa'.
14:15:04 INFO  : 'configparams force-mem-access 1' command is executed.
14:15:04 INFO  : Context for 'APU' is selected.
14:15:04 INFO  : Sourcing of 'C:/Users/33651/Desktop/projet_ajc/dma_vitis/dma/_ide/psinit/ps7_init.tcl' is done.
14:15:04 INFO  : 'ps7_init' command is executed.
14:15:04 INFO  : 'ps7_post_config' command is executed.
14:15:04 INFO  : Context for processor 'ps7_cortexa9_0' is selected.
14:15:04 INFO  : The application 'C:/Users/33651/Desktop/projet_ajc/dma_vitis/dma/Debug/dma.elf' is downloaded to processor 'ps7_cortexa9_0'.
14:15:04 INFO  : 'configparams force-mem-access 0' command is executed.
14:15:04 INFO  : ----------------XSDB Script----------------
connect -url tcp:127.0.0.1:3121
targets -set -nocase -filter {name =~"APU*"}
rst -system
after 3000
targets -set -filter {jtag_cable_name =~ "Digilent Cora Z7 - 7010 210370AD525DA" && level==0 && jtag_device_ctx=="jsn-Cora Z7 - 7010-210370AD525DA-13722093-0"}
fpga -file C:/Users/33651/Desktop/projet_ajc/dma_vitis/dma/_ide/bitstream/design_1_wrapper.bit
targets -set -nocase -filter {name =~"APU*"}
loadhw -hw C:/Users/33651/Desktop/projet_ajc/dma_vitis/dma_test_6/export/dma_test_6/hw/design_1_wrapper.xsa -mem-ranges [list {0x40000000 0xbfffffff}] -regs
configparams force-mem-access 1
targets -set -nocase -filter {name =~"APU*"}
source C:/Users/33651/Desktop/projet_ajc/dma_vitis/dma/_ide/psinit/ps7_init.tcl
ps7_init
ps7_post_config
targets -set -nocase -filter {name =~ "*A9*#0"}
dow C:/Users/33651/Desktop/projet_ajc/dma_vitis/dma/Debug/dma.elf
configparams force-mem-access 0
----------------End of Script----------------

14:15:05 INFO  : Context for processor 'ps7_cortexa9_0' is selected.
14:15:05 INFO  : 'con' command is executed.
14:15:05 INFO  : ----------------XSDB Script (After Launch)----------------
targets -set -nocase -filter {name =~ "*A9*#0"}
con
----------------End of Script----------------

14:15:05 INFO  : Launch script is exported to file 'C:\Users\33651\Desktop\projet_ajc\dma_vitis\dma_system\_ide\scripts\systemdebugger_dma_system_standalone.tcl'
14:16:11 INFO  : Result from executing command 'getProjects': dma_test_3;dma_test_5;dma_test_6
14:16:11 INFO  : Result from executing command 'getPlatforms': dma_test_2|C:/Users/33651/Desktop/projet_ajc/dma_vitis/dma_test_2/export/dma_test_2/dma_test_2.xpfm;dma_test_3|C:/Users/33651/Desktop/projet_ajc/dma_vitis/dma_test_3/export/dma_test_3/dma_test_3.xpfm;dma_test_5|C:/Users/33651/Desktop/projet_ajc/dma_vitis/dma_test_5/export/dma_test_5/dma_test_5.xpfm;dma_test_6|C:/Users/33651/Desktop/projet_ajc/dma_vitis/dma_test_6/export/dma_test_6/dma_test_6.xpfm
14:16:12 INFO  : Checking for BSP changes to sync application flags for project 'dma'...
14:20:06 INFO  : Checking for BSP changes to sync application flags for project 'dma'...
14:20:55 INFO  : Disconnected from the channel tcfchan#27.
14:20:56 INFO  : Connected to target on host '127.0.0.1' and port '3121'.
14:20:56 INFO  : Jtag cable 'Digilent Cora Z7 - 7010 210370AD525DA' is selected.
14:20:56 INFO  : 'jtag frequency' command is executed.
14:20:56 INFO  : Context for 'APU' is selected.
14:20:56 INFO  : System reset is completed.
14:20:59 INFO  : 'after 3000' command is executed.
14:20:59 INFO  : 'targets -set -filter {jtag_cable_name =~ "Digilent Cora Z7 - 7010 210370AD525DA" && level==0 && jtag_device_ctx=="jsn-Cora Z7 - 7010-210370AD525DA-13722093-0"}' command is executed.
14:21:01 INFO  : Device configured successfully with "C:/Users/33651/Desktop/projet_ajc/dma_vitis/dma/_ide/bitstream/design_1_wrapper.bit"
14:21:01 INFO  : Context for 'APU' is selected.
14:21:01 INFO  : Hardware design and registers information is loaded from 'C:/Users/33651/Desktop/projet_ajc/dma_vitis/dma_test_6/export/dma_test_6/hw/design_1_wrapper.xsa'.
14:21:01 INFO  : 'configparams force-mem-access 1' command is executed.
14:21:01 INFO  : Context for 'APU' is selected.
14:21:01 INFO  : Sourcing of 'C:/Users/33651/Desktop/projet_ajc/dma_vitis/dma/_ide/psinit/ps7_init.tcl' is done.
14:21:01 INFO  : 'ps7_init' command is executed.
14:21:01 INFO  : 'ps7_post_config' command is executed.
14:21:01 INFO  : Context for processor 'ps7_cortexa9_0' is selected.
14:21:01 INFO  : The application 'C:/Users/33651/Desktop/projet_ajc/dma_vitis/dma/Debug/dma.elf' is downloaded to processor 'ps7_cortexa9_0'.
14:21:01 INFO  : 'configparams force-mem-access 0' command is executed.
14:21:01 INFO  : ----------------XSDB Script----------------
connect -url tcp:127.0.0.1:3121
targets -set -nocase -filter {name =~"APU*"}
rst -system
after 3000
targets -set -filter {jtag_cable_name =~ "Digilent Cora Z7 - 7010 210370AD525DA" && level==0 && jtag_device_ctx=="jsn-Cora Z7 - 7010-210370AD525DA-13722093-0"}
fpga -file C:/Users/33651/Desktop/projet_ajc/dma_vitis/dma/_ide/bitstream/design_1_wrapper.bit
targets -set -nocase -filter {name =~"APU*"}
loadhw -hw C:/Users/33651/Desktop/projet_ajc/dma_vitis/dma_test_6/export/dma_test_6/hw/design_1_wrapper.xsa -mem-ranges [list {0x40000000 0xbfffffff}] -regs
configparams force-mem-access 1
targets -set -nocase -filter {name =~"APU*"}
source C:/Users/33651/Desktop/projet_ajc/dma_vitis/dma/_ide/psinit/ps7_init.tcl
ps7_init
ps7_post_config
targets -set -nocase -filter {name =~ "*A9*#0"}
dow C:/Users/33651/Desktop/projet_ajc/dma_vitis/dma/Debug/dma.elf
configparams force-mem-access 0
----------------End of Script----------------

14:21:02 INFO  : Context for processor 'ps7_cortexa9_0' is selected.
14:21:02 INFO  : 'con' command is executed.
14:21:02 INFO  : ----------------XSDB Script (After Launch)----------------
targets -set -nocase -filter {name =~ "*A9*#0"}
con
----------------End of Script----------------

14:21:02 INFO  : Launch script is exported to file 'C:\Users\33651\Desktop\projet_ajc\dma_vitis\dma_system\_ide\scripts\systemdebugger_dma_system_standalone.tcl'
14:24:15 INFO  : Result from executing command 'getProjects': dma_test_3;dma_test_5;dma_test_6
14:24:15 INFO  : Result from executing command 'getPlatforms': dma_test_2|C:/Users/33651/Desktop/projet_ajc/dma_vitis/dma_test_2/export/dma_test_2/dma_test_2.xpfm;dma_test_3|C:/Users/33651/Desktop/projet_ajc/dma_vitis/dma_test_3/export/dma_test_3/dma_test_3.xpfm;dma_test_5|C:/Users/33651/Desktop/projet_ajc/dma_vitis/dma_test_5/export/dma_test_5/dma_test_5.xpfm
14:24:16 INFO  : Checking for BSP changes to sync application flags for project 'dma'...
14:27:49 INFO  : Checking for BSP changes to sync application flags for project 'dma'...
14:28:43 INFO  : Disconnected from the channel tcfchan#32.
14:28:43 INFO  : Connected to target on host '127.0.0.1' and port '3121'.
14:28:43 INFO  : Jtag cable 'Digilent Cora Z7 - 7010 210370AD525DA' is selected.
14:28:43 INFO  : 'jtag frequency' command is executed.
14:28:43 INFO  : Context for 'APU' is selected.
14:28:43 INFO  : System reset is completed.
14:28:46 INFO  : 'after 3000' command is executed.
14:28:47 INFO  : 'targets -set -filter {jtag_cable_name =~ "Digilent Cora Z7 - 7010 210370AD525DA" && level==0 && jtag_device_ctx=="jsn-Cora Z7 - 7010-210370AD525DA-13722093-0"}' command is executed.
14:28:48 INFO  : Device configured successfully with "C:/Users/33651/Desktop/projet_ajc/dma_vitis/dma/_ide/bitstream/design_1_wrapper.bit"
14:28:48 INFO  : Context for 'APU' is selected.
14:28:48 INFO  : Hardware design and registers information is loaded from 'C:/Users/33651/Desktop/projet_ajc/dma_vitis/dma_test_6/export/dma_test_6/hw/design_1_wrapper.xsa'.
14:28:48 INFO  : 'configparams force-mem-access 1' command is executed.
14:28:48 INFO  : Context for 'APU' is selected.
14:28:48 INFO  : Sourcing of 'C:/Users/33651/Desktop/projet_ajc/dma_vitis/dma/_ide/psinit/ps7_init.tcl' is done.
14:28:48 INFO  : 'ps7_init' command is executed.
14:28:48 INFO  : 'ps7_post_config' command is executed.
14:28:48 INFO  : Context for processor 'ps7_cortexa9_0' is selected.
14:28:48 INFO  : The application 'C:/Users/33651/Desktop/projet_ajc/dma_vitis/dma/Debug/dma.elf' is downloaded to processor 'ps7_cortexa9_0'.
14:28:48 INFO  : 'configparams force-mem-access 0' command is executed.
14:28:48 INFO  : ----------------XSDB Script----------------
connect -url tcp:127.0.0.1:3121
targets -set -nocase -filter {name =~"APU*"}
rst -system
after 3000
targets -set -filter {jtag_cable_name =~ "Digilent Cora Z7 - 7010 210370AD525DA" && level==0 && jtag_device_ctx=="jsn-Cora Z7 - 7010-210370AD525DA-13722093-0"}
fpga -file C:/Users/33651/Desktop/projet_ajc/dma_vitis/dma/_ide/bitstream/design_1_wrapper.bit
targets -set -nocase -filter {name =~"APU*"}
loadhw -hw C:/Users/33651/Desktop/projet_ajc/dma_vitis/dma_test_6/export/dma_test_6/hw/design_1_wrapper.xsa -mem-ranges [list {0x40000000 0xbfffffff}] -regs
configparams force-mem-access 1
targets -set -nocase -filter {name =~"APU*"}
source C:/Users/33651/Desktop/projet_ajc/dma_vitis/dma/_ide/psinit/ps7_init.tcl
ps7_init
ps7_post_config
targets -set -nocase -filter {name =~ "*A9*#0"}
dow C:/Users/33651/Desktop/projet_ajc/dma_vitis/dma/Debug/dma.elf
configparams force-mem-access 0
----------------End of Script----------------

14:28:49 INFO  : Context for processor 'ps7_cortexa9_0' is selected.
14:28:49 INFO  : 'con' command is executed.
14:28:49 INFO  : ----------------XSDB Script (After Launch)----------------
targets -set -nocase -filter {name =~ "*A9*#0"}
con
----------------End of Script----------------

14:28:49 INFO  : Launch script is exported to file 'C:\Users\33651\Desktop\projet_ajc\dma_vitis\dma_system\_ide\scripts\systemdebugger_dma_system_standalone.tcl'
14:29:55 INFO  : Disconnected from the channel tcfchan#37.
14:29:56 INFO  : Connected to target on host '127.0.0.1' and port '3121'.
14:29:56 INFO  : Jtag cable 'Digilent Cora Z7 - 7010 210370AD525DA' is selected.
14:29:56 INFO  : 'jtag frequency' command is executed.
14:29:56 INFO  : Context for 'APU' is selected.
14:29:56 INFO  : System reset is completed.
14:29:59 INFO  : 'after 3000' command is executed.
14:29:59 INFO  : 'targets -set -filter {jtag_cable_name =~ "Digilent Cora Z7 - 7010 210370AD525DA" && level==0 && jtag_device_ctx=="jsn-Cora Z7 - 7010-210370AD525DA-13722093-0"}' command is executed.
14:30:00 INFO  : Device configured successfully with "C:/Users/33651/Desktop/projet_ajc/dma_vitis/dma/_ide/bitstream/design_1_wrapper.bit"
14:30:00 INFO  : Context for 'APU' is selected.
14:30:00 INFO  : Hardware design and registers information is loaded from 'C:/Users/33651/Desktop/projet_ajc/dma_vitis/dma_test_6/export/dma_test_6/hw/design_1_wrapper.xsa'.
14:30:00 INFO  : 'configparams force-mem-access 1' command is executed.
14:30:00 INFO  : Context for 'APU' is selected.
14:30:00 INFO  : Sourcing of 'C:/Users/33651/Desktop/projet_ajc/dma_vitis/dma/_ide/psinit/ps7_init.tcl' is done.
14:30:01 INFO  : 'ps7_init' command is executed.
14:30:01 INFO  : 'ps7_post_config' command is executed.
14:30:01 INFO  : Context for processor 'ps7_cortexa9_0' is selected.
14:30:01 INFO  : The application 'C:/Users/33651/Desktop/projet_ajc/dma_vitis/dma/Debug/dma.elf' is downloaded to processor 'ps7_cortexa9_0'.
14:30:01 INFO  : 'configparams force-mem-access 0' command is executed.
14:30:01 INFO  : ----------------XSDB Script----------------
connect -url tcp:127.0.0.1:3121
targets -set -nocase -filter {name =~"APU*"}
rst -system
after 3000
targets -set -filter {jtag_cable_name =~ "Digilent Cora Z7 - 7010 210370AD525DA" && level==0 && jtag_device_ctx=="jsn-Cora Z7 - 7010-210370AD525DA-13722093-0"}
fpga -file C:/Users/33651/Desktop/projet_ajc/dma_vitis/dma/_ide/bitstream/design_1_wrapper.bit
targets -set -nocase -filter {name =~"APU*"}
loadhw -hw C:/Users/33651/Desktop/projet_ajc/dma_vitis/dma_test_6/export/dma_test_6/hw/design_1_wrapper.xsa -mem-ranges [list {0x40000000 0xbfffffff}] -regs
configparams force-mem-access 1
targets -set -nocase -filter {name =~"APU*"}
source C:/Users/33651/Desktop/projet_ajc/dma_vitis/dma/_ide/psinit/ps7_init.tcl
ps7_init
ps7_post_config
targets -set -nocase -filter {name =~ "*A9*#0"}
dow C:/Users/33651/Desktop/projet_ajc/dma_vitis/dma/Debug/dma.elf
configparams force-mem-access 0
----------------End of Script----------------

14:30:01 INFO  : Context for processor 'ps7_cortexa9_0' is selected.
14:30:01 INFO  : 'con' command is executed.
14:30:01 INFO  : ----------------XSDB Script (After Launch)----------------
targets -set -nocase -filter {name =~ "*A9*#0"}
con
----------------End of Script----------------

14:30:01 INFO  : Launch script is exported to file 'C:\Users\33651\Desktop\projet_ajc\dma_vitis\dma_system\_ide\scripts\systemdebugger_dma_system_standalone.tcl'
14:31:47 ERROR : An unexpected exception occurred in the module 'reading platform'
14:38:31 INFO  : Result from executing command 'getProjects': dma_test_6
14:38:31 INFO  : Result from executing command 'getPlatforms': dma_test_2|C:/Users/33651/Desktop/projet_ajc/dma_vitis/dma_test_2/export/dma_test_2/dma_test_2.xpfm;dma_test_6|C:/Users/33651/Desktop/projet_ajc/dma_vitis/dma_test_6/export/dma_test_6/dma_test_6.xpfm
14:38:32 INFO  : Checking for BSP changes to sync application flags for project 'dma'...
14:40:05 INFO  : Checking for BSP changes to sync application flags for project 'dma'...
14:40:53 INFO  : Disconnected from the channel tcfchan#38.
14:40:53 INFO  : Connected to target on host '127.0.0.1' and port '3121'.
14:40:54 INFO  : Jtag cable 'Digilent Cora Z7 - 7010 210370AD525DA' is selected.
14:40:54 INFO  : 'jtag frequency' command is executed.
14:40:54 INFO  : Context for 'APU' is selected.
14:40:54 INFO  : System reset is completed.
14:40:57 INFO  : 'after 3000' command is executed.
14:40:57 INFO  : 'targets -set -filter {jtag_cable_name =~ "Digilent Cora Z7 - 7010 210370AD525DA" && level==0 && jtag_device_ctx=="jsn-Cora Z7 - 7010-210370AD525DA-13722093-0"}' command is executed.
14:40:58 INFO  : Device configured successfully with "C:/Users/33651/Desktop/projet_ajc/dma_vitis/dma/_ide/bitstream/design_1_wrapper.bit"
14:40:58 INFO  : Context for 'APU' is selected.
14:40:58 INFO  : Hardware design and registers information is loaded from 'C:/Users/33651/Desktop/projet_ajc/dma_vitis/dma_test_6/export/dma_test_6/hw/design_1_wrapper.xsa'.
14:40:58 INFO  : 'configparams force-mem-access 1' command is executed.
14:40:58 INFO  : Context for 'APU' is selected.
14:40:58 INFO  : Sourcing of 'C:/Users/33651/Desktop/projet_ajc/dma_vitis/dma/_ide/psinit/ps7_init.tcl' is done.
14:40:58 INFO  : 'ps7_init' command is executed.
14:40:58 INFO  : 'ps7_post_config' command is executed.
14:40:58 INFO  : Context for processor 'ps7_cortexa9_0' is selected.
14:40:59 INFO  : The application 'C:/Users/33651/Desktop/projet_ajc/dma_vitis/dma/Debug/dma.elf' is downloaded to processor 'ps7_cortexa9_0'.
14:40:59 INFO  : 'configparams force-mem-access 0' command is executed.
14:40:59 INFO  : ----------------XSDB Script----------------
connect -url tcp:127.0.0.1:3121
targets -set -nocase -filter {name =~"APU*"}
rst -system
after 3000
targets -set -filter {jtag_cable_name =~ "Digilent Cora Z7 - 7010 210370AD525DA" && level==0 && jtag_device_ctx=="jsn-Cora Z7 - 7010-210370AD525DA-13722093-0"}
fpga -file C:/Users/33651/Desktop/projet_ajc/dma_vitis/dma/_ide/bitstream/design_1_wrapper.bit
targets -set -nocase -filter {name =~"APU*"}
loadhw -hw C:/Users/33651/Desktop/projet_ajc/dma_vitis/dma_test_6/export/dma_test_6/hw/design_1_wrapper.xsa -mem-ranges [list {0x40000000 0xbfffffff}] -regs
configparams force-mem-access 1
targets -set -nocase -filter {name =~"APU*"}
source C:/Users/33651/Desktop/projet_ajc/dma_vitis/dma/_ide/psinit/ps7_init.tcl
ps7_init
ps7_post_config
targets -set -nocase -filter {name =~ "*A9*#0"}
dow C:/Users/33651/Desktop/projet_ajc/dma_vitis/dma/Debug/dma.elf
configparams force-mem-access 0
----------------End of Script----------------

14:40:59 INFO  : Context for processor 'ps7_cortexa9_0' is selected.
14:40:59 INFO  : 'con' command is executed.
14:40:59 INFO  : ----------------XSDB Script (After Launch)----------------
targets -set -nocase -filter {name =~ "*A9*#0"}
con
----------------End of Script----------------

14:40:59 INFO  : Launch script is exported to file 'C:\Users\33651\Desktop\projet_ajc\dma_vitis\dma_system\_ide\scripts\systemdebugger_dma_system_standalone.tcl'
14:42:06 INFO  : Disconnected from the channel tcfchan#43.
14:42:06 INFO  : Connected to target on host '127.0.0.1' and port '3121'.
14:42:07 INFO  : Jtag cable 'Digilent Cora Z7 - 7010 210370AD525DA' is selected.
14:42:07 INFO  : 'jtag frequency' command is executed.
14:42:07 INFO  : Context for 'APU' is selected.
14:42:07 INFO  : System reset is completed.
14:42:10 INFO  : 'after 3000' command is executed.
14:42:10 INFO  : 'targets -set -filter {jtag_cable_name =~ "Digilent Cora Z7 - 7010 210370AD525DA" && level==0 && jtag_device_ctx=="jsn-Cora Z7 - 7010-210370AD525DA-13722093-0"}' command is executed.
14:42:11 INFO  : Device configured successfully with "C:/Users/33651/Desktop/projet_ajc/dma_vitis/dma/_ide/bitstream/design_1_wrapper.bit"
14:42:11 INFO  : Context for 'APU' is selected.
14:42:11 INFO  : Hardware design and registers information is loaded from 'C:/Users/33651/Desktop/projet_ajc/dma_vitis/dma_test_6/export/dma_test_6/hw/design_1_wrapper.xsa'.
14:42:11 INFO  : 'configparams force-mem-access 1' command is executed.
14:42:11 INFO  : Context for 'APU' is selected.
14:42:11 INFO  : Sourcing of 'C:/Users/33651/Desktop/projet_ajc/dma_vitis/dma/_ide/psinit/ps7_init.tcl' is done.
14:42:12 INFO  : 'ps7_init' command is executed.
14:42:12 INFO  : 'ps7_post_config' command is executed.
14:42:12 INFO  : Context for processor 'ps7_cortexa9_0' is selected.
14:42:12 INFO  : The application 'C:/Users/33651/Desktop/projet_ajc/dma_vitis/dma/Debug/dma.elf' is downloaded to processor 'ps7_cortexa9_0'.
14:42:12 INFO  : 'configparams force-mem-access 0' command is executed.
14:42:12 INFO  : ----------------XSDB Script----------------
connect -url tcp:127.0.0.1:3121
targets -set -nocase -filter {name =~"APU*"}
rst -system
after 3000
targets -set -filter {jtag_cable_name =~ "Digilent Cora Z7 - 7010 210370AD525DA" && level==0 && jtag_device_ctx=="jsn-Cora Z7 - 7010-210370AD525DA-13722093-0"}
fpga -file C:/Users/33651/Desktop/projet_ajc/dma_vitis/dma/_ide/bitstream/design_1_wrapper.bit
targets -set -nocase -filter {name =~"APU*"}
loadhw -hw C:/Users/33651/Desktop/projet_ajc/dma_vitis/dma_test_6/export/dma_test_6/hw/design_1_wrapper.xsa -mem-ranges [list {0x40000000 0xbfffffff}] -regs
configparams force-mem-access 1
targets -set -nocase -filter {name =~"APU*"}
source C:/Users/33651/Desktop/projet_ajc/dma_vitis/dma/_ide/psinit/ps7_init.tcl
ps7_init
ps7_post_config
targets -set -nocase -filter {name =~ "*A9*#0"}
dow C:/Users/33651/Desktop/projet_ajc/dma_vitis/dma/Debug/dma.elf
configparams force-mem-access 0
----------------End of Script----------------

14:42:12 INFO  : Context for processor 'ps7_cortexa9_0' is selected.
14:42:12 INFO  : 'con' command is executed.
14:42:12 INFO  : ----------------XSDB Script (After Launch)----------------
targets -set -nocase -filter {name =~ "*A9*#0"}
con
----------------End of Script----------------

14:42:12 INFO  : Launch script is exported to file 'C:\Users\33651\Desktop\projet_ajc\dma_vitis\dma_system\_ide\scripts\systemdebugger_dma_system_standalone.tcl'
14:49:38 INFO  : Result from executing command 'getProjects': dma_test_6
14:49:38 INFO  : Result from executing command 'getPlatforms': dma_test_2|C:/Users/33651/Desktop/projet_ajc/dma_vitis/dma_test_2/export/dma_test_2/dma_test_2.xpfm;dma_test_6|C:/Users/33651/Desktop/projet_ajc/dma_vitis/dma_test_6/export/dma_test_6/dma_test_6.xpfm
14:49:38 INFO  : Checking for BSP changes to sync application flags for project 'dma'...
14:52:06 INFO  : Checking for BSP changes to sync application flags for project 'dma'...
14:52:42 INFO  : Disconnected from the channel tcfchan#44.
14:52:43 INFO  : Connected to target on host '127.0.0.1' and port '3121'.
14:52:43 INFO  : Jtag cable 'Digilent Cora Z7 - 7010 210370AD525DA' is selected.
14:52:43 INFO  : 'jtag frequency' command is executed.
14:52:43 INFO  : Context for 'APU' is selected.
14:52:43 INFO  : System reset is completed.
14:52:46 INFO  : 'after 3000' command is executed.
14:52:46 INFO  : 'targets -set -filter {jtag_cable_name =~ "Digilent Cora Z7 - 7010 210370AD525DA" && level==0 && jtag_device_ctx=="jsn-Cora Z7 - 7010-210370AD525DA-13722093-0"}' command is executed.
14:52:47 INFO  : Device configured successfully with "C:/Users/33651/Desktop/projet_ajc/dma_vitis/dma/_ide/bitstream/design_1_wrapper.bit"
14:52:47 INFO  : Context for 'APU' is selected.
14:52:47 INFO  : Hardware design and registers information is loaded from 'C:/Users/33651/Desktop/projet_ajc/dma_vitis/dma_test_6/export/dma_test_6/hw/design_1_wrapper.xsa'.
14:52:47 INFO  : 'configparams force-mem-access 1' command is executed.
14:52:47 INFO  : Context for 'APU' is selected.
14:52:47 INFO  : Sourcing of 'C:/Users/33651/Desktop/projet_ajc/dma_vitis/dma/_ide/psinit/ps7_init.tcl' is done.
14:52:48 INFO  : 'ps7_init' command is executed.
14:52:48 INFO  : 'ps7_post_config' command is executed.
14:52:48 INFO  : Context for processor 'ps7_cortexa9_0' is selected.
14:52:48 INFO  : The application 'C:/Users/33651/Desktop/projet_ajc/dma_vitis/dma/Debug/dma.elf' is downloaded to processor 'ps7_cortexa9_0'.
14:52:48 INFO  : 'configparams force-mem-access 0' command is executed.
14:52:48 INFO  : ----------------XSDB Script----------------
connect -url tcp:127.0.0.1:3121
targets -set -nocase -filter {name =~"APU*"}
rst -system
after 3000
targets -set -filter {jtag_cable_name =~ "Digilent Cora Z7 - 7010 210370AD525DA" && level==0 && jtag_device_ctx=="jsn-Cora Z7 - 7010-210370AD525DA-13722093-0"}
fpga -file C:/Users/33651/Desktop/projet_ajc/dma_vitis/dma/_ide/bitstream/design_1_wrapper.bit
targets -set -nocase -filter {name =~"APU*"}
loadhw -hw C:/Users/33651/Desktop/projet_ajc/dma_vitis/dma_test_6/export/dma_test_6/hw/design_1_wrapper.xsa -mem-ranges [list {0x40000000 0xbfffffff}] -regs
configparams force-mem-access 1
targets -set -nocase -filter {name =~"APU*"}
source C:/Users/33651/Desktop/projet_ajc/dma_vitis/dma/_ide/psinit/ps7_init.tcl
ps7_init
ps7_post_config
targets -set -nocase -filter {name =~ "*A9*#0"}
dow C:/Users/33651/Desktop/projet_ajc/dma_vitis/dma/Debug/dma.elf
configparams force-mem-access 0
----------------End of Script----------------

14:52:48 INFO  : Context for processor 'ps7_cortexa9_0' is selected.
14:52:48 INFO  : 'con' command is executed.
14:52:48 INFO  : ----------------XSDB Script (After Launch)----------------
targets -set -nocase -filter {name =~ "*A9*#0"}
con
----------------End of Script----------------

14:52:48 INFO  : Launch script is exported to file 'C:\Users\33651\Desktop\projet_ajc\dma_vitis\dma_system\_ide\scripts\systemdebugger_dma_system_standalone.tcl'
14:57:05 INFO  : Result from executing command 'getProjects': dma_test_6
14:57:05 INFO  : Result from executing command 'getPlatforms': dma_test_2|C:/Users/33651/Desktop/projet_ajc/dma_vitis/dma_test_2/export/dma_test_2/dma_test_2.xpfm;dma_test_6|C:/Users/33651/Desktop/projet_ajc/dma_vitis/dma_test_6/export/dma_test_6/dma_test_6.xpfm
14:57:05 INFO  : Checking for BSP changes to sync application flags for project 'dma'...
14:59:38 INFO  : Checking for BSP changes to sync application flags for project 'dma'...
15:01:40 INFO  : Disconnected from the channel tcfchan#49.
15:01:40 INFO  : Connected to target on host '127.0.0.1' and port '3121'.
15:01:41 INFO  : Jtag cable 'Digilent Cora Z7 - 7010 210370AD525DA' is selected.
15:01:41 INFO  : 'jtag frequency' command is executed.
15:01:41 INFO  : Context for 'APU' is selected.
15:01:41 INFO  : System reset is completed.
15:01:44 INFO  : 'after 3000' command is executed.
15:01:44 INFO  : 'targets -set -filter {jtag_cable_name =~ "Digilent Cora Z7 - 7010 210370AD525DA" && level==0 && jtag_device_ctx=="jsn-Cora Z7 - 7010-210370AD525DA-13722093-0"}' command is executed.
15:01:45 INFO  : Device configured successfully with "C:/Users/33651/Desktop/projet_ajc/dma_vitis/dma/_ide/bitstream/design_1_wrapper.bit"
15:01:45 INFO  : Context for 'APU' is selected.
15:01:45 INFO  : Hardware design and registers information is loaded from 'C:/Users/33651/Desktop/projet_ajc/dma_vitis/dma_test_6/export/dma_test_6/hw/design_1_wrapper.xsa'.
15:01:45 INFO  : 'configparams force-mem-access 1' command is executed.
15:01:45 INFO  : Context for 'APU' is selected.
15:01:45 INFO  : Sourcing of 'C:/Users/33651/Desktop/projet_ajc/dma_vitis/dma/_ide/psinit/ps7_init.tcl' is done.
15:01:46 INFO  : 'ps7_init' command is executed.
15:01:46 INFO  : 'ps7_post_config' command is executed.
15:01:46 INFO  : Context for processor 'ps7_cortexa9_0' is selected.
15:01:46 INFO  : The application 'C:/Users/33651/Desktop/projet_ajc/dma_vitis/dma/Debug/dma.elf' is downloaded to processor 'ps7_cortexa9_0'.
15:01:46 INFO  : 'configparams force-mem-access 0' command is executed.
15:01:46 INFO  : ----------------XSDB Script----------------
connect -url tcp:127.0.0.1:3121
targets -set -nocase -filter {name =~"APU*"}
rst -system
after 3000
targets -set -filter {jtag_cable_name =~ "Digilent Cora Z7 - 7010 210370AD525DA" && level==0 && jtag_device_ctx=="jsn-Cora Z7 - 7010-210370AD525DA-13722093-0"}
fpga -file C:/Users/33651/Desktop/projet_ajc/dma_vitis/dma/_ide/bitstream/design_1_wrapper.bit
targets -set -nocase -filter {name =~"APU*"}
loadhw -hw C:/Users/33651/Desktop/projet_ajc/dma_vitis/dma_test_6/export/dma_test_6/hw/design_1_wrapper.xsa -mem-ranges [list {0x40000000 0xbfffffff}] -regs
configparams force-mem-access 1
targets -set -nocase -filter {name =~"APU*"}
source C:/Users/33651/Desktop/projet_ajc/dma_vitis/dma/_ide/psinit/ps7_init.tcl
ps7_init
ps7_post_config
targets -set -nocase -filter {name =~ "*A9*#0"}
dow C:/Users/33651/Desktop/projet_ajc/dma_vitis/dma/Debug/dma.elf
configparams force-mem-access 0
----------------End of Script----------------

15:01:46 INFO  : Context for processor 'ps7_cortexa9_0' is selected.
15:01:46 INFO  : 'con' command is executed.
15:01:46 INFO  : ----------------XSDB Script (After Launch)----------------
targets -set -nocase -filter {name =~ "*A9*#0"}
con
----------------End of Script----------------

15:01:46 INFO  : Launch script is exported to file 'C:\Users\33651\Desktop\projet_ajc\dma_vitis\dma_system\_ide\scripts\systemdebugger_dma_system_standalone.tcl'
16:26:53 INFO  : Checking for BSP changes to sync application flags for project 'dma'...
16:27:09 INFO  : Checking for BSP changes to sync application flags for project 'dma'...
16:32:45 INFO  : Disconnected from the channel tcfchan#54.
16:32:45 INFO  : Connected to target on host '127.0.0.1' and port '3121'.
16:32:46 INFO  : Jtag cable 'Digilent Cora Z7 - 7010 210370AD525DA' is selected.
16:32:46 INFO  : 'jtag frequency' command is executed.
16:32:46 INFO  : Context for 'APU' is selected.
16:32:46 INFO  : System reset is completed.
16:32:49 INFO  : 'after 3000' command is executed.
16:32:49 INFO  : 'targets -set -filter {jtag_cable_name =~ "Digilent Cora Z7 - 7010 210370AD525DA" && level==0 && jtag_device_ctx=="jsn-Cora Z7 - 7010-210370AD525DA-13722093-0"}' command is executed.
16:32:50 INFO  : Device configured successfully with "C:/Users/33651/Desktop/projet_ajc/dma_vitis/dma/_ide/bitstream/design_1_wrapper.bit"
16:32:50 INFO  : Context for 'APU' is selected.
16:32:50 INFO  : Hardware design and registers information is loaded from 'C:/Users/33651/Desktop/projet_ajc/dma_vitis/dma_test_6/export/dma_test_6/hw/design_1_wrapper.xsa'.
16:32:50 INFO  : 'configparams force-mem-access 1' command is executed.
16:32:50 INFO  : Context for 'APU' is selected.
16:32:50 INFO  : Sourcing of 'C:/Users/33651/Desktop/projet_ajc/dma_vitis/dma/_ide/psinit/ps7_init.tcl' is done.
16:32:50 INFO  : 'ps7_init' command is executed.
16:32:51 INFO  : 'ps7_post_config' command is executed.
16:32:51 INFO  : Context for processor 'ps7_cortexa9_0' is selected.
16:32:51 INFO  : The application 'C:/Users/33651/Desktop/projet_ajc/dma_vitis/dma/Debug/dma.elf' is downloaded to processor 'ps7_cortexa9_0'.
16:32:51 INFO  : 'configparams force-mem-access 0' command is executed.
16:32:51 INFO  : ----------------XSDB Script----------------
connect -url tcp:127.0.0.1:3121
targets -set -nocase -filter {name =~"APU*"}
rst -system
after 3000
targets -set -filter {jtag_cable_name =~ "Digilent Cora Z7 - 7010 210370AD525DA" && level==0 && jtag_device_ctx=="jsn-Cora Z7 - 7010-210370AD525DA-13722093-0"}
fpga -file C:/Users/33651/Desktop/projet_ajc/dma_vitis/dma/_ide/bitstream/design_1_wrapper.bit
targets -set -nocase -filter {name =~"APU*"}
loadhw -hw C:/Users/33651/Desktop/projet_ajc/dma_vitis/dma_test_6/export/dma_test_6/hw/design_1_wrapper.xsa -mem-ranges [list {0x40000000 0xbfffffff}] -regs
configparams force-mem-access 1
targets -set -nocase -filter {name =~"APU*"}
source C:/Users/33651/Desktop/projet_ajc/dma_vitis/dma/_ide/psinit/ps7_init.tcl
ps7_init
ps7_post_config
targets -set -nocase -filter {name =~ "*A9*#0"}
dow C:/Users/33651/Desktop/projet_ajc/dma_vitis/dma/Debug/dma.elf
configparams force-mem-access 0
----------------End of Script----------------

16:32:51 INFO  : Context for processor 'ps7_cortexa9_0' is selected.
16:32:51 INFO  : 'con' command is executed.
16:32:51 INFO  : ----------------XSDB Script (After Launch)----------------
targets -set -nocase -filter {name =~ "*A9*#0"}
con
----------------End of Script----------------

16:32:51 INFO  : Launch script is exported to file 'C:\Users\33651\Desktop\projet_ajc\dma_vitis\dma_system\_ide\scripts\systemdebugger_dma_system_standalone.tcl'
16:34:57 INFO  : Checking for BSP changes to sync application flags for project 'dma'...
16:35:49 INFO  : Disconnected from the channel tcfchan#57.
16:35:50 INFO  : Connected to target on host '127.0.0.1' and port '3121'.
16:35:50 INFO  : Jtag cable 'Digilent Cora Z7 - 7010 210370AD525DA' is selected.
16:35:50 INFO  : 'jtag frequency' command is executed.
16:35:50 INFO  : Context for 'APU' is selected.
16:35:50 INFO  : System reset is completed.
16:35:53 INFO  : 'after 3000' command is executed.
16:35:53 INFO  : 'targets -set -filter {jtag_cable_name =~ "Digilent Cora Z7 - 7010 210370AD525DA" && level==0 && jtag_device_ctx=="jsn-Cora Z7 - 7010-210370AD525DA-13722093-0"}' command is executed.
16:35:54 INFO  : Device configured successfully with "C:/Users/33651/Desktop/projet_ajc/dma_vitis/dma/_ide/bitstream/design_1_wrapper.bit"
16:35:54 INFO  : Context for 'APU' is selected.
16:35:54 INFO  : Hardware design and registers information is loaded from 'C:/Users/33651/Desktop/projet_ajc/dma_vitis/dma_test_6/export/dma_test_6/hw/design_1_wrapper.xsa'.
16:35:54 INFO  : 'configparams force-mem-access 1' command is executed.
16:35:54 INFO  : Context for 'APU' is selected.
16:35:54 INFO  : Sourcing of 'C:/Users/33651/Desktop/projet_ajc/dma_vitis/dma/_ide/psinit/ps7_init.tcl' is done.
16:35:54 INFO  : 'ps7_init' command is executed.
16:35:55 INFO  : 'ps7_post_config' command is executed.
16:35:55 INFO  : Context for processor 'ps7_cortexa9_0' is selected.
16:35:55 INFO  : The application 'C:/Users/33651/Desktop/projet_ajc/dma_vitis/dma/Debug/dma.elf' is downloaded to processor 'ps7_cortexa9_0'.
16:35:55 INFO  : 'configparams force-mem-access 0' command is executed.
16:35:55 INFO  : ----------------XSDB Script----------------
connect -url tcp:127.0.0.1:3121
targets -set -nocase -filter {name =~"APU*"}
rst -system
after 3000
targets -set -filter {jtag_cable_name =~ "Digilent Cora Z7 - 7010 210370AD525DA" && level==0 && jtag_device_ctx=="jsn-Cora Z7 - 7010-210370AD525DA-13722093-0"}
fpga -file C:/Users/33651/Desktop/projet_ajc/dma_vitis/dma/_ide/bitstream/design_1_wrapper.bit
targets -set -nocase -filter {name =~"APU*"}
loadhw -hw C:/Users/33651/Desktop/projet_ajc/dma_vitis/dma_test_6/export/dma_test_6/hw/design_1_wrapper.xsa -mem-ranges [list {0x40000000 0xbfffffff}] -regs
configparams force-mem-access 1
targets -set -nocase -filter {name =~"APU*"}
source C:/Users/33651/Desktop/projet_ajc/dma_vitis/dma/_ide/psinit/ps7_init.tcl
ps7_init
ps7_post_config
targets -set -nocase -filter {name =~ "*A9*#0"}
dow C:/Users/33651/Desktop/projet_ajc/dma_vitis/dma/Debug/dma.elf
configparams force-mem-access 0
----------------End of Script----------------

16:35:55 INFO  : Context for processor 'ps7_cortexa9_0' is selected.
16:35:55 INFO  : 'con' command is executed.
16:35:55 INFO  : ----------------XSDB Script (After Launch)----------------
targets -set -nocase -filter {name =~ "*A9*#0"}
con
----------------End of Script----------------

16:35:55 INFO  : Launch script is exported to file 'C:\Users\33651\Desktop\projet_ajc\dma_vitis\dma_system\_ide\scripts\systemdebugger_dma_system_standalone.tcl'
16:36:01 ERROR : (XSDB Server)invalid command name "connecty"

02:52:27 INFO  : Launching XSCT server: xsct.bat -n  -interactive C:\Users\33651\Desktop\projet_ajc\dma_vitis\temp_xsdb_launch_script.tcl
09:32:59 INFO  : Launching XSCT server: xsct.bat -n  -interactive C:\Users\33651\Desktop\projet_ajc\dma_vitis\temp_xsdb_launch_script.tcl
09:33:03 INFO  : XSCT server has started successfully.
09:33:03 INFO  : Successfully done setting XSCT server connection channel  
09:33:03 INFO  : plnx-install-location is set to ''
09:33:03 INFO  : Successfully done setting workspace for the tool. 
09:33:08 INFO  : Platform repository initialization has completed.
09:33:08 INFO  : Registering command handlers for Vitis TCF services
09:33:13 INFO  : Successfully done query RDI_DATADIR 
10:12:35 INFO  : Result from executing command 'getProjects': dma_test_6
10:12:35 INFO  : Result from executing command 'getPlatforms': dma_test_2|C:/Users/33651/Desktop/projet_ajc/dma_vitis/dma_test_2/export/dma_test_2/dma_test_2.xpfm;dma_test_6|C:/Users/33651/Desktop/projet_ajc/dma_vitis/dma_test_6/export/dma_test_6/dma_test_6.xpfm
10:12:36 INFO  : Checking for BSP changes to sync application flags for project 'dma'...
10:17:07 INFO  : Connected to target on host '127.0.0.1' and port '3121'.
10:17:14 INFO  : Jtag cable 'Digilent Cora Z7 - 7010 210370AD525DA' is selected.
10:17:14 INFO  : 'jtag frequency' command is executed.
10:17:15 INFO  : Context for 'APU' is selected.
10:17:15 INFO  : System reset is completed.
10:17:18 INFO  : 'after 3000' command is executed.
10:17:19 INFO  : 'targets -set -filter {jtag_cable_name =~ "Digilent Cora Z7 - 7010 210370AD525DA" && level==0 && jtag_device_ctx=="jsn-Cora Z7 - 7010-210370AD525DA-13722093-0"}' command is executed.
10:17:20 INFO  : Device configured successfully with "C:/Users/33651/Desktop/projet_ajc/dma_vitis/dma/_ide/bitstream/design_1_wrapper.bit"
10:17:21 INFO  : Context for 'APU' is selected.
10:17:21 INFO  : Hardware design and registers information is loaded from 'C:/Users/33651/Desktop/projet_ajc/dma_vitis/dma_test_6/export/dma_test_6/hw/design_1_wrapper.xsa'.
10:17:21 INFO  : 'configparams force-mem-access 1' command is executed.
10:17:22 INFO  : Context for 'APU' is selected.
10:17:22 INFO  : Sourcing of 'C:/Users/33651/Desktop/projet_ajc/dma_vitis/dma/_ide/psinit/ps7_init.tcl' is done.
10:17:22 INFO  : 'ps7_init' command is executed.
10:17:22 INFO  : 'ps7_post_config' command is executed.
10:17:23 INFO  : Context for processor 'ps7_cortexa9_0' is selected.
10:17:23 INFO  : The application 'C:/Users/33651/Desktop/projet_ajc/dma_vitis/dma/Debug/dma.elf' is downloaded to processor 'ps7_cortexa9_0'.
10:17:23 INFO  : 'configparams force-mem-access 0' command is executed.
10:17:23 INFO  : ----------------XSDB Script----------------
connect -url tcp:127.0.0.1:3121
targets -set -nocase -filter {name =~"APU*"}
rst -system
after 3000
targets -set -filter {jtag_cable_name =~ "Digilent Cora Z7 - 7010 210370AD525DA" && level==0 && jtag_device_ctx=="jsn-Cora Z7 - 7010-210370AD525DA-13722093-0"}
fpga -file C:/Users/33651/Desktop/projet_ajc/dma_vitis/dma/_ide/bitstream/design_1_wrapper.bit
targets -set -nocase -filter {name =~"APU*"}
loadhw -hw C:/Users/33651/Desktop/projet_ajc/dma_vitis/dma_test_6/export/dma_test_6/hw/design_1_wrapper.xsa -mem-ranges [list {0x40000000 0xbfffffff}] -regs
configparams force-mem-access 1
targets -set -nocase -filter {name =~"APU*"}
source C:/Users/33651/Desktop/projet_ajc/dma_vitis/dma/_ide/psinit/ps7_init.tcl
ps7_init
ps7_post_config
targets -set -nocase -filter {name =~ "*A9*#0"}
dow C:/Users/33651/Desktop/projet_ajc/dma_vitis/dma/Debug/dma.elf
configparams force-mem-access 0
----------------End of Script----------------

10:17:24 INFO  : Context for processor 'ps7_cortexa9_0' is selected.
10:17:24 INFO  : 'con' command is executed.
10:17:24 INFO  : ----------------XSDB Script (After Launch)----------------
targets -set -nocase -filter {name =~ "*A9*#0"}
con
----------------End of Script----------------

10:17:24 INFO  : Launch script is exported to file 'C:\Users\33651\Desktop\projet_ajc\dma_vitis\dma_system\_ide\scripts\systemdebugger_dma_system_standalone.tcl'
10:17:28 INFO  : Disconnected from the channel tcfchan#3.
10:17:28 INFO  : Connected to target on host '127.0.0.1' and port '3121'.
10:17:29 INFO  : Jtag cable 'Digilent Cora Z7 - 7010 210370AD525DA' is selected.
10:17:29 INFO  : 'jtag frequency' command is executed.
10:17:29 INFO  : Context for 'APU' is selected.
10:17:29 INFO  : System reset is completed.
10:17:32 INFO  : 'after 3000' command is executed.
10:17:32 INFO  : 'targets -set -filter {jtag_cable_name =~ "Digilent Cora Z7 - 7010 210370AD525DA" && level==0 && jtag_device_ctx=="jsn-Cora Z7 - 7010-210370AD525DA-13722093-0"}' command is executed.
10:17:33 INFO  : Device configured successfully with "C:/Users/33651/Desktop/projet_ajc/dma_vitis/dma/_ide/bitstream/design_1_wrapper.bit"
10:17:33 INFO  : Context for 'APU' is selected.
10:17:33 INFO  : Hardware design and registers information is loaded from 'C:/Users/33651/Desktop/projet_ajc/dma_vitis/dma_test_6/export/dma_test_6/hw/design_1_wrapper.xsa'.
10:17:33 INFO  : 'configparams force-mem-access 1' command is executed.
10:17:33 INFO  : Context for 'APU' is selected.
10:17:33 INFO  : Sourcing of 'C:/Users/33651/Desktop/projet_ajc/dma_vitis/dma/_ide/psinit/ps7_init.tcl' is done.
10:17:33 INFO  : 'ps7_init' command is executed.
10:17:33 INFO  : 'ps7_post_config' command is executed.
10:17:33 INFO  : Context for processor 'ps7_cortexa9_0' is selected.
10:17:34 INFO  : The application 'C:/Users/33651/Desktop/projet_ajc/dma_vitis/dma/Debug/dma.elf' is downloaded to processor 'ps7_cortexa9_0'.
10:17:34 INFO  : 'configparams force-mem-access 0' command is executed.
10:17:34 INFO  : ----------------XSDB Script----------------
connect -url tcp:127.0.0.1:3121
targets -set -nocase -filter {name =~"APU*"}
rst -system
after 3000
targets -set -filter {jtag_cable_name =~ "Digilent Cora Z7 - 7010 210370AD525DA" && level==0 && jtag_device_ctx=="jsn-Cora Z7 - 7010-210370AD525DA-13722093-0"}
fpga -file C:/Users/33651/Desktop/projet_ajc/dma_vitis/dma/_ide/bitstream/design_1_wrapper.bit
targets -set -nocase -filter {name =~"APU*"}
loadhw -hw C:/Users/33651/Desktop/projet_ajc/dma_vitis/dma_test_6/export/dma_test_6/hw/design_1_wrapper.xsa -mem-ranges [list {0x40000000 0xbfffffff}] -regs
configparams force-mem-access 1
targets -set -nocase -filter {name =~"APU*"}
source C:/Users/33651/Desktop/projet_ajc/dma_vitis/dma/_ide/psinit/ps7_init.tcl
ps7_init
ps7_post_config
targets -set -nocase -filter {name =~ "*A9*#0"}
dow C:/Users/33651/Desktop/projet_ajc/dma_vitis/dma/Debug/dma.elf
configparams force-mem-access 0
----------------End of Script----------------

10:17:34 INFO  : Context for processor 'ps7_cortexa9_0' is selected.
10:17:34 INFO  : 'con' command is executed.
10:17:34 INFO  : ----------------XSDB Script (After Launch)----------------
targets -set -nocase -filter {name =~ "*A9*#0"}
con
----------------End of Script----------------

10:17:34 INFO  : Launch script is exported to file 'C:\Users\33651\Desktop\projet_ajc\dma_vitis\dma_system\_ide\scripts\systemdebugger_dma_system_standalone.tcl'
10:22:03 INFO  : Result from executing command 'getProjects': dma_test_6;dma_test_7
10:22:03 INFO  : Result from executing command 'getPlatforms': dma_test_2|C:/Users/33651/Desktop/projet_ajc/dma_vitis/dma_test_2/export/dma_test_2/dma_test_2.xpfm;dma_test_6|C:/Users/33651/Desktop/projet_ajc/dma_vitis/dma_test_6/export/dma_test_6/dma_test_6.xpfm
10:23:29 INFO  : The hardware specfication used by project 'dma' is out of sync with the platform. Resource files extracted from the hardware specfiication will be updated.
10:23:30 INFO  : The file 'C:\Users\33651\Desktop\projet_ajc\dma_vitis\dma\_ide\bitstream\design_1_wrapper.bit' stored in project is removed.
10:23:30 INFO  : The updated bitstream files are copied from platform to folder 'C:\Users\33651\Desktop\projet_ajc\dma_vitis\dma\_ide\bitstream' in project 'dma'.
10:23:30 INFO  : The file 'C:\Users\33651\Desktop\projet_ajc\dma_vitis\dma\_ide\psinit\ps7_init.tcl' stored in project is removed.
10:23:34 INFO  : The updated ps init files are copied from platform to folder 'C:\Users\33651\Desktop\projet_ajc\dma_vitis\dma\_ide\psinit' in project 'dma'.
10:24:17 INFO  : Result from executing command 'getProjects': dma_test_7
10:24:17 INFO  : Result from executing command 'getPlatforms': dma_test_2|C:/Users/33651/Desktop/projet_ajc/dma_vitis/dma_test_2/export/dma_test_2/dma_test_2.xpfm;dma_test_6|C:/Users/33651/Desktop/projet_ajc/dma_vitis/dma_test_6/export/dma_test_6/dma_test_6.xpfm;dma_test_7|C:/Users/33651/Desktop/projet_ajc/dma_vitis/dma_test_7/export/dma_test_7/dma_test_7.xpfm
10:25:47 INFO  : Disconnected from the channel tcfchan#4.
10:25:48 INFO  : Connected to target on host '127.0.0.1' and port '3121'.
10:25:48 INFO  : Jtag cable 'Digilent Cora Z7 - 7010 210370AD525DA' is selected.
10:25:48 INFO  : 'jtag frequency' command is executed.
10:25:48 INFO  : Context for 'APU' is selected.
10:25:48 INFO  : System reset is completed.
10:25:51 INFO  : 'after 3000' command is executed.
10:25:51 INFO  : 'targets -set -filter {jtag_cable_name =~ "Digilent Cora Z7 - 7010 210370AD525DA" && level==0 && jtag_device_ctx=="jsn-Cora Z7 - 7010-210370AD525DA-13722093-0"}' command is executed.
10:25:51 ERROR : couldn't open "C:/Users/33651/Desktop/projet_ajc/dma_vitis/dma/_ide/bitstream/design_1_wrapper.bit": no such file or directory
10:25:51 ERROR : Exception occured while running Program Device.
java.lang.RuntimeException: couldn't open "C:/Users/33651/Desktop/projet_ajc/dma_vitis/dma/_ide/bitstream/design_1_wrapper.bit": no such file or directory
10:25:51 INFO  : ----------------XSDB Script----------------
connect -url tcp:127.0.0.1:3121
targets -set -nocase -filter {name =~"APU*"}
rst -system
after 3000
----------------End of Script----------------

10:25:51 ERROR : couldn't open "C:/Users/33651/Desktop/projet_ajc/dma_vitis/dma/_ide/bitstream/design_1_wrapper.bit": no such file or directory
10:26:22 INFO  : Connected to target on host '127.0.0.1' and port '3121'.
10:26:22 INFO  : Jtag cable 'Digilent Cora Z7 - 7010 210370AD525DA' is selected.
10:26:22 INFO  : 'jtag frequency' command is executed.
10:26:22 INFO  : Context for 'APU' is selected.
10:26:22 INFO  : System reset is completed.
10:26:25 INFO  : 'after 3000' command is executed.
10:26:25 INFO  : 'targets -set -filter {jtag_cable_name =~ "Digilent Cora Z7 - 7010 210370AD525DA" && level==0 && jtag_device_ctx=="jsn-Cora Z7 - 7010-210370AD525DA-13722093-0"}' command is executed.
10:26:25 ERROR : couldn't open "C:/Users/33651/Desktop/projet_ajc/dma_vitis/dma/_ide/bitstream/design_1_wrapper.bit": no such file or directory
10:26:25 ERROR : Exception occured while running Program Device.
java.lang.RuntimeException: couldn't open "C:/Users/33651/Desktop/projet_ajc/dma_vitis/dma/_ide/bitstream/design_1_wrapper.bit": no such file or directory
10:26:25 INFO  : ----------------XSDB Script----------------
connect -url tcp:127.0.0.1:3121
targets -set -nocase -filter {name =~"APU*"}
rst -system
after 3000
----------------End of Script----------------

10:26:25 ERROR : couldn't open "C:/Users/33651/Desktop/projet_ajc/dma_vitis/dma/_ide/bitstream/design_1_wrapper.bit": no such file or directory
10:27:01 INFO  : Checking for BSP changes to sync application flags for project 'dma'...
10:28:16 INFO  : Checking for BSP changes to sync application flags for project 'dma'...
10:30:06 INFO  : Connected to target on host '127.0.0.1' and port '3121'.
10:30:07 INFO  : Jtag cable 'Digilent Cora Z7 - 7010 210370AD525DA' is selected.
10:30:07 INFO  : 'jtag frequency' command is executed.
10:30:07 INFO  : Context for 'APU' is selected.
10:30:07 INFO  : System reset is completed.
10:30:10 INFO  : 'after 3000' command is executed.
10:30:10 INFO  : 'targets -set -filter {jtag_cable_name =~ "Digilent Cora Z7 - 7010 210370AD525DA" && level==0 && jtag_device_ctx=="jsn-Cora Z7 - 7010-210370AD525DA-13722093-0"}' command is executed.
10:30:10 ERROR : couldn't open "C:/Users/33651/Desktop/projet_ajc/dma_vitis/dma/_ide/bitstream/design_1_wrapper.bit": no such file or directory
10:30:10 ERROR : Exception occured while running Program Device.
java.lang.RuntimeException: couldn't open "C:/Users/33651/Desktop/projet_ajc/dma_vitis/dma/_ide/bitstream/design_1_wrapper.bit": no such file or directory
10:30:10 INFO  : ----------------XSDB Script----------------
connect -url tcp:127.0.0.1:3121
targets -set -nocase -filter {name =~"APU*"}
rst -system
after 3000
----------------End of Script----------------

10:30:10 ERROR : couldn't open "C:/Users/33651/Desktop/projet_ajc/dma_vitis/dma/_ide/bitstream/design_1_wrapper.bit": no such file or directory
10:31:12 INFO  : Connected to target on host '127.0.0.1' and port '3121'.
10:31:13 INFO  : Jtag cable 'Digilent Cora Z7 - 7010 210370AD525DA' is selected.
10:31:13 INFO  : 'jtag frequency' command is executed.
10:31:13 INFO  : Context for 'APU' is selected.
10:31:13 INFO  : System reset is completed.
10:31:16 INFO  : 'after 3000' command is executed.
10:31:16 INFO  : 'targets -set -filter {jtag_cable_name =~ "Digilent Cora Z7 - 7010 210370AD525DA" && level==0 && jtag_device_ctx=="jsn-Cora Z7 - 7010-210370AD525DA-13722093-0"}' command is executed.
10:31:16 ERROR : couldn't open "C:/Users/33651/Desktop/projet_ajc/dma_vitis/dma/_ide/bitstream/design_1_wrapper.bit": no such file or directory
10:31:16 ERROR : Exception occured while running Program Device.
java.lang.RuntimeException: couldn't open "C:/Users/33651/Desktop/projet_ajc/dma_vitis/dma/_ide/bitstream/design_1_wrapper.bit": no such file or directory
10:31:16 INFO  : ----------------XSDB Script----------------
connect -url tcp:127.0.0.1:3121
targets -set -nocase -filter {name =~"APU*"}
rst -system
after 3000
----------------End of Script----------------

10:31:16 ERROR : couldn't open "C:/Users/33651/Desktop/projet_ajc/dma_vitis/dma/_ide/bitstream/design_1_wrapper.bit": no such file or directory
10:32:43 INFO  : Result from executing command 'getProjects': dma_test_7;dma_test_8
10:32:43 INFO  : Result from executing command 'getPlatforms': dma_test_2|C:/Users/33651/Desktop/projet_ajc/dma_vitis/dma_test_2/export/dma_test_2/dma_test_2.xpfm;dma_test_6|C:/Users/33651/Desktop/projet_ajc/dma_vitis/dma_test_6/export/dma_test_6/dma_test_6.xpfm;dma_test_7|C:/Users/33651/Desktop/projet_ajc/dma_vitis/dma_test_7/export/dma_test_7/dma_test_7.xpfm
10:33:01 ERROR : An unexpected exception occurred in the module 'reading platform'
10:33:07 INFO  : The hardware specfication used by project 'dma' is out of sync with the platform. Resource files extracted from the hardware specfiication will be updated.
10:33:08 INFO  : The updated bitstream files are copied from platform to folder 'C:\Users\33651\Desktop\projet_ajc\dma_vitis\dma\_ide\bitstream' in project 'dma'.
10:33:08 INFO  : The file 'C:\Users\33651\Desktop\projet_ajc\dma_vitis\dma\_ide\psinit\ps7_init.tcl' stored in project is removed.
10:33:12 INFO  : The updated ps init files are copied from platform to folder 'C:\Users\33651\Desktop\projet_ajc\dma_vitis\dma\_ide\psinit' in project 'dma'.
10:33:34 INFO  : Result from executing command 'getProjects': dma_test_8
10:33:34 INFO  : Result from executing command 'getPlatforms': dma_test_2|C:/Users/33651/Desktop/projet_ajc/dma_vitis/dma_test_2/export/dma_test_2/dma_test_2.xpfm;dma_test_6|C:/Users/33651/Desktop/projet_ajc/dma_vitis/dma_test_6/export/dma_test_6/dma_test_6.xpfm;dma_test_8|C:/Users/33651/Desktop/projet_ajc/dma_vitis/dma_test_8/export/dma_test_8/dma_test_8.xpfm
10:33:54 INFO  : Checking for BSP changes to sync application flags for project 'dma'...
10:34:30 INFO  : Connected to target on host '127.0.0.1' and port '3121'.
10:34:30 INFO  : Jtag cable 'Digilent Cora Z7 - 7010 210370AD525DA' is selected.
10:34:30 INFO  : 'jtag frequency' command is executed.
10:34:30 INFO  : Context for 'APU' is selected.
10:34:31 INFO  : System reset is completed.
10:34:34 INFO  : 'after 3000' command is executed.
10:34:34 INFO  : 'targets -set -filter {jtag_cable_name =~ "Digilent Cora Z7 - 7010 210370AD525DA" && level==0 && jtag_device_ctx=="jsn-Cora Z7 - 7010-210370AD525DA-13722093-0"}' command is executed.
10:34:35 INFO  : Device configured successfully with "C:/Users/33651/Desktop/projet_ajc/dma_vitis/dma/_ide/bitstream/design_1_wrapper.bit"
10:34:35 INFO  : Context for 'APU' is selected.
10:34:35 INFO  : Hardware design and registers information is loaded from 'C:/Users/33651/Desktop/projet_ajc/dma_vitis/dma_test_8/export/dma_test_8/hw/design_1_wrapper.xsa'.
10:34:35 INFO  : 'configparams force-mem-access 1' command is executed.
10:34:35 INFO  : Context for 'APU' is selected.
10:34:35 INFO  : Sourcing of 'C:/Users/33651/Desktop/projet_ajc/dma_vitis/dma/_ide/psinit/ps7_init.tcl' is done.
10:34:35 INFO  : 'ps7_init' command is executed.
10:34:35 INFO  : 'ps7_post_config' command is executed.
10:34:35 INFO  : Context for processor 'ps7_cortexa9_0' is selected.
10:34:35 INFO  : The application 'C:/Users/33651/Desktop/projet_ajc/dma_vitis/dma/Debug/dma.elf' is downloaded to processor 'ps7_cortexa9_0'.
10:34:35 INFO  : 'configparams force-mem-access 0' command is executed.
10:34:35 INFO  : ----------------XSDB Script----------------
connect -url tcp:127.0.0.1:3121
targets -set -nocase -filter {name =~"APU*"}
rst -system
after 3000
targets -set -filter {jtag_cable_name =~ "Digilent Cora Z7 - 7010 210370AD525DA" && level==0 && jtag_device_ctx=="jsn-Cora Z7 - 7010-210370AD525DA-13722093-0"}
fpga -file C:/Users/33651/Desktop/projet_ajc/dma_vitis/dma/_ide/bitstream/design_1_wrapper.bit
targets -set -nocase -filter {name =~"APU*"}
loadhw -hw C:/Users/33651/Desktop/projet_ajc/dma_vitis/dma_test_8/export/dma_test_8/hw/design_1_wrapper.xsa -mem-ranges [list {0x40000000 0xbfffffff}] -regs
configparams force-mem-access 1
targets -set -nocase -filter {name =~"APU*"}
source C:/Users/33651/Desktop/projet_ajc/dma_vitis/dma/_ide/psinit/ps7_init.tcl
ps7_init
ps7_post_config
targets -set -nocase -filter {name =~ "*A9*#0"}
dow C:/Users/33651/Desktop/projet_ajc/dma_vitis/dma/Debug/dma.elf
configparams force-mem-access 0
----------------End of Script----------------

10:34:36 INFO  : Context for processor 'ps7_cortexa9_0' is selected.
10:34:36 INFO  : 'con' command is executed.
10:34:36 INFO  : ----------------XSDB Script (After Launch)----------------
targets -set -nocase -filter {name =~ "*A9*#0"}
con
----------------End of Script----------------

10:34:36 INFO  : Launch script is exported to file 'C:\Users\33651\Desktop\projet_ajc\dma_vitis\dma_system\_ide\scripts\systemdebugger_dma_system_standalone.tcl'
17:22:00 ERROR : (XSDB Server)Memory write error at 0x1000000. Cannot access DDR: the controller is held in reset

19:38:40 WARN  : channel "tcfchan#6" closed
01:25:49 INFO  : Launching XSCT server: xsct.bat -n  -interactive C:\Users\33651\Desktop\projet_ajc\dma_vitis\temp_xsdb_launch_script.tcl
01:25:52 INFO  : XSCT server has started successfully.
01:25:52 INFO  : Successfully done setting XSCT server connection channel  
01:25:52 INFO  : plnx-install-location is set to ''
01:25:52 INFO  : Successfully done setting workspace for the tool. 
01:25:56 INFO  : Platform repository initialization has completed.
01:25:59 INFO  : Registering command handlers for Vitis TCF services
01:26:03 INFO  : Successfully done query RDI_DATADIR 
01:35:26 ERROR : (XSDB Server)Invalid target. Use "connect" command to connect to hw_server/TCF agent

01:36:29 INFO  : Result from executing command 'getProjects': dma_test_8;dma_test_9
01:36:29 INFO  : Result from executing command 'getPlatforms': dma_test_2|C:/Users/33651/Desktop/projet_ajc/dma_vitis/dma_test_2/export/dma_test_2/dma_test_2.xpfm;dma_test_6|C:/Users/33651/Desktop/projet_ajc/dma_vitis/dma_test_6/export/dma_test_6/dma_test_6.xpfm;dma_test_8|C:/Users/33651/Desktop/projet_ajc/dma_vitis/dma_test_8/export/dma_test_8/dma_test_8.xpfm
01:36:49 INFO  : The hardware specfication used by project 'dma' is out of sync with the platform. Resource files extracted from the hardware specfiication will be updated.
01:36:50 INFO  : The file 'C:\Users\33651\Desktop\projet_ajc\dma_vitis\dma\_ide\bitstream\design_1_wrapper.bit' stored in project is removed.
01:36:50 INFO  : The updated bitstream files are copied from platform to folder 'C:\Users\33651\Desktop\projet_ajc\dma_vitis\dma\_ide\bitstream' in project 'dma'.
01:36:50 INFO  : The file 'C:\Users\33651\Desktop\projet_ajc\dma_vitis\dma\_ide\psinit\ps7_init.tcl' stored in project is removed.
01:36:53 INFO  : The updated ps init files are copied from platform to folder 'C:\Users\33651\Desktop\projet_ajc\dma_vitis\dma\_ide\psinit' in project 'dma'.
01:37:28 INFO  : Result from executing command 'getProjects': dma_test_9
01:37:28 INFO  : Result from executing command 'getPlatforms': dma_test_2|C:/Users/33651/Desktop/projet_ajc/dma_vitis/dma_test_2/export/dma_test_2/dma_test_2.xpfm;dma_test_6|C:/Users/33651/Desktop/projet_ajc/dma_vitis/dma_test_6/export/dma_test_6/dma_test_6.xpfm;dma_test_8|C:/Users/33651/Desktop/projet_ajc/dma_vitis/dma_test_8/export/dma_test_8/dma_test_8.xpfm;dma_test_9|C:/Users/33651/Desktop/projet_ajc/dma_vitis/dma_test_9/export/dma_test_9/dma_test_9.xpfm
01:38:51 INFO  : Checking for BSP changes to sync application flags for project 'dma'...
01:39:07 INFO  : Connected to target on host '127.0.0.1' and port '3121'.
01:39:08 INFO  : Jtag cable 'Digilent Cora Z7 - 7010 210370AD525DA' is selected.
01:39:08 INFO  : 'jtag frequency' command is executed.
01:39:08 INFO  : Context for 'APU' is selected.
01:39:08 INFO  : System reset is completed.
01:39:11 INFO  : 'after 3000' command is executed.
01:39:11 INFO  : 'targets -set -filter {jtag_cable_name =~ "Digilent Cora Z7 - 7010 210370AD525DA" && level==0 && jtag_device_ctx=="jsn-Cora Z7 - 7010-210370AD525DA-13722093-0"}' command is executed.
01:39:12 INFO  : Device configured successfully with "C:/Users/33651/Desktop/projet_ajc/dma_vitis/dma/_ide/bitstream/design_1_wrapper.bit"
01:39:12 INFO  : Context for 'APU' is selected.
01:39:12 INFO  : Hardware design and registers information is loaded from 'C:/Users/33651/Desktop/projet_ajc/dma_vitis/dma_test_9/export/dma_test_9/hw/design_1_wrapper.xsa'.
01:39:12 INFO  : 'configparams force-mem-access 1' command is executed.
01:39:12 INFO  : Context for 'APU' is selected.
01:39:12 INFO  : Sourcing of 'C:/Users/33651/Desktop/projet_ajc/dma_vitis/dma/_ide/psinit/ps7_init.tcl' is done.
01:39:13 INFO  : 'ps7_init' command is executed.
01:39:13 INFO  : 'ps7_post_config' command is executed.
01:39:13 INFO  : Context for processor 'ps7_cortexa9_0' is selected.
01:39:13 INFO  : The application 'C:/Users/33651/Desktop/projet_ajc/dma_vitis/dma/Debug/dma.elf' is downloaded to processor 'ps7_cortexa9_0'.
01:39:13 INFO  : 'configparams force-mem-access 0' command is executed.
01:39:13 INFO  : ----------------XSDB Script----------------
connect -url tcp:127.0.0.1:3121
targets -set -nocase -filter {name =~"APU*"}
rst -system
after 3000
targets -set -filter {jtag_cable_name =~ "Digilent Cora Z7 - 7010 210370AD525DA" && level==0 && jtag_device_ctx=="jsn-Cora Z7 - 7010-210370AD525DA-13722093-0"}
fpga -file C:/Users/33651/Desktop/projet_ajc/dma_vitis/dma/_ide/bitstream/design_1_wrapper.bit
targets -set -nocase -filter {name =~"APU*"}
loadhw -hw C:/Users/33651/Desktop/projet_ajc/dma_vitis/dma_test_9/export/dma_test_9/hw/design_1_wrapper.xsa -mem-ranges [list {0x40000000 0xbfffffff}] -regs
configparams force-mem-access 1
targets -set -nocase -filter {name =~"APU*"}
source C:/Users/33651/Desktop/projet_ajc/dma_vitis/dma/_ide/psinit/ps7_init.tcl
ps7_init
ps7_post_config
targets -set -nocase -filter {name =~ "*A9*#0"}
dow C:/Users/33651/Desktop/projet_ajc/dma_vitis/dma/Debug/dma.elf
configparams force-mem-access 0
----------------End of Script----------------

01:39:13 INFO  : Context for processor 'ps7_cortexa9_0' is selected.
01:39:13 INFO  : 'con' command is executed.
01:39:13 INFO  : ----------------XSDB Script (After Launch)----------------
targets -set -nocase -filter {name =~ "*A9*#0"}
con
----------------End of Script----------------

01:39:13 INFO  : Launch script is exported to file 'C:\Users\33651\Desktop\projet_ajc\dma_vitis\dma_system\_ide\scripts\systemdebugger_dma_system_standalone.tcl'
01:54:12 ERROR : An unexpected exception occurred in the module 'reading platform'
01:54:41 INFO  : Result from executing command 'getProjects': dma_test_10
01:54:41 INFO  : Result from executing command 'getPlatforms': dma_test_2|C:/Users/33651/Desktop/projet_ajc/dma_vitis/dma_test_2/export/dma_test_2/dma_test_2.xpfm;dma_test_6|C:/Users/33651/Desktop/projet_ajc/dma_vitis/dma_test_6/export/dma_test_6/dma_test_6.xpfm;dma_test_8|C:/Users/33651/Desktop/projet_ajc/dma_vitis/dma_test_8/export/dma_test_8/dma_test_8.xpfm
01:54:53 INFO  : The hardware specfication used by project 'dma' is out of sync with the platform. Resource files extracted from the hardware specfiication will be updated.
01:54:54 INFO  : The file 'C:\Users\33651\Desktop\projet_ajc\dma_vitis\dma\_ide\bitstream\design_1_wrapper.bit' stored in project is removed.
01:54:54 INFO  : The updated bitstream files are copied from platform to folder 'C:\Users\33651\Desktop\projet_ajc\dma_vitis\dma\_ide\bitstream' in project 'dma'.
01:54:54 INFO  : The file 'C:\Users\33651\Desktop\projet_ajc\dma_vitis\dma\_ide\psinit\ps7_init.tcl' stored in project is removed.
01:54:59 INFO  : The updated ps init files are copied from platform to folder 'C:\Users\33651\Desktop\projet_ajc\dma_vitis\dma\_ide\psinit' in project 'dma'.
01:55:55 INFO  : Result from executing command 'getProjects': dma_test_10
01:55:55 INFO  : Result from executing command 'getPlatforms': dma_test_10|C:/Users/33651/Desktop/projet_ajc/dma_vitis/dma_test_10/export/dma_test_10/dma_test_10.xpfm;dma_test_2|C:/Users/33651/Desktop/projet_ajc/dma_vitis/dma_test_2/export/dma_test_2/dma_test_2.xpfm;dma_test_6|C:/Users/33651/Desktop/projet_ajc/dma_vitis/dma_test_6/export/dma_test_6/dma_test_6.xpfm;dma_test_8|C:/Users/33651/Desktop/projet_ajc/dma_vitis/dma_test_8/export/dma_test_8/dma_test_8.xpfm
01:55:55 INFO  : Checking for BSP changes to sync application flags for project 'dma'...
01:57:11 INFO  : Disconnected from the channel tcfchan#1.
01:57:11 INFO  : Connected to target on host '127.0.0.1' and port '3121'.
01:57:12 INFO  : Jtag cable 'Digilent Cora Z7 - 7010 210370AD525DA' is selected.
01:57:12 INFO  : 'jtag frequency' command is executed.
01:57:12 INFO  : Context for 'APU' is selected.
01:57:12 INFO  : System reset is completed.
01:57:15 INFO  : 'after 3000' command is executed.
01:57:15 INFO  : 'targets -set -filter {jtag_cable_name =~ "Digilent Cora Z7 - 7010 210370AD525DA" && level==0 && jtag_device_ctx=="jsn-Cora Z7 - 7010-210370AD525DA-13722093-0"}' command is executed.
01:57:16 INFO  : Device configured successfully with "C:/Users/33651/Desktop/projet_ajc/dma_vitis/dma/_ide/bitstream/design_1_wrapper.bit"
01:57:16 INFO  : Context for 'APU' is selected.
01:57:16 INFO  : Hardware design and registers information is loaded from 'C:/Users/33651/Desktop/projet_ajc/dma_vitis/dma_test_10/export/dma_test_10/hw/design_1_wrapper.xsa'.
01:57:16 INFO  : 'configparams force-mem-access 1' command is executed.
01:57:16 INFO  : Context for 'APU' is selected.
01:57:16 INFO  : Sourcing of 'C:/Users/33651/Desktop/projet_ajc/dma_vitis/dma/_ide/psinit/ps7_init.tcl' is done.
01:57:17 INFO  : 'ps7_init' command is executed.
01:57:17 INFO  : 'ps7_post_config' command is executed.
01:57:17 INFO  : Context for processor 'ps7_cortexa9_0' is selected.
01:57:17 INFO  : The application 'C:/Users/33651/Desktop/projet_ajc/dma_vitis/dma/Debug/dma.elf' is downloaded to processor 'ps7_cortexa9_0'.
01:57:17 INFO  : 'configparams force-mem-access 0' command is executed.
01:57:17 INFO  : ----------------XSDB Script----------------
connect -url tcp:127.0.0.1:3121
targets -set -nocase -filter {name =~"APU*"}
rst -system
after 3000
targets -set -filter {jtag_cable_name =~ "Digilent Cora Z7 - 7010 210370AD525DA" && level==0 && jtag_device_ctx=="jsn-Cora Z7 - 7010-210370AD525DA-13722093-0"}
fpga -file C:/Users/33651/Desktop/projet_ajc/dma_vitis/dma/_ide/bitstream/design_1_wrapper.bit
targets -set -nocase -filter {name =~"APU*"}
loadhw -hw C:/Users/33651/Desktop/projet_ajc/dma_vitis/dma_test_10/export/dma_test_10/hw/design_1_wrapper.xsa -mem-ranges [list {0x40000000 0xbfffffff}] -regs
configparams force-mem-access 1
targets -set -nocase -filter {name =~"APU*"}
source C:/Users/33651/Desktop/projet_ajc/dma_vitis/dma/_ide/psinit/ps7_init.tcl
ps7_init
ps7_post_config
targets -set -nocase -filter {name =~ "*A9*#0"}
dow C:/Users/33651/Desktop/projet_ajc/dma_vitis/dma/Debug/dma.elf
configparams force-mem-access 0
----------------End of Script----------------

01:57:17 INFO  : Context for processor 'ps7_cortexa9_0' is selected.
01:57:17 INFO  : 'con' command is executed.
01:57:17 INFO  : ----------------XSDB Script (After Launch)----------------
targets -set -nocase -filter {name =~ "*A9*#0"}
con
----------------End of Script----------------

01:57:17 INFO  : Launch script is exported to file 'C:\Users\33651\Desktop\projet_ajc\dma_vitis\dma_system\_ide\scripts\systemdebugger_dma_system_standalone.tcl'
02:21:55 INFO  : Result from executing command 'getProjects': dma_test_10;dma_test_11
02:21:55 INFO  : Result from executing command 'getPlatforms': dma_test_10|C:/Users/33651/Desktop/projet_ajc/dma_vitis/dma_test_10/export/dma_test_10/dma_test_10.xpfm;dma_test_2|C:/Users/33651/Desktop/projet_ajc/dma_vitis/dma_test_2/export/dma_test_2/dma_test_2.xpfm;dma_test_6|C:/Users/33651/Desktop/projet_ajc/dma_vitis/dma_test_6/export/dma_test_6/dma_test_6.xpfm;dma_test_8|C:/Users/33651/Desktop/projet_ajc/dma_vitis/dma_test_8/export/dma_test_8/dma_test_8.xpfm
02:22:08 ERROR : An unexpected exception occurred in the module 'reading platform'
02:22:31 INFO  : Result from executing command 'getProjects': dma_test_11
02:22:31 INFO  : Result from executing command 'getPlatforms': dma_test_11|C:/Users/33651/Desktop/projet_ajc/dma_vitis/dma_test_11/export/dma_test_11/dma_test_11.xpfm;dma_test_2|C:/Users/33651/Desktop/projet_ajc/dma_vitis/dma_test_2/export/dma_test_2/dma_test_2.xpfm;dma_test_6|C:/Users/33651/Desktop/projet_ajc/dma_vitis/dma_test_6/export/dma_test_6/dma_test_6.xpfm;dma_test_8|C:/Users/33651/Desktop/projet_ajc/dma_vitis/dma_test_8/export/dma_test_8/dma_test_8.xpfm
02:30:50 ERROR : The platform 'C:/Users/33651/Desktop/projet_ajc/dma_vitis/dma_test_10/export/dma_test_10/dma_test_10.xpfm' used by the system project 'dma_system' is not valid.
02:31:03 INFO  : The hardware specfication used by project 'dma' is out of sync with the platform. Resource files extracted from the hardware specfiication will be updated.
02:31:05 INFO  : The file 'C:\Users\33651\Desktop\projet_ajc\dma_vitis\dma\_ide\bitstream\design_1_wrapper.bit' stored in project is removed.
02:31:05 INFO  : The updated bitstream files are copied from platform to folder 'C:\Users\33651\Desktop\projet_ajc\dma_vitis\dma\_ide\bitstream' in project 'dma'.
02:31:05 INFO  : The file 'C:\Users\33651\Desktop\projet_ajc\dma_vitis\dma\_ide\psinit\ps7_init.tcl' stored in project is removed.
02:31:09 INFO  : The updated ps init files are copied from platform to folder 'C:\Users\33651\Desktop\projet_ajc\dma_vitis\dma\_ide\psinit' in project 'dma'.
02:31:21 INFO  : Disconnected from the channel tcfchan#6.
02:31:22 INFO  : Connected to target on host '127.0.0.1' and port '3121'.
02:31:22 INFO  : Jtag cable 'Digilent Cora Z7 - 7010 210370AD525DA' is selected.
02:31:22 INFO  : 'jtag frequency' command is executed.
02:31:22 INFO  : Context for 'APU' is selected.
02:31:23 INFO  : System reset is completed.
02:31:26 INFO  : 'after 3000' command is executed.
02:31:26 INFO  : 'targets -set -filter {jtag_cable_name =~ "Digilent Cora Z7 - 7010 210370AD525DA" && level==0 && jtag_device_ctx=="jsn-Cora Z7 - 7010-210370AD525DA-13722093-0"}' command is executed.
02:31:27 INFO  : Device configured successfully with "C:/Users/33651/Desktop/projet_ajc/dma_vitis/dma/_ide/bitstream/design_1_wrapper.bit"
02:31:27 INFO  : Context for 'APU' is selected.
02:31:27 INFO  : Hardware design and registers information is loaded from 'C:/Users/33651/Desktop/projet_ajc/dma_vitis/dma_test_11/export/dma_test_11/hw/design_1_wrapper.xsa'.
02:31:27 INFO  : 'configparams force-mem-access 1' command is executed.
02:31:27 INFO  : Context for 'APU' is selected.
02:31:27 INFO  : Sourcing of 'C:/Users/33651/Desktop/projet_ajc/dma_vitis/dma/_ide/psinit/ps7_init.tcl' is done.
02:31:27 INFO  : 'ps7_init' command is executed.
02:31:27 INFO  : 'ps7_post_config' command is executed.
02:31:27 INFO  : Context for processor 'ps7_cortexa9_0' is selected.
02:31:28 INFO  : The application 'C:/Users/33651/Desktop/projet_ajc/dma_vitis/dma/Debug/dma.elf' is downloaded to processor 'ps7_cortexa9_0'.
02:31:28 INFO  : 'configparams force-mem-access 0' command is executed.
02:31:28 INFO  : ----------------XSDB Script----------------
connect -url tcp:127.0.0.1:3121
targets -set -nocase -filter {name =~"APU*"}
rst -system
after 3000
targets -set -filter {jtag_cable_name =~ "Digilent Cora Z7 - 7010 210370AD525DA" && level==0 && jtag_device_ctx=="jsn-Cora Z7 - 7010-210370AD525DA-13722093-0"}
fpga -file C:/Users/33651/Desktop/projet_ajc/dma_vitis/dma/_ide/bitstream/design_1_wrapper.bit
targets -set -nocase -filter {name =~"APU*"}
loadhw -hw C:/Users/33651/Desktop/projet_ajc/dma_vitis/dma_test_11/export/dma_test_11/hw/design_1_wrapper.xsa -mem-ranges [list {0x40000000 0xbfffffff}] -regs
configparams force-mem-access 1
targets -set -nocase -filter {name =~"APU*"}
source C:/Users/33651/Desktop/projet_ajc/dma_vitis/dma/_ide/psinit/ps7_init.tcl
ps7_init
ps7_post_config
targets -set -nocase -filter {name =~ "*A9*#0"}
dow C:/Users/33651/Desktop/projet_ajc/dma_vitis/dma/Debug/dma.elf
configparams force-mem-access 0
----------------End of Script----------------

02:31:28 INFO  : Context for processor 'ps7_cortexa9_0' is selected.
02:31:28 INFO  : 'con' command is executed.
02:31:28 INFO  : ----------------XSDB Script (After Launch)----------------
targets -set -nocase -filter {name =~ "*A9*#0"}
con
----------------End of Script----------------

02:31:28 INFO  : Launch script is exported to file 'C:\Users\33651\Desktop\projet_ajc\dma_vitis\dma_system\_ide\scripts\systemdebugger_dma_system_standalone.tcl'
02:55:46 ERROR : An unexpected exception occurred in the module 'reading platform'
02:56:17 INFO  : Result from executing command 'getProjects': dma_test_12
02:56:17 INFO  : Result from executing command 'getPlatforms': dma_test_2|C:/Users/33651/Desktop/projet_ajc/dma_vitis/dma_test_2/export/dma_test_2/dma_test_2.xpfm;dma_test_6|C:/Users/33651/Desktop/projet_ajc/dma_vitis/dma_test_6/export/dma_test_6/dma_test_6.xpfm;dma_test_8|C:/Users/33651/Desktop/projet_ajc/dma_vitis/dma_test_8/export/dma_test_8/dma_test_8.xpfm
02:56:37 INFO  : The hardware specfication used by project 'dma' is out of sync with the platform. Resource files extracted from the hardware specfiication will be updated.
02:56:39 INFO  : The file 'C:\Users\33651\Desktop\projet_ajc\dma_vitis\dma\_ide\bitstream\design_1_wrapper.bit' stored in project is removed.
02:56:39 INFO  : The updated bitstream files are copied from platform to folder 'C:\Users\33651\Desktop\projet_ajc\dma_vitis\dma\_ide\bitstream' in project 'dma'.
02:56:39 INFO  : The file 'C:\Users\33651\Desktop\projet_ajc\dma_vitis\dma\_ide\psinit\ps7_init.tcl' stored in project is removed.
02:56:44 INFO  : The updated ps init files are copied from platform to folder 'C:\Users\33651\Desktop\projet_ajc\dma_vitis\dma\_ide\psinit' in project 'dma'.
02:57:20 INFO  : Result from executing command 'getProjects': dma_test_12
02:57:20 INFO  : Result from executing command 'getPlatforms': dma_test_12|C:/Users/33651/Desktop/projet_ajc/dma_vitis/dma_test_12/export/dma_test_12/dma_test_12.xpfm;dma_test_2|C:/Users/33651/Desktop/projet_ajc/dma_vitis/dma_test_2/export/dma_test_2/dma_test_2.xpfm;dma_test_6|C:/Users/33651/Desktop/projet_ajc/dma_vitis/dma_test_6/export/dma_test_6/dma_test_6.xpfm;dma_test_8|C:/Users/33651/Desktop/projet_ajc/dma_vitis/dma_test_8/export/dma_test_8/dma_test_8.xpfm
02:59:10 INFO  : Disconnected from the channel tcfchan#8.
02:59:11 INFO  : Connected to target on host '127.0.0.1' and port '3121'.
02:59:11 INFO  : Jtag cable 'Digilent Cora Z7 - 7010 210370AD525DA' is selected.
02:59:11 INFO  : 'jtag frequency' command is executed.
02:59:11 INFO  : Context for 'APU' is selected.
02:59:11 INFO  : System reset is completed.
02:59:14 INFO  : 'after 3000' command is executed.
02:59:14 INFO  : 'targets -set -filter {jtag_cable_name =~ "Digilent Cora Z7 - 7010 210370AD525DA" && level==0 && jtag_device_ctx=="jsn-Cora Z7 - 7010-210370AD525DA-13722093-0"}' command is executed.
02:59:16 INFO  : Device configured successfully with "C:/Users/33651/Desktop/projet_ajc/dma_vitis/dma/_ide/bitstream/design_1_wrapper.bit"
02:59:16 INFO  : Context for 'APU' is selected.
02:59:16 INFO  : Hardware design and registers information is loaded from 'C:/Users/33651/Desktop/projet_ajc/dma_vitis/dma_test_12/export/dma_test_12/hw/design_1_wrapper.xsa'.
02:59:16 INFO  : 'configparams force-mem-access 1' command is executed.
02:59:16 INFO  : Context for 'APU' is selected.
02:59:16 INFO  : Sourcing of 'C:/Users/33651/Desktop/projet_ajc/dma_vitis/dma/_ide/psinit/ps7_init.tcl' is done.
02:59:16 INFO  : 'ps7_init' command is executed.
02:59:16 INFO  : 'ps7_post_config' command is executed.
02:59:16 INFO  : Context for processor 'ps7_cortexa9_0' is selected.
02:59:16 INFO  : The application 'C:/Users/33651/Desktop/projet_ajc/dma_vitis/dma/Debug/dma.elf' is downloaded to processor 'ps7_cortexa9_0'.
02:59:16 INFO  : 'configparams force-mem-access 0' command is executed.
02:59:16 INFO  : ----------------XSDB Script----------------
connect -url tcp:127.0.0.1:3121
targets -set -nocase -filter {name =~"APU*"}
rst -system
after 3000
targets -set -filter {jtag_cable_name =~ "Digilent Cora Z7 - 7010 210370AD525DA" && level==0 && jtag_device_ctx=="jsn-Cora Z7 - 7010-210370AD525DA-13722093-0"}
fpga -file C:/Users/33651/Desktop/projet_ajc/dma_vitis/dma/_ide/bitstream/design_1_wrapper.bit
targets -set -nocase -filter {name =~"APU*"}
loadhw -hw C:/Users/33651/Desktop/projet_ajc/dma_vitis/dma_test_12/export/dma_test_12/hw/design_1_wrapper.xsa -mem-ranges [list {0x40000000 0xbfffffff}] -regs
configparams force-mem-access 1
targets -set -nocase -filter {name =~"APU*"}
source C:/Users/33651/Desktop/projet_ajc/dma_vitis/dma/_ide/psinit/ps7_init.tcl
ps7_init
ps7_post_config
targets -set -nocase -filter {name =~ "*A9*#0"}
dow C:/Users/33651/Desktop/projet_ajc/dma_vitis/dma/Debug/dma.elf
configparams force-mem-access 0
----------------End of Script----------------

02:59:16 INFO  : Context for processor 'ps7_cortexa9_0' is selected.
02:59:16 INFO  : 'con' command is executed.
02:59:16 INFO  : ----------------XSDB Script (After Launch)----------------
targets -set -nocase -filter {name =~ "*A9*#0"}
con
----------------End of Script----------------

02:59:16 INFO  : Launch script is exported to file 'C:\Users\33651\Desktop\projet_ajc\dma_vitis\dma_system\_ide\scripts\systemdebugger_dma_system_standalone.tcl'
03:21:17 INFO  : Result from executing command 'getProjects': dma_test_12;dma_test_13
03:21:17 INFO  : Result from executing command 'getPlatforms': dma_test_2|C:/Users/33651/Desktop/projet_ajc/dma_vitis/dma_test_2/export/dma_test_2/dma_test_2.xpfm;dma_test_6|C:/Users/33651/Desktop/projet_ajc/dma_vitis/dma_test_6/export/dma_test_6/dma_test_6.xpfm;dma_test_8|C:/Users/33651/Desktop/projet_ajc/dma_vitis/dma_test_8/export/dma_test_8/dma_test_8.xpfm
03:21:33 ERROR : An unexpected exception occurred in the module 'reading platform'
03:21:39 INFO  : The hardware specfication used by project 'dma' is out of sync with the platform. Resource files extracted from the hardware specfiication will be updated.
03:21:41 INFO  : The file 'C:\Users\33651\Desktop\projet_ajc\dma_vitis\dma\_ide\bitstream\design_1_wrapper.bit' stored in project is removed.
03:21:41 INFO  : The updated bitstream files are copied from platform to folder 'C:\Users\33651\Desktop\projet_ajc\dma_vitis\dma\_ide\bitstream' in project 'dma'.
03:21:41 INFO  : The file 'C:\Users\33651\Desktop\projet_ajc\dma_vitis\dma\_ide\psinit\ps7_init.tcl' stored in project is removed.
03:21:45 INFO  : The updated ps init files are copied from platform to folder 'C:\Users\33651\Desktop\projet_ajc\dma_vitis\dma\_ide\psinit' in project 'dma'.
03:22:02 INFO  : Result from executing command 'getProjects': dma_test_13
03:22:02 INFO  : Result from executing command 'getPlatforms': dma_test_13|C:/Users/33651/Desktop/projet_ajc/dma_vitis/dma_test_13/export/dma_test_13/dma_test_13.xpfm;dma_test_2|C:/Users/33651/Desktop/projet_ajc/dma_vitis/dma_test_2/export/dma_test_2/dma_test_2.xpfm;dma_test_6|C:/Users/33651/Desktop/projet_ajc/dma_vitis/dma_test_6/export/dma_test_6/dma_test_6.xpfm;dma_test_8|C:/Users/33651/Desktop/projet_ajc/dma_vitis/dma_test_8/export/dma_test_8/dma_test_8.xpfm
03:22:22 INFO  : Disconnected from the channel tcfchan#10.
03:22:23 INFO  : Connected to target on host '127.0.0.1' and port '3121'.
03:22:23 INFO  : Jtag cable 'Digilent Cora Z7 - 7010 210370AD525DA' is selected.
03:22:23 INFO  : 'jtag frequency' command is executed.
03:22:23 INFO  : Context for 'APU' is selected.
03:22:23 INFO  : System reset is completed.
03:22:26 INFO  : 'after 3000' command is executed.
03:22:26 INFO  : 'targets -set -filter {jtag_cable_name =~ "Digilent Cora Z7 - 7010 210370AD525DA" && level==0 && jtag_device_ctx=="jsn-Cora Z7 - 7010-210370AD525DA-13722093-0"}' command is executed.
03:22:28 INFO  : Device configured successfully with "C:/Users/33651/Desktop/projet_ajc/dma_vitis/dma/_ide/bitstream/design_1_wrapper.bit"
03:22:28 INFO  : Context for 'APU' is selected.
03:22:28 INFO  : Hardware design and registers information is loaded from 'C:/Users/33651/Desktop/projet_ajc/dma_vitis/dma_test_13/export/dma_test_13/hw/design_1_wrapper.xsa'.
03:22:28 INFO  : 'configparams force-mem-access 1' command is executed.
03:22:28 INFO  : Context for 'APU' is selected.
03:22:28 INFO  : Sourcing of 'C:/Users/33651/Desktop/projet_ajc/dma_vitis/dma/_ide/psinit/ps7_init.tcl' is done.
03:22:28 INFO  : 'ps7_init' command is executed.
03:22:28 INFO  : 'ps7_post_config' command is executed.
03:22:28 INFO  : Context for processor 'ps7_cortexa9_0' is selected.
03:22:28 INFO  : The application 'C:/Users/33651/Desktop/projet_ajc/dma_vitis/dma/Debug/dma.elf' is downloaded to processor 'ps7_cortexa9_0'.
03:22:28 INFO  : 'configparams force-mem-access 0' command is executed.
03:22:28 INFO  : ----------------XSDB Script----------------
connect -url tcp:127.0.0.1:3121
targets -set -nocase -filter {name =~"APU*"}
rst -system
after 3000
targets -set -filter {jtag_cable_name =~ "Digilent Cora Z7 - 7010 210370AD525DA" && level==0 && jtag_device_ctx=="jsn-Cora Z7 - 7010-210370AD525DA-13722093-0"}
fpga -file C:/Users/33651/Desktop/projet_ajc/dma_vitis/dma/_ide/bitstream/design_1_wrapper.bit
targets -set -nocase -filter {name =~"APU*"}
loadhw -hw C:/Users/33651/Desktop/projet_ajc/dma_vitis/dma_test_13/export/dma_test_13/hw/design_1_wrapper.xsa -mem-ranges [list {0x40000000 0xbfffffff}] -regs
configparams force-mem-access 1
targets -set -nocase -filter {name =~"APU*"}
source C:/Users/33651/Desktop/projet_ajc/dma_vitis/dma/_ide/psinit/ps7_init.tcl
ps7_init
ps7_post_config
targets -set -nocase -filter {name =~ "*A9*#0"}
dow C:/Users/33651/Desktop/projet_ajc/dma_vitis/dma/Debug/dma.elf
configparams force-mem-access 0
----------------End of Script----------------

03:22:28 INFO  : Context for processor 'ps7_cortexa9_0' is selected.
03:22:28 INFO  : 'con' command is executed.
03:22:28 INFO  : ----------------XSDB Script (After Launch)----------------
targets -set -nocase -filter {name =~ "*A9*#0"}
con
----------------End of Script----------------

03:22:28 INFO  : Launch script is exported to file 'C:\Users\33651\Desktop\projet_ajc\dma_vitis\dma_system\_ide\scripts\systemdebugger_dma_system_standalone.tcl'
03:35:35 INFO  : Result from executing command 'getProjects': dma_test_13;dma_test_14
03:35:35 INFO  : Result from executing command 'getPlatforms': dma_test_13|C:/Users/33651/Desktop/projet_ajc/dma_vitis/dma_test_13/export/dma_test_13/dma_test_13.xpfm;dma_test_2|C:/Users/33651/Desktop/projet_ajc/dma_vitis/dma_test_2/export/dma_test_2/dma_test_2.xpfm;dma_test_6|C:/Users/33651/Desktop/projet_ajc/dma_vitis/dma_test_6/export/dma_test_6/dma_test_6.xpfm;dma_test_8|C:/Users/33651/Desktop/projet_ajc/dma_vitis/dma_test_8/export/dma_test_8/dma_test_8.xpfm
03:35:43 ERROR : An unexpected exception occurred in the module 'reading platform'
03:35:51 INFO  : The hardware specfication used by project 'dma' is out of sync with the platform. Resource files extracted from the hardware specfiication will be updated.
03:35:52 INFO  : The file 'C:\Users\33651\Desktop\projet_ajc\dma_vitis\dma\_ide\bitstream\design_1_wrapper.bit' stored in project is removed.
03:35:52 INFO  : The updated bitstream files are copied from platform to folder 'C:\Users\33651\Desktop\projet_ajc\dma_vitis\dma\_ide\bitstream' in project 'dma'.
03:35:52 INFO  : The file 'C:\Users\33651\Desktop\projet_ajc\dma_vitis\dma\_ide\psinit\ps7_init.tcl' stored in project is removed.
03:35:57 INFO  : The updated ps init files are copied from platform to folder 'C:\Users\33651\Desktop\projet_ajc\dma_vitis\dma\_ide\psinit' in project 'dma'.
03:37:14 INFO  : Result from executing command 'getProjects': dma_test_14
03:37:14 INFO  : Result from executing command 'getPlatforms': dma_test_14|C:/Users/33651/Desktop/projet_ajc/dma_vitis/dma_test_14/export/dma_test_14/dma_test_14.xpfm;dma_test_2|C:/Users/33651/Desktop/projet_ajc/dma_vitis/dma_test_2/export/dma_test_2/dma_test_2.xpfm;dma_test_6|C:/Users/33651/Desktop/projet_ajc/dma_vitis/dma_test_6/export/dma_test_6/dma_test_6.xpfm;dma_test_8|C:/Users/33651/Desktop/projet_ajc/dma_vitis/dma_test_8/export/dma_test_8/dma_test_8.xpfm
03:37:40 INFO  : Disconnected from the channel tcfchan#12.
03:37:41 INFO  : Connected to target on host '127.0.0.1' and port '3121'.
03:37:41 INFO  : Jtag cable 'Digilent Cora Z7 - 7010 210370AD525DA' is selected.
03:37:41 INFO  : 'jtag frequency' command is executed.
03:37:41 INFO  : Context for 'APU' is selected.
03:37:41 INFO  : System reset is completed.
03:37:44 INFO  : 'after 3000' command is executed.
03:37:44 INFO  : 'targets -set -filter {jtag_cable_name =~ "Digilent Cora Z7 - 7010 210370AD525DA" && level==0 && jtag_device_ctx=="jsn-Cora Z7 - 7010-210370AD525DA-13722093-0"}' command is executed.
03:37:46 INFO  : Device configured successfully with "C:/Users/33651/Desktop/projet_ajc/dma_vitis/dma/_ide/bitstream/design_1_wrapper.bit"
03:37:46 INFO  : Context for 'APU' is selected.
03:37:46 INFO  : Hardware design and registers information is loaded from 'C:/Users/33651/Desktop/projet_ajc/dma_vitis/dma_test_14/export/dma_test_14/hw/design_1_wrapper.xsa'.
03:37:46 INFO  : 'configparams force-mem-access 1' command is executed.
03:37:46 INFO  : Context for 'APU' is selected.
03:37:46 INFO  : Sourcing of 'C:/Users/33651/Desktop/projet_ajc/dma_vitis/dma/_ide/psinit/ps7_init.tcl' is done.
03:37:46 INFO  : 'ps7_init' command is executed.
03:37:46 INFO  : 'ps7_post_config' command is executed.
03:37:46 INFO  : Context for processor 'ps7_cortexa9_0' is selected.
03:37:46 INFO  : The application 'C:/Users/33651/Desktop/projet_ajc/dma_vitis/dma/Debug/dma.elf' is downloaded to processor 'ps7_cortexa9_0'.
03:37:46 INFO  : 'configparams force-mem-access 0' command is executed.
03:37:46 INFO  : ----------------XSDB Script----------------
connect -url tcp:127.0.0.1:3121
targets -set -nocase -filter {name =~"APU*"}
rst -system
after 3000
targets -set -filter {jtag_cable_name =~ "Digilent Cora Z7 - 7010 210370AD525DA" && level==0 && jtag_device_ctx=="jsn-Cora Z7 - 7010-210370AD525DA-13722093-0"}
fpga -file C:/Users/33651/Desktop/projet_ajc/dma_vitis/dma/_ide/bitstream/design_1_wrapper.bit
targets -set -nocase -filter {name =~"APU*"}
loadhw -hw C:/Users/33651/Desktop/projet_ajc/dma_vitis/dma_test_14/export/dma_test_14/hw/design_1_wrapper.xsa -mem-ranges [list {0x40000000 0xbfffffff}] -regs
configparams force-mem-access 1
targets -set -nocase -filter {name =~"APU*"}
source C:/Users/33651/Desktop/projet_ajc/dma_vitis/dma/_ide/psinit/ps7_init.tcl
ps7_init
ps7_post_config
targets -set -nocase -filter {name =~ "*A9*#0"}
dow C:/Users/33651/Desktop/projet_ajc/dma_vitis/dma/Debug/dma.elf
configparams force-mem-access 0
----------------End of Script----------------

03:37:46 INFO  : Context for processor 'ps7_cortexa9_0' is selected.
03:37:46 INFO  : 'con' command is executed.
03:37:46 INFO  : ----------------XSDB Script (After Launch)----------------
targets -set -nocase -filter {name =~ "*A9*#0"}
con
----------------End of Script----------------

03:37:46 INFO  : Launch script is exported to file 'C:\Users\33651\Desktop\projet_ajc\dma_vitis\dma_system\_ide\scripts\systemdebugger_dma_system_standalone.tcl'
03:48:34 ERROR : (XSDB Server)Memory write error at 0x43000000. Blocked address 0x43000000. Cannot access FPGA: Level shifters are not enabled

03:48:34 ERROR : (XSDB Server)Memory write error at 0x4300005C. Blocked address 0x4300005C. Cannot access FPGA: Level shifters are not enabled

03:48:34 ERROR : (XSDB Server)Memory write error at 0x43000058. Blocked address 0x43000058. Cannot access FPGA: Level shifters are not enabled

03:48:34 ERROR : (XSDB Server)Memory write error at 0x43000054. Blocked address 0x43000054. Cannot access FPGA: Level shifters are not enabled

03:48:34 ERROR : (XSDB Server)Memory write error at 0x43000050. Blocked address 0x43000050. Cannot access FPGA: Level shifters are not enabled

03:49:25 INFO  : Result from executing command 'getProjects': dma_test_14;dma_test_15
03:49:25 INFO  : Result from executing command 'getPlatforms': dma_test_14|C:/Users/33651/Desktop/projet_ajc/dma_vitis/dma_test_14/export/dma_test_14/dma_test_14.xpfm;dma_test_2|C:/Users/33651/Desktop/projet_ajc/dma_vitis/dma_test_2/export/dma_test_2/dma_test_2.xpfm;dma_test_6|C:/Users/33651/Desktop/projet_ajc/dma_vitis/dma_test_6/export/dma_test_6/dma_test_6.xpfm;dma_test_8|C:/Users/33651/Desktop/projet_ajc/dma_vitis/dma_test_8/export/dma_test_8/dma_test_8.xpfm
03:49:30 ERROR : An unexpected exception occurred in the module 'reading platform'
03:49:33 INFO  : Checking for BSP changes to sync application flags for project 'dma'...
03:49:33 ERROR : Failed to get platform details for the project 'dma'. Cannot sync application flags.
03:49:42 INFO  : The hardware specfication used by project 'dma' is out of sync with the platform. Resource files extracted from the hardware specfiication will be updated.
03:49:44 INFO  : The file 'C:\Users\33651\Desktop\projet_ajc\dma_vitis\dma\_ide\bitstream\design_1_wrapper.bit' stored in project is removed.
03:49:44 INFO  : The updated bitstream files are copied from platform to folder 'C:\Users\33651\Desktop\projet_ajc\dma_vitis\dma\_ide\bitstream' in project 'dma'.
03:49:44 INFO  : The file 'C:\Users\33651\Desktop\projet_ajc\dma_vitis\dma\_ide\psinit\ps7_init.tcl' stored in project is removed.
03:49:48 INFO  : The updated ps init files are copied from platform to folder 'C:\Users\33651\Desktop\projet_ajc\dma_vitis\dma\_ide\psinit' in project 'dma'.
03:50:06 INFO  : Result from executing command 'getProjects': dma_test_15
03:50:06 INFO  : Result from executing command 'getPlatforms': dma_test_15|C:/Users/33651/Desktop/projet_ajc/dma_vitis/dma_test_15/export/dma_test_15/dma_test_15.xpfm;dma_test_2|C:/Users/33651/Desktop/projet_ajc/dma_vitis/dma_test_2/export/dma_test_2/dma_test_2.xpfm;dma_test_6|C:/Users/33651/Desktop/projet_ajc/dma_vitis/dma_test_6/export/dma_test_6/dma_test_6.xpfm;dma_test_8|C:/Users/33651/Desktop/projet_ajc/dma_vitis/dma_test_8/export/dma_test_8/dma_test_8.xpfm
03:50:07 INFO  : Checking for BSP changes to sync application flags for project 'dma'...
03:50:38 INFO  : Disconnected from the channel tcfchan#14.
03:50:39 INFO  : Connected to target on host '127.0.0.1' and port '3121'.
03:50:39 INFO  : Jtag cable 'Digilent Cora Z7 - 7010 210370AD525DA' is selected.
03:50:39 INFO  : 'jtag frequency' command is executed.
03:50:39 INFO  : Context for 'APU' is selected.
03:50:39 INFO  : System reset is completed.
03:50:42 INFO  : 'after 3000' command is executed.
03:50:42 INFO  : 'targets -set -filter {jtag_cable_name =~ "Digilent Cora Z7 - 7010 210370AD525DA" && level==0 && jtag_device_ctx=="jsn-Cora Z7 - 7010-210370AD525DA-13722093-0"}' command is executed.
03:50:43 INFO  : Device configured successfully with "C:/Users/33651/Desktop/projet_ajc/dma_vitis/dma/_ide/bitstream/design_1_wrapper.bit"
03:50:43 INFO  : Context for 'APU' is selected.
03:50:43 INFO  : Hardware design and registers information is loaded from 'C:/Users/33651/Desktop/projet_ajc/dma_vitis/dma_test_15/export/dma_test_15/hw/design_1_wrapper.xsa'.
03:50:43 INFO  : 'configparams force-mem-access 1' command is executed.
03:50:43 INFO  : Context for 'APU' is selected.
03:50:43 INFO  : Sourcing of 'C:/Users/33651/Desktop/projet_ajc/dma_vitis/dma/_ide/psinit/ps7_init.tcl' is done.
03:50:44 INFO  : 'ps7_init' command is executed.
03:50:44 INFO  : 'ps7_post_config' command is executed.
03:50:44 INFO  : Context for processor 'ps7_cortexa9_0' is selected.
03:50:44 INFO  : The application 'C:/Users/33651/Desktop/projet_ajc/dma_vitis/dma/Debug/dma.elf' is downloaded to processor 'ps7_cortexa9_0'.
03:50:44 INFO  : 'configparams force-mem-access 0' command is executed.
03:50:44 INFO  : ----------------XSDB Script----------------
connect -url tcp:127.0.0.1:3121
targets -set -nocase -filter {name =~"APU*"}
rst -system
after 3000
targets -set -filter {jtag_cable_name =~ "Digilent Cora Z7 - 7010 210370AD525DA" && level==0 && jtag_device_ctx=="jsn-Cora Z7 - 7010-210370AD525DA-13722093-0"}
fpga -file C:/Users/33651/Desktop/projet_ajc/dma_vitis/dma/_ide/bitstream/design_1_wrapper.bit
targets -set -nocase -filter {name =~"APU*"}
loadhw -hw C:/Users/33651/Desktop/projet_ajc/dma_vitis/dma_test_15/export/dma_test_15/hw/design_1_wrapper.xsa -mem-ranges [list {0x40000000 0xbfffffff}] -regs
configparams force-mem-access 1
targets -set -nocase -filter {name =~"APU*"}
source C:/Users/33651/Desktop/projet_ajc/dma_vitis/dma/_ide/psinit/ps7_init.tcl
ps7_init
ps7_post_config
targets -set -nocase -filter {name =~ "*A9*#0"}
dow C:/Users/33651/Desktop/projet_ajc/dma_vitis/dma/Debug/dma.elf
configparams force-mem-access 0
----------------End of Script----------------

03:50:44 INFO  : Context for processor 'ps7_cortexa9_0' is selected.
03:50:44 INFO  : 'con' command is executed.
03:50:44 INFO  : ----------------XSDB Script (After Launch)----------------
targets -set -nocase -filter {name =~ "*A9*#0"}
con
----------------End of Script----------------

03:50:44 INFO  : Launch script is exported to file 'C:\Users\33651\Desktop\projet_ajc\dma_vitis\dma_system\_ide\scripts\systemdebugger_dma_system_standalone.tcl'
03:51:32 WARN  : channel "tcfchan#17" closed
03:58:40 ERROR : (XSDB Server)channel "tcfchan#17" closed

03:58:40 ERROR : (XSDB Server)channel "tcfchan#17" closed
channel "tcfchan#17" closed
channel "tcfchan#17" closed

03:58:40 ERROR : (XSDB Server)channel "tcfchan#17" closed

03:58:49 ERROR : (XSDB Server)Invalid context

03:58:49 ERROR : (XSDB Server)Invalid context
Invalid context

03:58:49 ERROR : (XSDB Server)Invalid context

03:58:49 ERROR : (XSDB Server)Invalid context

03:58:57 INFO  : Connected to target on host '127.0.0.1' and port '3121'.
03:59:15 INFO  : ----------------XSDB Script----------------
connect -url tcp:127.0.0.1:3121
----------------End of Script----------------

03:59:15 ERROR : Could not find ARM device on the board for connection 'Local'.
Check if the target is in:
1. Split JTAG - No operations are possible with ARM DAP.
2. Non JTAG bootmode - Bootrom may need time to enable DAP.
Please try again.


Troubleshooting hints:
1. Check whether board is connected to system properly.
2. In case of zynq board, check whether Digilent/Xilinx cable switch settings are correct.
3. If you are using Xilinx Platform Cable USB, ensure that status LED is green.
03:59:38 INFO  : Connected to target on host '127.0.0.1' and port '3121'.
03:59:39 INFO  : Jtag cable 'Digilent Cora Z7 - 7010 210370AD525DA' is selected.
03:59:39 INFO  : 'jtag frequency' command is executed.
03:59:39 INFO  : Context for 'APU' is selected.
03:59:40 INFO  : System reset is completed.
03:59:43 INFO  : 'after 3000' command is executed.
03:59:43 INFO  : 'targets -set -filter {jtag_cable_name =~ "Digilent Cora Z7 - 7010 210370AD525DA" && level==0 && jtag_device_ctx=="jsn-Cora Z7 - 7010-210370AD525DA-13722093-0"}' command is executed.
03:59:45 INFO  : Device configured successfully with "C:/Users/33651/Desktop/projet_ajc/dma_vitis/dma/_ide/bitstream/design_1_wrapper.bit"
03:59:45 INFO  : Context for 'APU' is selected.
03:59:45 INFO  : Hardware design and registers information is loaded from 'C:/Users/33651/Desktop/projet_ajc/dma_vitis/dma_test_15/export/dma_test_15/hw/design_1_wrapper.xsa'.
03:59:45 INFO  : 'configparams force-mem-access 1' command is executed.
03:59:45 INFO  : Context for 'APU' is selected.
03:59:45 INFO  : Sourcing of 'C:/Users/33651/Desktop/projet_ajc/dma_vitis/dma/_ide/psinit/ps7_init.tcl' is done.
03:59:45 INFO  : 'ps7_init' command is executed.
03:59:45 INFO  : 'ps7_post_config' command is executed.
03:59:45 INFO  : Context for processor 'ps7_cortexa9_0' is selected.
03:59:45 INFO  : The application 'C:/Users/33651/Desktop/projet_ajc/dma_vitis/dma/Debug/dma.elf' is downloaded to processor 'ps7_cortexa9_0'.
03:59:45 INFO  : 'configparams force-mem-access 0' command is executed.
03:59:45 INFO  : ----------------XSDB Script----------------
connect -url tcp:127.0.0.1:3121
targets -set -nocase -filter {name =~"APU*"}
rst -system
after 3000
targets -set -filter {jtag_cable_name =~ "Digilent Cora Z7 - 7010 210370AD525DA" && level==0 && jtag_device_ctx=="jsn-Cora Z7 - 7010-210370AD525DA-13722093-0"}
fpga -file C:/Users/33651/Desktop/projet_ajc/dma_vitis/dma/_ide/bitstream/design_1_wrapper.bit
targets -set -nocase -filter {name =~"APU*"}
loadhw -hw C:/Users/33651/Desktop/projet_ajc/dma_vitis/dma_test_15/export/dma_test_15/hw/design_1_wrapper.xsa -mem-ranges [list {0x40000000 0xbfffffff}] -regs
configparams force-mem-access 1
targets -set -nocase -filter {name =~"APU*"}
source C:/Users/33651/Desktop/projet_ajc/dma_vitis/dma/_ide/psinit/ps7_init.tcl
ps7_init
ps7_post_config
targets -set -nocase -filter {name =~ "*A9*#0"}
dow C:/Users/33651/Desktop/projet_ajc/dma_vitis/dma/Debug/dma.elf
configparams force-mem-access 0
----------------End of Script----------------

03:59:45 INFO  : Context for processor 'ps7_cortexa9_0' is selected.
03:59:46 INFO  : 'con' command is executed.
03:59:46 INFO  : ----------------XSDB Script (After Launch)----------------
targets -set -nocase -filter {name =~ "*A9*#0"}
con
----------------End of Script----------------

03:59:46 INFO  : Launch script is exported to file 'C:\Users\33651\Desktop\projet_ajc\dma_vitis\dma_system\_ide\scripts\systemdebugger_dma_system_standalone.tcl'
04:04:07 INFO  : Launching XSCT server: xsct.bat -n  -interactive C:\Users\33651\Desktop\projet_ajc\dma_vitis\temp_xsdb_launch_script.tcl
10:01:33 INFO  : Launching XSCT server: xsct.bat -n  -interactive C:\Users\33651\Desktop\projet_ajc\dma_vitis\temp_xsdb_launch_script.tcl
10:01:37 INFO  : XSCT server has started successfully.
10:01:37 INFO  : Successfully done setting XSCT server connection channel  
10:01:37 INFO  : plnx-install-location is set to ''
10:01:37 INFO  : Successfully done setting workspace for the tool. 
10:01:40 INFO  : Platform repository initialization has completed.
10:01:43 INFO  : Registering command handlers for Vitis TCF services
10:01:49 INFO  : Successfully done query RDI_DATADIR 
10:02:15 INFO  : Result from executing command 'getProjects': dma_test_15
10:02:15 INFO  : Result from executing command 'getPlatforms': dma_test_15|C:/Users/33651/Desktop/projet_ajc/dma_vitis/dma_test_15/export/dma_test_15/dma_test_15.xpfm;dma_test_2|C:/Users/33651/Desktop/projet_ajc/dma_vitis/dma_test_2/export/dma_test_2/dma_test_2.xpfm;dma_test_6|C:/Users/33651/Desktop/projet_ajc/dma_vitis/dma_test_6/export/dma_test_6/dma_test_6.xpfm;dma_test_8|C:/Users/33651/Desktop/projet_ajc/dma_vitis/dma_test_8/export/dma_test_8/dma_test_8.xpfm
10:02:16 INFO  : Checking for BSP changes to sync application flags for project 'dma'...
10:03:29 INFO  : Connected to target on host '127.0.0.1' and port '3121'.
10:03:31 INFO  : Jtag cable 'Digilent Cora Z7 - 7010 210370AD525DA' is selected.
10:03:31 INFO  : 'jtag frequency' command is executed.
10:03:32 INFO  : Context for 'APU' is selected.
10:03:32 INFO  : System reset is completed.
10:03:35 INFO  : 'after 3000' command is executed.
10:03:36 INFO  : 'targets -set -filter {jtag_cable_name =~ "Digilent Cora Z7 - 7010 210370AD525DA" && level==0 && jtag_device_ctx=="jsn-Cora Z7 - 7010-210370AD525DA-13722093-0"}' command is executed.
10:03:37 INFO  : Device configured successfully with "C:/Users/33651/Desktop/projet_ajc/dma_vitis/dma/_ide/bitstream/design_1_wrapper.bit"
10:03:38 INFO  : Context for 'APU' is selected.
10:03:38 INFO  : Hardware design and registers information is loaded from 'C:/Users/33651/Desktop/projet_ajc/dma_vitis/dma_test_15/export/dma_test_15/hw/design_1_wrapper.xsa'.
10:03:38 INFO  : 'configparams force-mem-access 1' command is executed.
10:03:39 INFO  : Context for 'APU' is selected.
10:03:39 INFO  : Sourcing of 'C:/Users/33651/Desktop/projet_ajc/dma_vitis/dma/_ide/psinit/ps7_init.tcl' is done.
10:03:39 INFO  : 'ps7_init' command is executed.
10:03:39 INFO  : 'ps7_post_config' command is executed.
10:03:40 INFO  : Context for processor 'ps7_cortexa9_0' is selected.
10:03:40 INFO  : The application 'C:/Users/33651/Desktop/projet_ajc/dma_vitis/dma/Debug/dma.elf' is downloaded to processor 'ps7_cortexa9_0'.
10:03:41 INFO  : 'configparams force-mem-access 0' command is executed.
10:03:41 INFO  : ----------------XSDB Script----------------
connect -url tcp:127.0.0.1:3121
targets -set -nocase -filter {name =~"APU*"}
rst -system
after 3000
targets -set -filter {jtag_cable_name =~ "Digilent Cora Z7 - 7010 210370AD525DA" && level==0 && jtag_device_ctx=="jsn-Cora Z7 - 7010-210370AD525DA-13722093-0"}
fpga -file C:/Users/33651/Desktop/projet_ajc/dma_vitis/dma/_ide/bitstream/design_1_wrapper.bit
targets -set -nocase -filter {name =~"APU*"}
loadhw -hw C:/Users/33651/Desktop/projet_ajc/dma_vitis/dma_test_15/export/dma_test_15/hw/design_1_wrapper.xsa -mem-ranges [list {0x40000000 0xbfffffff}] -regs
configparams force-mem-access 1
targets -set -nocase -filter {name =~"APU*"}
source C:/Users/33651/Desktop/projet_ajc/dma_vitis/dma/_ide/psinit/ps7_init.tcl
ps7_init
ps7_post_config
targets -set -nocase -filter {name =~ "*A9*#0"}
dow C:/Users/33651/Desktop/projet_ajc/dma_vitis/dma/Debug/dma.elf
configparams force-mem-access 0
----------------End of Script----------------

10:03:41 INFO  : Context for processor 'ps7_cortexa9_0' is selected.
10:03:41 INFO  : 'con' command is executed.
10:03:41 INFO  : ----------------XSDB Script (After Launch)----------------
targets -set -nocase -filter {name =~ "*A9*#0"}
con
----------------End of Script----------------

10:03:41 INFO  : Launch script is exported to file 'C:\Users\33651\Desktop\projet_ajc\dma_vitis\dma_system\_ide\scripts\systemdebugger_dma_system_standalone.tcl'
11:20:11 INFO  : Result from executing command 'getProjects': dma_test_15;dma_test_16
11:20:11 INFO  : Result from executing command 'getPlatforms': dma_test_15|C:/Users/33651/Desktop/projet_ajc/dma_vitis/dma_test_15/export/dma_test_15/dma_test_15.xpfm;dma_test_2|C:/Users/33651/Desktop/projet_ajc/dma_vitis/dma_test_2/export/dma_test_2/dma_test_2.xpfm;dma_test_6|C:/Users/33651/Desktop/projet_ajc/dma_vitis/dma_test_6/export/dma_test_6/dma_test_6.xpfm;dma_test_8|C:/Users/33651/Desktop/projet_ajc/dma_vitis/dma_test_8/export/dma_test_8/dma_test_8.xpfm
11:20:40 INFO  : Result from executing command 'getProjects': dma_test_16
11:20:40 INFO  : Result from executing command 'getPlatforms': dma_test_16|C:/Users/33651/Desktop/projet_ajc/dma_vitis/dma_test_16/export/dma_test_16/dma_test_16.xpfm;dma_test_2|C:/Users/33651/Desktop/projet_ajc/dma_vitis/dma_test_2/export/dma_test_2/dma_test_2.xpfm;dma_test_6|C:/Users/33651/Desktop/projet_ajc/dma_vitis/dma_test_6/export/dma_test_6/dma_test_6.xpfm;dma_test_8|C:/Users/33651/Desktop/projet_ajc/dma_vitis/dma_test_8/export/dma_test_8/dma_test_8.xpfm
11:22:07 ERROR : The platform 'C:/Users/33651/Desktop/projet_ajc/dma_vitis/dma_test_15/export/dma_test_15/dma_test_15.xpfm' used by the system project 'dma_system' is not valid.
11:22:17 INFO  : The hardware specfication used by project 'dma' is out of sync with the platform. Resource files extracted from the hardware specfiication will be updated.
11:22:19 INFO  : The file 'C:\Users\33651\Desktop\projet_ajc\dma_vitis\dma\_ide\bitstream\design_1_wrapper.bit' stored in project is removed.
11:22:19 INFO  : The updated bitstream files are copied from platform to folder 'C:\Users\33651\Desktop\projet_ajc\dma_vitis\dma\_ide\bitstream' in project 'dma'.
11:22:19 INFO  : The file 'C:\Users\33651\Desktop\projet_ajc\dma_vitis\dma\_ide\psinit\ps7_init.tcl' stored in project is removed.
11:22:22 INFO  : The updated ps init files are copied from platform to folder 'C:\Users\33651\Desktop\projet_ajc\dma_vitis\dma\_ide\psinit' in project 'dma'.
11:22:34 INFO  : Disconnected from the channel tcfchan#3.
11:22:34 INFO  : Connected to target on host '127.0.0.1' and port '3121'.
11:22:35 INFO  : Jtag cable 'Digilent Cora Z7 - 7010 210370AD525DA' is selected.
11:22:35 INFO  : 'jtag frequency' command is executed.
11:22:35 INFO  : Context for 'APU' is selected.
11:22:35 ERROR : Cannot reset APU. AP transaction error, DAP status 0xF0000021
11:22:35 INFO  : ----------------XSDB Script----------------
connect -url tcp:127.0.0.1:3121
targets -set -nocase -filter {name =~"APU*"}
rst -system
after 3000
----------------End of Script----------------

11:22:35 ERROR : Cannot reset APU. AP transaction error, DAP status 0xF0000021
11:22:52 INFO  : Connected to target on host '127.0.0.1' and port '3121'.
11:23:01 INFO  : ----------------XSDB Script----------------
connect -url tcp:127.0.0.1:3121
----------------End of Script----------------

11:23:01 ERROR : Could not find ARM device on the board for connection 'Local'.
Check if the target is in:
1. Split JTAG - No operations are possible with ARM DAP.
2. Non JTAG bootmode - Bootrom may need time to enable DAP.
Please try again.


Troubleshooting hints:
1. Check whether board is connected to system properly.
2. In case of zynq board, check whether Digilent/Xilinx cable switch settings are correct.
3. If you are using Xilinx Platform Cable USB, ensure that status LED is green.
11:23:16 INFO  : Checking for BSP changes to sync application flags for project 'dma'...
11:23:33 INFO  : Connected to target on host '127.0.0.1' and port '3121'.
11:23:33 INFO  : Jtag cable 'Digilent Cora Z7 - 7010 210370AD525DA' is selected.
11:23:33 INFO  : 'jtag frequency' command is executed.
11:23:33 INFO  : Context for 'APU' is selected.
11:23:33 INFO  : System reset is completed.
11:23:36 INFO  : 'after 3000' command is executed.
11:23:36 INFO  : 'targets -set -filter {jtag_cable_name =~ "Digilent Cora Z7 - 7010 210370AD525DA" && level==0 && jtag_device_ctx=="jsn-Cora Z7 - 7010-210370AD525DA-13722093-0"}' command is executed.
11:23:37 INFO  : Device configured successfully with "C:/Users/33651/Desktop/projet_ajc/dma_vitis/dma/_ide/bitstream/design_1_wrapper.bit"
11:23:37 INFO  : Context for 'APU' is selected.
11:23:37 INFO  : Hardware design and registers information is loaded from 'C:/Users/33651/Desktop/projet_ajc/dma_vitis/dma_test_16/export/dma_test_16/hw/design_1_wrapper.xsa'.
11:23:37 INFO  : 'configparams force-mem-access 1' command is executed.
11:23:37 INFO  : Context for 'APU' is selected.
11:23:37 INFO  : Sourcing of 'C:/Users/33651/Desktop/projet_ajc/dma_vitis/dma/_ide/psinit/ps7_init.tcl' is done.
11:23:38 INFO  : 'ps7_init' command is executed.
11:23:38 INFO  : 'ps7_post_config' command is executed.
11:23:38 INFO  : Context for processor 'ps7_cortexa9_0' is selected.
11:23:38 INFO  : The application 'C:/Users/33651/Desktop/projet_ajc/dma_vitis/dma/Debug/dma.elf' is downloaded to processor 'ps7_cortexa9_0'.
11:23:38 INFO  : 'configparams force-mem-access 0' command is executed.
11:23:38 INFO  : ----------------XSDB Script----------------
connect -url tcp:127.0.0.1:3121
targets -set -nocase -filter {name =~"APU*"}
rst -system
after 3000
targets -set -filter {jtag_cable_name =~ "Digilent Cora Z7 - 7010 210370AD525DA" && level==0 && jtag_device_ctx=="jsn-Cora Z7 - 7010-210370AD525DA-13722093-0"}
fpga -file C:/Users/33651/Desktop/projet_ajc/dma_vitis/dma/_ide/bitstream/design_1_wrapper.bit
targets -set -nocase -filter {name =~"APU*"}
loadhw -hw C:/Users/33651/Desktop/projet_ajc/dma_vitis/dma_test_16/export/dma_test_16/hw/design_1_wrapper.xsa -mem-ranges [list {0x40000000 0xbfffffff}] -regs
configparams force-mem-access 1
targets -set -nocase -filter {name =~"APU*"}
source C:/Users/33651/Desktop/projet_ajc/dma_vitis/dma/_ide/psinit/ps7_init.tcl
ps7_init
ps7_post_config
targets -set -nocase -filter {name =~ "*A9*#0"}
dow C:/Users/33651/Desktop/projet_ajc/dma_vitis/dma/Debug/dma.elf
configparams force-mem-access 0
----------------End of Script----------------

11:23:38 INFO  : Context for processor 'ps7_cortexa9_0' is selected.
11:23:38 INFO  : 'con' command is executed.
11:23:38 INFO  : ----------------XSDB Script (After Launch)----------------
targets -set -nocase -filter {name =~ "*A9*#0"}
con
----------------End of Script----------------

11:23:38 INFO  : Launch script is exported to file 'C:\Users\33651\Desktop\projet_ajc\dma_vitis\dma_system\_ide\scripts\systemdebugger_dma_system_standalone.tcl'
14:01:45 ERROR : An unexpected exception occurred in the module 'reading platform'
14:02:13 INFO  : Result from executing command 'getProjects': dma_test_17
14:02:13 INFO  : Result from executing command 'getPlatforms': dma_test_2|C:/Users/33651/Desktop/projet_ajc/dma_vitis/dma_test_2/export/dma_test_2/dma_test_2.xpfm;dma_test_6|C:/Users/33651/Desktop/projet_ajc/dma_vitis/dma_test_6/export/dma_test_6/dma_test_6.xpfm;dma_test_8|C:/Users/33651/Desktop/projet_ajc/dma_vitis/dma_test_8/export/dma_test_8/dma_test_8.xpfm
14:02:27 INFO  : Checking for BSP changes to sync application flags for project 'dma'...
14:02:27 ERROR : Failed to get platform details for the project 'dma'. Cannot sync application flags.
14:02:54 INFO  : Result from executing command 'getProjects': dma_test_17
14:02:54 INFO  : Result from executing command 'getPlatforms': dma_test_17|C:/Users/33651/Desktop/projet_ajc/dma_vitis/dma_test_17/export/dma_test_17/dma_test_17.xpfm;dma_test_2|C:/Users/33651/Desktop/projet_ajc/dma_vitis/dma_test_2/export/dma_test_2/dma_test_2.xpfm;dma_test_6|C:/Users/33651/Desktop/projet_ajc/dma_vitis/dma_test_6/export/dma_test_6/dma_test_6.xpfm;dma_test_8|C:/Users/33651/Desktop/projet_ajc/dma_vitis/dma_test_8/export/dma_test_8/dma_test_8.xpfm
14:02:54 INFO  : Checking for BSP changes to sync application flags for project 'dma'...
14:03:19 INFO  : Disconnected from the channel tcfchan#5.
14:03:19 INFO  : Connected to target on host '127.0.0.1' and port '3121'.
14:03:19 INFO  : Jtag cable 'Digilent Cora Z7 - 7010 210370AD525DA' is selected.
14:03:19 INFO  : 'jtag frequency' command is executed.
14:03:19 INFO  : Context for 'APU' is selected.
14:03:20 INFO  : System reset is completed.
14:03:23 INFO  : 'after 3000' command is executed.
14:03:23 INFO  : 'targets -set -filter {jtag_cable_name =~ "Digilent Cora Z7 - 7010 210370AD525DA" && level==0 && jtag_device_ctx=="jsn-Cora Z7 - 7010-210370AD525DA-13722093-0"}' command is executed.
14:03:24 INFO  : Device configured successfully with "C:/Users/33651/Desktop/projet_ajc/dma_vitis/dma/_ide/bitstream/design_1_wrapper.bit"
14:03:24 INFO  : Context for 'APU' is selected.
14:03:24 INFO  : Hardware design and registers information is loaded from 'C:/Users/33651/Desktop/projet_ajc/dma_vitis/dma_test_17/export/dma_test_17/hw/design_1_wrapper.xsa'.
14:03:24 INFO  : 'configparams force-mem-access 1' command is executed.
14:03:24 INFO  : Context for 'APU' is selected.
14:03:24 INFO  : Sourcing of 'C:/Users/33651/Desktop/projet_ajc/dma_vitis/dma/_ide/psinit/ps7_init.tcl' is done.
14:03:24 INFO  : 'ps7_init' command is executed.
14:03:24 INFO  : 'ps7_post_config' command is executed.
14:03:24 INFO  : Context for processor 'ps7_cortexa9_0' is selected.
14:03:25 INFO  : The application 'C:/Users/33651/Desktop/projet_ajc/dma_vitis/dma/Debug/dma.elf' is downloaded to processor 'ps7_cortexa9_0'.
14:03:25 INFO  : 'configparams force-mem-access 0' command is executed.
14:03:25 INFO  : ----------------XSDB Script----------------
connect -url tcp:127.0.0.1:3121
targets -set -nocase -filter {name =~"APU*"}
rst -system
after 3000
targets -set -filter {jtag_cable_name =~ "Digilent Cora Z7 - 7010 210370AD525DA" && level==0 && jtag_device_ctx=="jsn-Cora Z7 - 7010-210370AD525DA-13722093-0"}
fpga -file C:/Users/33651/Desktop/projet_ajc/dma_vitis/dma/_ide/bitstream/design_1_wrapper.bit
targets -set -nocase -filter {name =~"APU*"}
loadhw -hw C:/Users/33651/Desktop/projet_ajc/dma_vitis/dma_test_17/export/dma_test_17/hw/design_1_wrapper.xsa -mem-ranges [list {0x40000000 0xbfffffff}] -regs
configparams force-mem-access 1
targets -set -nocase -filter {name =~"APU*"}
source C:/Users/33651/Desktop/projet_ajc/dma_vitis/dma/_ide/psinit/ps7_init.tcl
ps7_init
ps7_post_config
targets -set -nocase -filter {name =~ "*A9*#0"}
dow C:/Users/33651/Desktop/projet_ajc/dma_vitis/dma/Debug/dma.elf
configparams force-mem-access 0
----------------End of Script----------------

14:03:25 INFO  : Context for processor 'ps7_cortexa9_0' is selected.
14:03:25 INFO  : 'con' command is executed.
14:03:25 INFO  : ----------------XSDB Script (After Launch)----------------
targets -set -nocase -filter {name =~ "*A9*#0"}
con
----------------End of Script----------------

14:03:25 INFO  : Launch script is exported to file 'C:\Users\33651\Desktop\projet_ajc\dma_vitis\dma_system\_ide\scripts\systemdebugger_dma_system_standalone.tcl'
14:26:18 INFO  : Result from executing command 'getProjects': dma_test_17;dma_test_18
14:26:18 INFO  : Result from executing command 'getPlatforms': dma_test_17|C:/Users/33651/Desktop/projet_ajc/dma_vitis/dma_test_17/export/dma_test_17/dma_test_17.xpfm;dma_test_2|C:/Users/33651/Desktop/projet_ajc/dma_vitis/dma_test_2/export/dma_test_2/dma_test_2.xpfm;dma_test_6|C:/Users/33651/Desktop/projet_ajc/dma_vitis/dma_test_6/export/dma_test_6/dma_test_6.xpfm;dma_test_8|C:/Users/33651/Desktop/projet_ajc/dma_vitis/dma_test_8/export/dma_test_8/dma_test_8.xpfm
14:26:25 ERROR : An unexpected exception occurred in the module 'reading platform'
14:26:28 INFO  : Checking for BSP changes to sync application flags for project 'dma'...
14:26:28 ERROR : Failed to get platform details for the project 'dma'. Cannot sync application flags.
14:26:37 INFO  : The hardware specfication used by project 'dma' is out of sync with the platform. Resource files extracted from the hardware specfiication will be updated.
14:26:38 INFO  : The file 'C:\Users\33651\Desktop\projet_ajc\dma_vitis\dma\_ide\bitstream\design_1_wrapper.bit' stored in project is removed.
14:26:38 INFO  : The updated bitstream files are copied from platform to folder 'C:\Users\33651\Desktop\projet_ajc\dma_vitis\dma\_ide\bitstream' in project 'dma'.
14:26:38 INFO  : The file 'C:\Users\33651\Desktop\projet_ajc\dma_vitis\dma\_ide\psinit\ps7_init.tcl' stored in project is removed.
14:26:42 INFO  : The updated ps init files are copied from platform to folder 'C:\Users\33651\Desktop\projet_ajc\dma_vitis\dma\_ide\psinit' in project 'dma'.
14:27:08 INFO  : Result from executing command 'getProjects': dma_test_18
14:27:08 INFO  : Result from executing command 'getPlatforms': dma_test_18|C:/Users/33651/Desktop/projet_ajc/dma_vitis/dma_test_18/export/dma_test_18/dma_test_18.xpfm;dma_test_2|C:/Users/33651/Desktop/projet_ajc/dma_vitis/dma_test_2/export/dma_test_2/dma_test_2.xpfm;dma_test_6|C:/Users/33651/Desktop/projet_ajc/dma_vitis/dma_test_6/export/dma_test_6/dma_test_6.xpfm;dma_test_8|C:/Users/33651/Desktop/projet_ajc/dma_vitis/dma_test_8/export/dma_test_8/dma_test_8.xpfm
14:27:08 INFO  : Checking for BSP changes to sync application flags for project 'dma'...
14:27:23 INFO  : Disconnected from the channel tcfchan#9.
14:27:24 INFO  : Connected to target on host '127.0.0.1' and port '3121'.
14:27:24 INFO  : Jtag cable 'Digilent Cora Z7 - 7010 210370AD525DA' is selected.
14:27:24 INFO  : 'jtag frequency' command is executed.
14:27:24 INFO  : Context for 'APU' is selected.
14:27:24 INFO  : System reset is completed.
14:27:27 INFO  : 'after 3000' command is executed.
14:27:27 INFO  : 'targets -set -filter {jtag_cable_name =~ "Digilent Cora Z7 - 7010 210370AD525DA" && level==0 && jtag_device_ctx=="jsn-Cora Z7 - 7010-210370AD525DA-13722093-0"}' command is executed.
14:27:28 INFO  : Device configured successfully with "C:/Users/33651/Desktop/projet_ajc/dma_vitis/dma/_ide/bitstream/design_1_wrapper.bit"
14:27:28 INFO  : Context for 'APU' is selected.
14:27:28 INFO  : Hardware design and registers information is loaded from 'C:/Users/33651/Desktop/projet_ajc/dma_vitis/dma_test_18/export/dma_test_18/hw/design_1_wrapper.xsa'.
14:27:28 INFO  : 'configparams force-mem-access 1' command is executed.
14:27:29 INFO  : Context for 'APU' is selected.
14:27:29 INFO  : Sourcing of 'C:/Users/33651/Desktop/projet_ajc/dma_vitis/dma/_ide/psinit/ps7_init.tcl' is done.
14:27:29 INFO  : 'ps7_init' command is executed.
14:27:29 INFO  : 'ps7_post_config' command is executed.
14:27:29 INFO  : Context for processor 'ps7_cortexa9_0' is selected.
14:27:29 INFO  : The application 'C:/Users/33651/Desktop/projet_ajc/dma_vitis/dma/Debug/dma.elf' is downloaded to processor 'ps7_cortexa9_0'.
14:27:29 INFO  : 'configparams force-mem-access 0' command is executed.
14:27:29 INFO  : ----------------XSDB Script----------------
connect -url tcp:127.0.0.1:3121
targets -set -nocase -filter {name =~"APU*"}
rst -system
after 3000
targets -set -filter {jtag_cable_name =~ "Digilent Cora Z7 - 7010 210370AD525DA" && level==0 && jtag_device_ctx=="jsn-Cora Z7 - 7010-210370AD525DA-13722093-0"}
fpga -file C:/Users/33651/Desktop/projet_ajc/dma_vitis/dma/_ide/bitstream/design_1_wrapper.bit
targets -set -nocase -filter {name =~"APU*"}
loadhw -hw C:/Users/33651/Desktop/projet_ajc/dma_vitis/dma_test_18/export/dma_test_18/hw/design_1_wrapper.xsa -mem-ranges [list {0x40000000 0xbfffffff}] -regs
configparams force-mem-access 1
targets -set -nocase -filter {name =~"APU*"}
source C:/Users/33651/Desktop/projet_ajc/dma_vitis/dma/_ide/psinit/ps7_init.tcl
ps7_init
ps7_post_config
targets -set -nocase -filter {name =~ "*A9*#0"}
dow C:/Users/33651/Desktop/projet_ajc/dma_vitis/dma/Debug/dma.elf
configparams force-mem-access 0
----------------End of Script----------------

14:27:29 INFO  : Context for processor 'ps7_cortexa9_0' is selected.
14:27:29 INFO  : 'con' command is executed.
14:27:29 INFO  : ----------------XSDB Script (After Launch)----------------
targets -set -nocase -filter {name =~ "*A9*#0"}
con
----------------End of Script----------------

14:27:29 INFO  : Launch script is exported to file 'C:\Users\33651\Desktop\projet_ajc\dma_vitis\dma_system\_ide\scripts\systemdebugger_dma_system_standalone.tcl'
14:38:58 INFO  : Result from executing command 'getProjects': dma_test_18;dma_test_19
14:38:58 INFO  : Result from executing command 'getPlatforms': dma_test_2|C:/Users/33651/Desktop/projet_ajc/dma_vitis/dma_test_2/export/dma_test_2/dma_test_2.xpfm;dma_test_6|C:/Users/33651/Desktop/projet_ajc/dma_vitis/dma_test_6/export/dma_test_6/dma_test_6.xpfm;dma_test_8|C:/Users/33651/Desktop/projet_ajc/dma_vitis/dma_test_8/export/dma_test_8/dma_test_8.xpfm
14:39:25 ERROR : An unexpected exception occurred in the module 'reading platform'
14:39:53 INFO  : Result from executing command 'getProjects': dma_test_19
14:39:53 INFO  : Result from executing command 'getPlatforms': dma_test_19|C:/Users/33651/Desktop/projet_ajc/dma_vitis/dma_test_19/export/dma_test_19/dma_test_19.xpfm;dma_test_2|C:/Users/33651/Desktop/projet_ajc/dma_vitis/dma_test_2/export/dma_test_2/dma_test_2.xpfm;dma_test_6|C:/Users/33651/Desktop/projet_ajc/dma_vitis/dma_test_6/export/dma_test_6/dma_test_6.xpfm;dma_test_8|C:/Users/33651/Desktop/projet_ajc/dma_vitis/dma_test_8/export/dma_test_8/dma_test_8.xpfm
14:39:53 INFO  : Checking for BSP changes to sync application flags for project 'dma'...
14:40:26 INFO  : Disconnected from the channel tcfchan#12.
14:40:26 INFO  : Connected to target on host '127.0.0.1' and port '3121'.
14:40:26 INFO  : Jtag cable 'Digilent Cora Z7 - 7010 210370AD525DA' is selected.
14:40:26 INFO  : 'jtag frequency' command is executed.
14:40:26 INFO  : Context for 'APU' is selected.
14:40:26 INFO  : System reset is completed.
14:40:29 INFO  : 'after 3000' command is executed.
14:40:30 INFO  : 'targets -set -filter {jtag_cable_name =~ "Digilent Cora Z7 - 7010 210370AD525DA" && level==0 && jtag_device_ctx=="jsn-Cora Z7 - 7010-210370AD525DA-13722093-0"}' command is executed.
14:40:31 INFO  : Device configured successfully with "C:/Users/33651/Desktop/projet_ajc/dma_vitis/dma/_ide/bitstream/design_1_wrapper.bit"
14:40:31 INFO  : Context for 'APU' is selected.
14:40:31 INFO  : Hardware design and registers information is loaded from 'C:/Users/33651/Desktop/projet_ajc/dma_vitis/dma_test_19/export/dma_test_19/hw/design_1_wrapper.xsa'.
14:40:31 INFO  : 'configparams force-mem-access 1' command is executed.
14:40:31 INFO  : Context for 'APU' is selected.
14:40:31 INFO  : Sourcing of 'C:/Users/33651/Desktop/projet_ajc/dma_vitis/dma/_ide/psinit/ps7_init.tcl' is done.
14:40:31 INFO  : 'ps7_init' command is executed.
14:40:31 INFO  : 'ps7_post_config' command is executed.
14:40:31 INFO  : Context for processor 'ps7_cortexa9_0' is selected.
14:40:31 INFO  : The application 'C:/Users/33651/Desktop/projet_ajc/dma_vitis/dma/Debug/dma.elf' is downloaded to processor 'ps7_cortexa9_0'.
14:40:31 INFO  : 'configparams force-mem-access 0' command is executed.
14:40:31 INFO  : ----------------XSDB Script----------------
connect -url tcp:127.0.0.1:3121
targets -set -nocase -filter {name =~"APU*"}
rst -system
after 3000
targets -set -filter {jtag_cable_name =~ "Digilent Cora Z7 - 7010 210370AD525DA" && level==0 && jtag_device_ctx=="jsn-Cora Z7 - 7010-210370AD525DA-13722093-0"}
fpga -file C:/Users/33651/Desktop/projet_ajc/dma_vitis/dma/_ide/bitstream/design_1_wrapper.bit
targets -set -nocase -filter {name =~"APU*"}
loadhw -hw C:/Users/33651/Desktop/projet_ajc/dma_vitis/dma_test_19/export/dma_test_19/hw/design_1_wrapper.xsa -mem-ranges [list {0x40000000 0xbfffffff}] -regs
configparams force-mem-access 1
targets -set -nocase -filter {name =~"APU*"}
source C:/Users/33651/Desktop/projet_ajc/dma_vitis/dma/_ide/psinit/ps7_init.tcl
ps7_init
ps7_post_config
targets -set -nocase -filter {name =~ "*A9*#0"}
dow C:/Users/33651/Desktop/projet_ajc/dma_vitis/dma/Debug/dma.elf
configparams force-mem-access 0
----------------End of Script----------------

14:40:32 INFO  : Context for processor 'ps7_cortexa9_0' is selected.
14:40:32 INFO  : 'con' command is executed.
14:40:32 INFO  : ----------------XSDB Script (After Launch)----------------
targets -set -nocase -filter {name =~ "*A9*#0"}
con
----------------End of Script----------------

14:40:32 INFO  : Launch script is exported to file 'C:\Users\33651\Desktop\projet_ajc\dma_vitis\dma_system\_ide\scripts\systemdebugger_dma_system_standalone.tcl'
14:46:39 ERROR : An unexpected exception occurred in the module 'reading platform'
14:47:19 INFO  : Result from executing command 'getProjects': dma_test_20
14:47:19 INFO  : Result from executing command 'getPlatforms': dma_test_2|C:/Users/33651/Desktop/projet_ajc/dma_vitis/dma_test_2/export/dma_test_2/dma_test_2.xpfm;dma_test_6|C:/Users/33651/Desktop/projet_ajc/dma_vitis/dma_test_6/export/dma_test_6/dma_test_6.xpfm;dma_test_8|C:/Users/33651/Desktop/projet_ajc/dma_vitis/dma_test_8/export/dma_test_8/dma_test_8.xpfm
14:47:37 INFO  : The hardware specfication used by project 'dma' is out of sync with the platform. Resource files extracted from the hardware specfiication will be updated.
14:47:39 INFO  : The file 'C:\Users\33651\Desktop\projet_ajc\dma_vitis\dma\_ide\bitstream\design_1_wrapper.bit' stored in project is removed.
14:47:39 INFO  : The updated bitstream files are copied from platform to folder 'C:\Users\33651\Desktop\projet_ajc\dma_vitis\dma\_ide\bitstream' in project 'dma'.
14:47:39 INFO  : The file 'C:\Users\33651\Desktop\projet_ajc\dma_vitis\dma\_ide\psinit\ps7_init.tcl' stored in project is removed.
14:47:42 INFO  : The updated ps init files are copied from platform to folder 'C:\Users\33651\Desktop\projet_ajc\dma_vitis\dma\_ide\psinit' in project 'dma'.
14:48:13 INFO  : Result from executing command 'getProjects': dma_test_20
14:48:13 INFO  : Result from executing command 'getPlatforms': dma_test_20|C:/Users/33651/Desktop/projet_ajc/dma_vitis/dma_test_20/export/dma_test_20/dma_test_20.xpfm;dma_test_2|C:/Users/33651/Desktop/projet_ajc/dma_vitis/dma_test_2/export/dma_test_2/dma_test_2.xpfm;dma_test_6|C:/Users/33651/Desktop/projet_ajc/dma_vitis/dma_test_6/export/dma_test_6/dma_test_6.xpfm;dma_test_8|C:/Users/33651/Desktop/projet_ajc/dma_vitis/dma_test_8/export/dma_test_8/dma_test_8.xpfm
14:48:14 INFO  : Checking for BSP changes to sync application flags for project 'dma'...
14:49:31 INFO  : Disconnected from the channel tcfchan#15.
14:49:32 INFO  : Connected to target on host '127.0.0.1' and port '3121'.
14:49:32 INFO  : Jtag cable 'Digilent Cora Z7 - 7010 210370AD525DA' is selected.
14:49:32 INFO  : 'jtag frequency' command is executed.
14:49:32 INFO  : Context for 'APU' is selected.
14:49:32 INFO  : System reset is completed.
14:49:35 INFO  : 'after 3000' command is executed.
14:49:35 INFO  : 'targets -set -filter {jtag_cable_name =~ "Digilent Cora Z7 - 7010 210370AD525DA" && level==0 && jtag_device_ctx=="jsn-Cora Z7 - 7010-210370AD525DA-13722093-0"}' command is executed.
14:49:37 INFO  : Device configured successfully with "C:/Users/33651/Desktop/projet_ajc/dma_vitis/dma/_ide/bitstream/design_1_wrapper.bit"
14:49:37 INFO  : Context for 'APU' is selected.
14:49:37 INFO  : Hardware design and registers information is loaded from 'C:/Users/33651/Desktop/projet_ajc/dma_vitis/dma_test_20/export/dma_test_20/hw/design_1_wrapper.xsa'.
14:49:37 INFO  : 'configparams force-mem-access 1' command is executed.
14:49:37 INFO  : Context for 'APU' is selected.
14:49:37 INFO  : Sourcing of 'C:/Users/33651/Desktop/projet_ajc/dma_vitis/dma/_ide/psinit/ps7_init.tcl' is done.
14:49:37 INFO  : 'ps7_init' command is executed.
14:49:37 INFO  : 'ps7_post_config' command is executed.
14:49:37 INFO  : Context for processor 'ps7_cortexa9_0' is selected.
14:49:37 INFO  : The application 'C:/Users/33651/Desktop/projet_ajc/dma_vitis/dma/Debug/dma.elf' is downloaded to processor 'ps7_cortexa9_0'.
14:49:37 INFO  : 'configparams force-mem-access 0' command is executed.
14:49:37 INFO  : ----------------XSDB Script----------------
connect -url tcp:127.0.0.1:3121
targets -set -nocase -filter {name =~"APU*"}
rst -system
after 3000
targets -set -filter {jtag_cable_name =~ "Digilent Cora Z7 - 7010 210370AD525DA" && level==0 && jtag_device_ctx=="jsn-Cora Z7 - 7010-210370AD525DA-13722093-0"}
fpga -file C:/Users/33651/Desktop/projet_ajc/dma_vitis/dma/_ide/bitstream/design_1_wrapper.bit
targets -set -nocase -filter {name =~"APU*"}
loadhw -hw C:/Users/33651/Desktop/projet_ajc/dma_vitis/dma_test_20/export/dma_test_20/hw/design_1_wrapper.xsa -mem-ranges [list {0x40000000 0xbfffffff}] -regs
configparams force-mem-access 1
targets -set -nocase -filter {name =~"APU*"}
source C:/Users/33651/Desktop/projet_ajc/dma_vitis/dma/_ide/psinit/ps7_init.tcl
ps7_init
ps7_post_config
targets -set -nocase -filter {name =~ "*A9*#0"}
dow C:/Users/33651/Desktop/projet_ajc/dma_vitis/dma/Debug/dma.elf
configparams force-mem-access 0
----------------End of Script----------------

14:49:37 INFO  : Context for processor 'ps7_cortexa9_0' is selected.
14:49:37 INFO  : 'con' command is executed.
14:49:37 INFO  : ----------------XSDB Script (After Launch)----------------
targets -set -nocase -filter {name =~ "*A9*#0"}
con
----------------End of Script----------------

14:49:37 INFO  : Launch script is exported to file 'C:\Users\33651\Desktop\projet_ajc\dma_vitis\dma_system\_ide\scripts\systemdebugger_dma_system_standalone.tcl'
14:54:51 ERROR : An unexpected exception occurred in the module 'reading platform'
14:55:21 INFO  : Result from executing command 'getProjects': dma_test_21
14:55:21 INFO  : Result from executing command 'getPlatforms': dma_test_2|C:/Users/33651/Desktop/projet_ajc/dma_vitis/dma_test_2/export/dma_test_2/dma_test_2.xpfm;dma_test_6|C:/Users/33651/Desktop/projet_ajc/dma_vitis/dma_test_6/export/dma_test_6/dma_test_6.xpfm;dma_test_8|C:/Users/33651/Desktop/projet_ajc/dma_vitis/dma_test_8/export/dma_test_8/dma_test_8.xpfm
14:55:47 INFO  : The hardware specfication used by project 'dma' is out of sync with the platform. Resource files extracted from the hardware specfiication will be updated.
14:55:49 INFO  : The file 'C:\Users\33651\Desktop\projet_ajc\dma_vitis\dma\_ide\bitstream\design_1_wrapper.bit' stored in project is removed.
14:55:49 INFO  : The updated bitstream files are copied from platform to folder 'C:\Users\33651\Desktop\projet_ajc\dma_vitis\dma\_ide\bitstream' in project 'dma'.
14:55:49 INFO  : The file 'C:\Users\33651\Desktop\projet_ajc\dma_vitis\dma\_ide\psinit\ps7_init.tcl' stored in project is removed.
14:55:53 INFO  : The updated ps init files are copied from platform to folder 'C:\Users\33651\Desktop\projet_ajc\dma_vitis\dma\_ide\psinit' in project 'dma'.
14:56:23 INFO  : Result from executing command 'getProjects': dma_test_21
14:56:23 INFO  : Result from executing command 'getPlatforms': dma_test_21|C:/Users/33651/Desktop/projet_ajc/dma_vitis/dma_test_21/export/dma_test_21/dma_test_21.xpfm;dma_test_2|C:/Users/33651/Desktop/projet_ajc/dma_vitis/dma_test_2/export/dma_test_2/dma_test_2.xpfm;dma_test_6|C:/Users/33651/Desktop/projet_ajc/dma_vitis/dma_test_6/export/dma_test_6/dma_test_6.xpfm;dma_test_8|C:/Users/33651/Desktop/projet_ajc/dma_vitis/dma_test_8/export/dma_test_8/dma_test_8.xpfm
14:56:24 INFO  : Checking for BSP changes to sync application flags for project 'dma'...
14:57:12 INFO  : Disconnected from the channel tcfchan#18.
14:57:13 INFO  : Connected to target on host '127.0.0.1' and port '3121'.
14:57:13 INFO  : Jtag cable 'Digilent Cora Z7 - 7010 210370AD525DA' is selected.
14:57:13 INFO  : 'jtag frequency' command is executed.
14:57:13 INFO  : Context for 'APU' is selected.
14:57:13 INFO  : System reset is completed.
14:57:16 INFO  : 'after 3000' command is executed.
14:57:16 INFO  : 'targets -set -filter {jtag_cable_name =~ "Digilent Cora Z7 - 7010 210370AD525DA" && level==0 && jtag_device_ctx=="jsn-Cora Z7 - 7010-210370AD525DA-13722093-0"}' command is executed.
14:57:18 INFO  : Device configured successfully with "C:/Users/33651/Desktop/projet_ajc/dma_vitis/dma/_ide/bitstream/design_1_wrapper.bit"
14:57:18 INFO  : Context for 'APU' is selected.
14:57:18 INFO  : Hardware design and registers information is loaded from 'C:/Users/33651/Desktop/projet_ajc/dma_vitis/dma_test_21/export/dma_test_21/hw/design_1_wrapper.xsa'.
14:57:18 INFO  : 'configparams force-mem-access 1' command is executed.
14:57:18 INFO  : Context for 'APU' is selected.
14:57:18 INFO  : Sourcing of 'C:/Users/33651/Desktop/projet_ajc/dma_vitis/dma/_ide/psinit/ps7_init.tcl' is done.
14:57:18 INFO  : 'ps7_init' command is executed.
14:57:18 INFO  : 'ps7_post_config' command is executed.
14:57:18 INFO  : Context for processor 'ps7_cortexa9_0' is selected.
14:57:18 INFO  : The application 'C:/Users/33651/Desktop/projet_ajc/dma_vitis/dma/Debug/dma.elf' is downloaded to processor 'ps7_cortexa9_0'.
14:57:18 INFO  : 'configparams force-mem-access 0' command is executed.
14:57:18 INFO  : ----------------XSDB Script----------------
connect -url tcp:127.0.0.1:3121
targets -set -nocase -filter {name =~"APU*"}
rst -system
after 3000
targets -set -filter {jtag_cable_name =~ "Digilent Cora Z7 - 7010 210370AD525DA" && level==0 && jtag_device_ctx=="jsn-Cora Z7 - 7010-210370AD525DA-13722093-0"}
fpga -file C:/Users/33651/Desktop/projet_ajc/dma_vitis/dma/_ide/bitstream/design_1_wrapper.bit
targets -set -nocase -filter {name =~"APU*"}
loadhw -hw C:/Users/33651/Desktop/projet_ajc/dma_vitis/dma_test_21/export/dma_test_21/hw/design_1_wrapper.xsa -mem-ranges [list {0x40000000 0xbfffffff}] -regs
configparams force-mem-access 1
targets -set -nocase -filter {name =~"APU*"}
source C:/Users/33651/Desktop/projet_ajc/dma_vitis/dma/_ide/psinit/ps7_init.tcl
ps7_init
ps7_post_config
targets -set -nocase -filter {name =~ "*A9*#0"}
dow C:/Users/33651/Desktop/projet_ajc/dma_vitis/dma/Debug/dma.elf
configparams force-mem-access 0
----------------End of Script----------------

14:57:18 INFO  : Context for processor 'ps7_cortexa9_0' is selected.
14:57:18 INFO  : 'con' command is executed.
14:57:18 INFO  : ----------------XSDB Script (After Launch)----------------
targets -set -nocase -filter {name =~ "*A9*#0"}
con
----------------End of Script----------------

14:57:18 INFO  : Launch script is exported to file 'C:\Users\33651\Desktop\projet_ajc\dma_vitis\dma_system\_ide\scripts\systemdebugger_dma_system_standalone.tcl'
15:03:21 ERROR : An unexpected exception occurred in the module 'reading platform'
15:04:07 INFO  : Result from executing command 'getProjects': dma_test_22
15:04:07 INFO  : Result from executing command 'getPlatforms': dma_test_2|C:/Users/33651/Desktop/projet_ajc/dma_vitis/dma_test_2/export/dma_test_2/dma_test_2.xpfm;dma_test_6|C:/Users/33651/Desktop/projet_ajc/dma_vitis/dma_test_6/export/dma_test_6/dma_test_6.xpfm;dma_test_8|C:/Users/33651/Desktop/projet_ajc/dma_vitis/dma_test_8/export/dma_test_8/dma_test_8.xpfm
15:04:18 INFO  : The hardware specfication used by project 'dma' is out of sync with the platform. Resource files extracted from the hardware specfiication will be updated.
15:04:19 INFO  : The file 'C:\Users\33651\Desktop\projet_ajc\dma_vitis\dma\_ide\bitstream\design_1_wrapper.bit' stored in project is removed.
15:04:19 INFO  : The updated bitstream files are copied from platform to folder 'C:\Users\33651\Desktop\projet_ajc\dma_vitis\dma\_ide\bitstream' in project 'dma'.
15:04:19 INFO  : The file 'C:\Users\33651\Desktop\projet_ajc\dma_vitis\dma\_ide\psinit\ps7_init.tcl' stored in project is removed.
15:04:22 INFO  : The updated ps init files are copied from platform to folder 'C:\Users\33651\Desktop\projet_ajc\dma_vitis\dma\_ide\psinit' in project 'dma'.
15:04:42 INFO  : Result from executing command 'getProjects': dma_test_22
15:04:42 INFO  : Result from executing command 'getPlatforms': dma_test_22|C:/Users/33651/Desktop/projet_ajc/dma_vitis/dma_test_22/export/dma_test_22/dma_test_22.xpfm;dma_test_2|C:/Users/33651/Desktop/projet_ajc/dma_vitis/dma_test_2/export/dma_test_2/dma_test_2.xpfm;dma_test_6|C:/Users/33651/Desktop/projet_ajc/dma_vitis/dma_test_6/export/dma_test_6/dma_test_6.xpfm;dma_test_8|C:/Users/33651/Desktop/projet_ajc/dma_vitis/dma_test_8/export/dma_test_8/dma_test_8.xpfm
15:04:42 INFO  : Checking for BSP changes to sync application flags for project 'dma'...
15:05:27 INFO  : Disconnected from the channel tcfchan#21.
15:05:27 INFO  : Connected to target on host '127.0.0.1' and port '3121'.
15:05:27 INFO  : Jtag cable 'Digilent Cora Z7 - 7010 210370AD525DA' is selected.
15:05:27 INFO  : 'jtag frequency' command is executed.
15:05:27 INFO  : Context for 'APU' is selected.
15:05:27 INFO  : System reset is completed.
15:05:30 INFO  : 'after 3000' command is executed.
15:05:30 INFO  : 'targets -set -filter {jtag_cable_name =~ "Digilent Cora Z7 - 7010 210370AD525DA" && level==0 && jtag_device_ctx=="jsn-Cora Z7 - 7010-210370AD525DA-13722093-0"}' command is executed.
15:05:32 INFO  : Device configured successfully with "C:/Users/33651/Desktop/projet_ajc/dma_vitis/dma/_ide/bitstream/design_1_wrapper.bit"
15:05:32 INFO  : Context for 'APU' is selected.
15:05:32 INFO  : Hardware design and registers information is loaded from 'C:/Users/33651/Desktop/projet_ajc/dma_vitis/dma_test_22/export/dma_test_22/hw/design_1_wrapper.xsa'.
15:05:32 INFO  : 'configparams force-mem-access 1' command is executed.
15:05:32 INFO  : Context for 'APU' is selected.
15:05:32 INFO  : Sourcing of 'C:/Users/33651/Desktop/projet_ajc/dma_vitis/dma/_ide/psinit/ps7_init.tcl' is done.
15:05:32 INFO  : 'ps7_init' command is executed.
15:05:32 INFO  : 'ps7_post_config' command is executed.
15:05:32 INFO  : Context for processor 'ps7_cortexa9_0' is selected.
15:05:32 INFO  : The application 'C:/Users/33651/Desktop/projet_ajc/dma_vitis/dma/Debug/dma.elf' is downloaded to processor 'ps7_cortexa9_0'.
15:05:32 INFO  : 'configparams force-mem-access 0' command is executed.
15:05:32 INFO  : ----------------XSDB Script----------------
connect -url tcp:127.0.0.1:3121
targets -set -nocase -filter {name =~"APU*"}
rst -system
after 3000
targets -set -filter {jtag_cable_name =~ "Digilent Cora Z7 - 7010 210370AD525DA" && level==0 && jtag_device_ctx=="jsn-Cora Z7 - 7010-210370AD525DA-13722093-0"}
fpga -file C:/Users/33651/Desktop/projet_ajc/dma_vitis/dma/_ide/bitstream/design_1_wrapper.bit
targets -set -nocase -filter {name =~"APU*"}
loadhw -hw C:/Users/33651/Desktop/projet_ajc/dma_vitis/dma_test_22/export/dma_test_22/hw/design_1_wrapper.xsa -mem-ranges [list {0x40000000 0xbfffffff}] -regs
configparams force-mem-access 1
targets -set -nocase -filter {name =~"APU*"}
source C:/Users/33651/Desktop/projet_ajc/dma_vitis/dma/_ide/psinit/ps7_init.tcl
ps7_init
ps7_post_config
targets -set -nocase -filter {name =~ "*A9*#0"}
dow C:/Users/33651/Desktop/projet_ajc/dma_vitis/dma/Debug/dma.elf
configparams force-mem-access 0
----------------End of Script----------------

15:05:33 INFO  : Context for processor 'ps7_cortexa9_0' is selected.
15:05:33 INFO  : 'con' command is executed.
15:05:33 INFO  : ----------------XSDB Script (After Launch)----------------
targets -set -nocase -filter {name =~ "*A9*#0"}
con
----------------End of Script----------------

15:05:33 INFO  : Launch script is exported to file 'C:\Users\33651\Desktop\projet_ajc\dma_vitis\dma_system\_ide\scripts\systemdebugger_dma_system_standalone.tcl'
15:11:35 ERROR : An unexpected exception occurred in the module 'reading platform'
15:12:22 INFO  : Result from executing command 'getProjects': dma_test_23
15:12:22 INFO  : Result from executing command 'getPlatforms': dma_test_2|C:/Users/33651/Desktop/projet_ajc/dma_vitis/dma_test_2/export/dma_test_2/dma_test_2.xpfm;dma_test_6|C:/Users/33651/Desktop/projet_ajc/dma_vitis/dma_test_6/export/dma_test_6/dma_test_6.xpfm;dma_test_8|C:/Users/33651/Desktop/projet_ajc/dma_vitis/dma_test_8/export/dma_test_8/dma_test_8.xpfm
15:12:31 INFO  : The hardware specfication used by project 'dma' is out of sync with the platform. Resource files extracted from the hardware specfiication will be updated.
15:12:33 INFO  : The file 'C:\Users\33651\Desktop\projet_ajc\dma_vitis\dma\_ide\bitstream\design_1_wrapper.bit' stored in project is removed.
15:12:33 INFO  : The updated bitstream files are copied from platform to folder 'C:\Users\33651\Desktop\projet_ajc\dma_vitis\dma\_ide\bitstream' in project 'dma'.
15:12:33 INFO  : The file 'C:\Users\33651\Desktop\projet_ajc\dma_vitis\dma\_ide\psinit\ps7_init.tcl' stored in project is removed.
15:12:37 INFO  : The updated ps init files are copied from platform to folder 'C:\Users\33651\Desktop\projet_ajc\dma_vitis\dma\_ide\psinit' in project 'dma'.
15:13:13 INFO  : Result from executing command 'getProjects': dma_test_23
15:13:13 INFO  : Result from executing command 'getPlatforms': dma_test_23|C:/Users/33651/Desktop/projet_ajc/dma_vitis/dma_test_23/export/dma_test_23/dma_test_23.xpfm;dma_test_2|C:/Users/33651/Desktop/projet_ajc/dma_vitis/dma_test_2/export/dma_test_2/dma_test_2.xpfm;dma_test_6|C:/Users/33651/Desktop/projet_ajc/dma_vitis/dma_test_6/export/dma_test_6/dma_test_6.xpfm;dma_test_8|C:/Users/33651/Desktop/projet_ajc/dma_vitis/dma_test_8/export/dma_test_8/dma_test_8.xpfm
15:13:13 INFO  : Checking for BSP changes to sync application flags for project 'dma'...
15:13:26 INFO  : Disconnected from the channel tcfchan#24.
15:13:26 INFO  : Connected to target on host '127.0.0.1' and port '3121'.
15:13:27 INFO  : Jtag cable 'Digilent Cora Z7 - 7010 210370AD525DA' is selected.
15:13:27 INFO  : 'jtag frequency' command is executed.
15:13:27 INFO  : Context for 'APU' is selected.
15:13:27 INFO  : System reset is completed.
15:13:30 INFO  : 'after 3000' command is executed.
15:13:30 INFO  : 'targets -set -filter {jtag_cable_name =~ "Digilent Cora Z7 - 7010 210370AD525DA" && level==0 && jtag_device_ctx=="jsn-Cora Z7 - 7010-210370AD525DA-13722093-0"}' command is executed.
15:13:31 INFO  : Device configured successfully with "C:/Users/33651/Desktop/projet_ajc/dma_vitis/dma/_ide/bitstream/design_1_wrapper.bit"
15:13:31 INFO  : Context for 'APU' is selected.
15:13:31 INFO  : Hardware design and registers information is loaded from 'C:/Users/33651/Desktop/projet_ajc/dma_vitis/dma_test_23/export/dma_test_23/hw/design_1_wrapper.xsa'.
15:13:31 INFO  : 'configparams force-mem-access 1' command is executed.
15:13:31 INFO  : Context for 'APU' is selected.
15:13:31 INFO  : Sourcing of 'C:/Users/33651/Desktop/projet_ajc/dma_vitis/dma/_ide/psinit/ps7_init.tcl' is done.
15:13:32 INFO  : 'ps7_init' command is executed.
15:13:32 INFO  : 'ps7_post_config' command is executed.
15:13:32 INFO  : Context for processor 'ps7_cortexa9_0' is selected.
15:13:32 INFO  : The application 'C:/Users/33651/Desktop/projet_ajc/dma_vitis/dma/Debug/dma.elf' is downloaded to processor 'ps7_cortexa9_0'.
15:13:32 INFO  : 'configparams force-mem-access 0' command is executed.
15:13:32 INFO  : ----------------XSDB Script----------------
connect -url tcp:127.0.0.1:3121
targets -set -nocase -filter {name =~"APU*"}
rst -system
after 3000
targets -set -filter {jtag_cable_name =~ "Digilent Cora Z7 - 7010 210370AD525DA" && level==0 && jtag_device_ctx=="jsn-Cora Z7 - 7010-210370AD525DA-13722093-0"}
fpga -file C:/Users/33651/Desktop/projet_ajc/dma_vitis/dma/_ide/bitstream/design_1_wrapper.bit
targets -set -nocase -filter {name =~"APU*"}
loadhw -hw C:/Users/33651/Desktop/projet_ajc/dma_vitis/dma_test_23/export/dma_test_23/hw/design_1_wrapper.xsa -mem-ranges [list {0x40000000 0xbfffffff}] -regs
configparams force-mem-access 1
targets -set -nocase -filter {name =~"APU*"}
source C:/Users/33651/Desktop/projet_ajc/dma_vitis/dma/_ide/psinit/ps7_init.tcl
ps7_init
ps7_post_config
targets -set -nocase -filter {name =~ "*A9*#0"}
dow C:/Users/33651/Desktop/projet_ajc/dma_vitis/dma/Debug/dma.elf
configparams force-mem-access 0
----------------End of Script----------------

15:13:32 INFO  : Context for processor 'ps7_cortexa9_0' is selected.
15:13:32 INFO  : 'con' command is executed.
15:13:32 INFO  : ----------------XSDB Script (After Launch)----------------
targets -set -nocase -filter {name =~ "*A9*#0"}
con
----------------End of Script----------------

15:13:32 INFO  : Launch script is exported to file 'C:\Users\33651\Desktop\projet_ajc\dma_vitis\dma_system\_ide\scripts\systemdebugger_dma_system_standalone.tcl'
15:20:22 ERROR : An unexpected exception occurred in the module 'reading platform'
15:20:57 INFO  : Result from executing command 'getProjects': dma_test_24
15:20:57 INFO  : Result from executing command 'getPlatforms': dma_test_2|C:/Users/33651/Desktop/projet_ajc/dma_vitis/dma_test_2/export/dma_test_2/dma_test_2.xpfm;dma_test_6|C:/Users/33651/Desktop/projet_ajc/dma_vitis/dma_test_6/export/dma_test_6/dma_test_6.xpfm;dma_test_8|C:/Users/33651/Desktop/projet_ajc/dma_vitis/dma_test_8/export/dma_test_8/dma_test_8.xpfm
15:21:06 INFO  : The hardware specfication used by project 'dma' is out of sync with the platform. Resource files extracted from the hardware specfiication will be updated.
15:21:07 INFO  : The file 'C:\Users\33651\Desktop\projet_ajc\dma_vitis\dma\_ide\bitstream\design_1_wrapper.bit' stored in project is removed.
15:21:07 INFO  : The updated bitstream files are copied from platform to folder 'C:\Users\33651\Desktop\projet_ajc\dma_vitis\dma\_ide\bitstream' in project 'dma'.
15:21:07 INFO  : The file 'C:\Users\33651\Desktop\projet_ajc\dma_vitis\dma\_ide\psinit\ps7_init.tcl' stored in project is removed.
15:21:11 INFO  : The updated ps init files are copied from platform to folder 'C:\Users\33651\Desktop\projet_ajc\dma_vitis\dma\_ide\psinit' in project 'dma'.
15:22:01 INFO  : Result from executing command 'getProjects': dma_test_24
15:22:01 INFO  : Result from executing command 'getPlatforms': dma_test_24|C:/Users/33651/Desktop/projet_ajc/dma_vitis/dma_test_24/export/dma_test_24/dma_test_24.xpfm;dma_test_2|C:/Users/33651/Desktop/projet_ajc/dma_vitis/dma_test_2/export/dma_test_2/dma_test_2.xpfm;dma_test_6|C:/Users/33651/Desktop/projet_ajc/dma_vitis/dma_test_6/export/dma_test_6/dma_test_6.xpfm;dma_test_8|C:/Users/33651/Desktop/projet_ajc/dma_vitis/dma_test_8/export/dma_test_8/dma_test_8.xpfm
15:22:01 INFO  : Checking for BSP changes to sync application flags for project 'dma'...
15:22:20 INFO  : Disconnected from the channel tcfchan#27.
15:22:21 INFO  : Connected to target on host '127.0.0.1' and port '3121'.
15:22:21 INFO  : Jtag cable 'Digilent Cora Z7 - 7010 210370AD525DA' is selected.
15:22:21 INFO  : 'jtag frequency' command is executed.
15:22:21 INFO  : Context for 'APU' is selected.
15:22:21 INFO  : System reset is completed.
15:22:24 INFO  : 'after 3000' command is executed.
15:22:24 INFO  : 'targets -set -filter {jtag_cable_name =~ "Digilent Cora Z7 - 7010 210370AD525DA" && level==0 && jtag_device_ctx=="jsn-Cora Z7 - 7010-210370AD525DA-13722093-0"}' command is executed.
15:22:25 INFO  : Device configured successfully with "C:/Users/33651/Desktop/projet_ajc/dma_vitis/dma/_ide/bitstream/design_1_wrapper.bit"
15:22:25 INFO  : Context for 'APU' is selected.
15:22:25 INFO  : Hardware design and registers information is loaded from 'C:/Users/33651/Desktop/projet_ajc/dma_vitis/dma_test_24/export/dma_test_24/hw/design_1_wrapper.xsa'.
15:22:25 INFO  : 'configparams force-mem-access 1' command is executed.
15:22:25 INFO  : Context for 'APU' is selected.
15:22:25 INFO  : Sourcing of 'C:/Users/33651/Desktop/projet_ajc/dma_vitis/dma/_ide/psinit/ps7_init.tcl' is done.
15:22:26 INFO  : 'ps7_init' command is executed.
15:22:26 INFO  : 'ps7_post_config' command is executed.
15:22:26 INFO  : Context for processor 'ps7_cortexa9_0' is selected.
15:22:26 INFO  : The application 'C:/Users/33651/Desktop/projet_ajc/dma_vitis/dma/Debug/dma.elf' is downloaded to processor 'ps7_cortexa9_0'.
15:22:26 INFO  : 'configparams force-mem-access 0' command is executed.
15:22:26 INFO  : ----------------XSDB Script----------------
connect -url tcp:127.0.0.1:3121
targets -set -nocase -filter {name =~"APU*"}
rst -system
after 3000
targets -set -filter {jtag_cable_name =~ "Digilent Cora Z7 - 7010 210370AD525DA" && level==0 && jtag_device_ctx=="jsn-Cora Z7 - 7010-210370AD525DA-13722093-0"}
fpga -file C:/Users/33651/Desktop/projet_ajc/dma_vitis/dma/_ide/bitstream/design_1_wrapper.bit
targets -set -nocase -filter {name =~"APU*"}
loadhw -hw C:/Users/33651/Desktop/projet_ajc/dma_vitis/dma_test_24/export/dma_test_24/hw/design_1_wrapper.xsa -mem-ranges [list {0x40000000 0xbfffffff}] -regs
configparams force-mem-access 1
targets -set -nocase -filter {name =~"APU*"}
source C:/Users/33651/Desktop/projet_ajc/dma_vitis/dma/_ide/psinit/ps7_init.tcl
ps7_init
ps7_post_config
targets -set -nocase -filter {name =~ "*A9*#0"}
dow C:/Users/33651/Desktop/projet_ajc/dma_vitis/dma/Debug/dma.elf
configparams force-mem-access 0
----------------End of Script----------------

15:22:26 INFO  : Context for processor 'ps7_cortexa9_0' is selected.
15:22:26 INFO  : 'con' command is executed.
15:22:26 INFO  : ----------------XSDB Script (After Launch)----------------
targets -set -nocase -filter {name =~ "*A9*#0"}
con
----------------End of Script----------------

15:22:26 INFO  : Launch script is exported to file 'C:\Users\33651\Desktop\projet_ajc\dma_vitis\dma_system\_ide\scripts\systemdebugger_dma_system_standalone.tcl'
15:31:33 ERROR : An unexpected exception occurred in the module 'reading platform'
15:32:00 INFO  : Result from executing command 'getProjects': dma_test_25
15:32:00 INFO  : Result from executing command 'getPlatforms': dma_test_2|C:/Users/33651/Desktop/projet_ajc/dma_vitis/dma_test_2/export/dma_test_2/dma_test_2.xpfm;dma_test_6|C:/Users/33651/Desktop/projet_ajc/dma_vitis/dma_test_6/export/dma_test_6/dma_test_6.xpfm;dma_test_8|C:/Users/33651/Desktop/projet_ajc/dma_vitis/dma_test_8/export/dma_test_8/dma_test_8.xpfm
15:32:36 INFO  : Result from executing command 'getProjects': dma_test_25
15:32:36 INFO  : Result from executing command 'getPlatforms': dma_test_25|C:/Users/33651/Desktop/projet_ajc/dma_vitis/dma_test_25/export/dma_test_25/dma_test_25.xpfm;dma_test_2|C:/Users/33651/Desktop/projet_ajc/dma_vitis/dma_test_2/export/dma_test_2/dma_test_2.xpfm;dma_test_6|C:/Users/33651/Desktop/projet_ajc/dma_vitis/dma_test_6/export/dma_test_6/dma_test_6.xpfm;dma_test_8|C:/Users/33651/Desktop/projet_ajc/dma_vitis/dma_test_8/export/dma_test_8/dma_test_8.xpfm
15:32:37 INFO  : Checking for BSP changes to sync application flags for project 'dma'...
15:33:00 INFO  : Disconnected from the channel tcfchan#30.
15:33:01 INFO  : Connected to target on host '127.0.0.1' and port '3121'.
15:33:01 INFO  : Jtag cable 'Digilent Cora Z7 - 7010 210370AD525DA' is selected.
15:33:01 INFO  : 'jtag frequency' command is executed.
15:33:01 INFO  : Context for 'APU' is selected.
15:33:01 INFO  : System reset is completed.
15:33:04 INFO  : 'after 3000' command is executed.
15:33:05 INFO  : 'targets -set -filter {jtag_cable_name =~ "Digilent Cora Z7 - 7010 210370AD525DA" && level==0 && jtag_device_ctx=="jsn-Cora Z7 - 7010-210370AD525DA-13722093-0"}' command is executed.
15:33:06 INFO  : Device configured successfully with "C:/Users/33651/Desktop/projet_ajc/dma_vitis/dma/_ide/bitstream/design_1_wrapper.bit"
15:33:06 INFO  : Context for 'APU' is selected.
15:33:06 INFO  : Hardware design and registers information is loaded from 'C:/Users/33651/Desktop/projet_ajc/dma_vitis/dma_test_25/export/dma_test_25/hw/design_1_wrapper.xsa'.
15:33:06 INFO  : 'configparams force-mem-access 1' command is executed.
15:33:06 INFO  : Context for 'APU' is selected.
15:33:06 INFO  : Sourcing of 'C:/Users/33651/Desktop/projet_ajc/dma_vitis/dma/_ide/psinit/ps7_init.tcl' is done.
15:33:06 INFO  : 'ps7_init' command is executed.
15:33:06 INFO  : 'ps7_post_config' command is executed.
15:33:06 INFO  : Context for processor 'ps7_cortexa9_0' is selected.
15:33:07 INFO  : The application 'C:/Users/33651/Desktop/projet_ajc/dma_vitis/dma/Debug/dma.elf' is downloaded to processor 'ps7_cortexa9_0'.
15:33:07 INFO  : 'configparams force-mem-access 0' command is executed.
15:33:07 INFO  : ----------------XSDB Script----------------
connect -url tcp:127.0.0.1:3121
targets -set -nocase -filter {name =~"APU*"}
rst -system
after 3000
targets -set -filter {jtag_cable_name =~ "Digilent Cora Z7 - 7010 210370AD525DA" && level==0 && jtag_device_ctx=="jsn-Cora Z7 - 7010-210370AD525DA-13722093-0"}
fpga -file C:/Users/33651/Desktop/projet_ajc/dma_vitis/dma/_ide/bitstream/design_1_wrapper.bit
targets -set -nocase -filter {name =~"APU*"}
loadhw -hw C:/Users/33651/Desktop/projet_ajc/dma_vitis/dma_test_25/export/dma_test_25/hw/design_1_wrapper.xsa -mem-ranges [list {0x40000000 0xbfffffff}] -regs
configparams force-mem-access 1
targets -set -nocase -filter {name =~"APU*"}
source C:/Users/33651/Desktop/projet_ajc/dma_vitis/dma/_ide/psinit/ps7_init.tcl
ps7_init
ps7_post_config
targets -set -nocase -filter {name =~ "*A9*#0"}
dow C:/Users/33651/Desktop/projet_ajc/dma_vitis/dma/Debug/dma.elf
configparams force-mem-access 0
----------------End of Script----------------

15:33:07 INFO  : Context for processor 'ps7_cortexa9_0' is selected.
15:33:07 INFO  : 'con' command is executed.
15:33:07 INFO  : ----------------XSDB Script (After Launch)----------------
targets -set -nocase -filter {name =~ "*A9*#0"}
con
----------------End of Script----------------

15:33:07 INFO  : Launch script is exported to file 'C:\Users\33651\Desktop\projet_ajc\dma_vitis\dma_system\_ide\scripts\systemdebugger_dma_system_standalone.tcl'
15:33:52 ERROR : An unexpected exception occurred in the module 'reading platform'
15:47:13 INFO  : Result from executing command 'getProjects': dma_test_26
15:47:13 INFO  : Result from executing command 'getPlatforms': dma_test_2|C:/Users/33651/Desktop/projet_ajc/dma_vitis/dma_test_2/export/dma_test_2/dma_test_2.xpfm;dma_test_6|C:/Users/33651/Desktop/projet_ajc/dma_vitis/dma_test_6/export/dma_test_6/dma_test_6.xpfm;dma_test_8|C:/Users/33651/Desktop/projet_ajc/dma_vitis/dma_test_8/export/dma_test_8/dma_test_8.xpfm
15:47:39 INFO  : Checking for BSP changes to sync application flags for project 'dma'...
15:47:39 ERROR : Failed to get platform details for the project 'dma'. Cannot sync application flags.
15:48:06 INFO  : The hardware specfication used by project 'dma' is out of sync with the platform. Resource files extracted from the hardware specfiication will be updated.
15:48:07 INFO  : The file 'C:\Users\33651\Desktop\projet_ajc\dma_vitis\dma\_ide\bitstream\design_1_wrapper.bit' stored in project is removed.
15:48:07 INFO  : The updated bitstream files are copied from platform to folder 'C:\Users\33651\Desktop\projet_ajc\dma_vitis\dma\_ide\bitstream' in project 'dma'.
15:48:07 INFO  : The file 'C:\Users\33651\Desktop\projet_ajc\dma_vitis\dma\_ide\psinit\ps7_init.tcl' stored in project is removed.
15:48:11 INFO  : The updated ps init files are copied from platform to folder 'C:\Users\33651\Desktop\projet_ajc\dma_vitis\dma\_ide\psinit' in project 'dma'.
15:49:35 INFO  : Result from executing command 'getProjects': dma_test_26
15:49:35 INFO  : Result from executing command 'getPlatforms': dma_test_26|C:/Users/33651/Desktop/projet_ajc/dma_vitis/dma_test_26/export/dma_test_26/dma_test_26.xpfm;dma_test_2|C:/Users/33651/Desktop/projet_ajc/dma_vitis/dma_test_2/export/dma_test_2/dma_test_2.xpfm;dma_test_6|C:/Users/33651/Desktop/projet_ajc/dma_vitis/dma_test_6/export/dma_test_6/dma_test_6.xpfm;dma_test_8|C:/Users/33651/Desktop/projet_ajc/dma_vitis/dma_test_8/export/dma_test_8/dma_test_8.xpfm
15:49:36 INFO  : Checking for BSP changes to sync application flags for project 'dma'...
15:51:08 INFO  : Disconnected from the channel tcfchan#33.
15:51:09 INFO  : Connected to target on host '127.0.0.1' and port '3121'.
15:51:09 INFO  : Jtag cable 'Digilent Cora Z7 - 7010 210370AD525DA' is selected.
15:51:09 INFO  : 'jtag frequency' command is executed.
15:51:09 INFO  : Context for 'APU' is selected.
15:51:09 INFO  : System reset is completed.
15:51:12 INFO  : 'after 3000' command is executed.
15:51:12 INFO  : 'targets -set -filter {jtag_cable_name =~ "Digilent Cora Z7 - 7010 210370AD525DA" && level==0 && jtag_device_ctx=="jsn-Cora Z7 - 7010-210370AD525DA-13722093-0"}' command is executed.
15:51:13 INFO  : Device configured successfully with "C:/Users/33651/Desktop/projet_ajc/dma_vitis/dma/_ide/bitstream/design_1_wrapper.bit"
15:51:13 INFO  : Context for 'APU' is selected.
15:51:14 INFO  : Hardware design and registers information is loaded from 'C:/Users/33651/Desktop/projet_ajc/dma_vitis/dma_test_26/export/dma_test_26/hw/design_1_wrapper.xsa'.
15:51:14 INFO  : 'configparams force-mem-access 1' command is executed.
15:51:14 INFO  : Context for 'APU' is selected.
15:51:14 INFO  : Sourcing of 'C:/Users/33651/Desktop/projet_ajc/dma_vitis/dma/_ide/psinit/ps7_init.tcl' is done.
15:51:14 INFO  : 'ps7_init' command is executed.
15:51:14 INFO  : 'ps7_post_config' command is executed.
15:51:14 INFO  : Context for processor 'ps7_cortexa9_0' is selected.
15:51:14 INFO  : The application 'C:/Users/33651/Desktop/projet_ajc/dma_vitis/dma/Debug/dma.elf' is downloaded to processor 'ps7_cortexa9_0'.
15:51:14 INFO  : 'configparams force-mem-access 0' command is executed.
15:51:14 INFO  : ----------------XSDB Script----------------
connect -url tcp:127.0.0.1:3121
targets -set -nocase -filter {name =~"APU*"}
rst -system
after 3000
targets -set -filter {jtag_cable_name =~ "Digilent Cora Z7 - 7010 210370AD525DA" && level==0 && jtag_device_ctx=="jsn-Cora Z7 - 7010-210370AD525DA-13722093-0"}
fpga -file C:/Users/33651/Desktop/projet_ajc/dma_vitis/dma/_ide/bitstream/design_1_wrapper.bit
targets -set -nocase -filter {name =~"APU*"}
loadhw -hw C:/Users/33651/Desktop/projet_ajc/dma_vitis/dma_test_26/export/dma_test_26/hw/design_1_wrapper.xsa -mem-ranges [list {0x40000000 0xbfffffff}] -regs
configparams force-mem-access 1
targets -set -nocase -filter {name =~"APU*"}
source C:/Users/33651/Desktop/projet_ajc/dma_vitis/dma/_ide/psinit/ps7_init.tcl
ps7_init
ps7_post_config
targets -set -nocase -filter {name =~ "*A9*#0"}
dow C:/Users/33651/Desktop/projet_ajc/dma_vitis/dma/Debug/dma.elf
configparams force-mem-access 0
----------------End of Script----------------

15:51:14 INFO  : Context for processor 'ps7_cortexa9_0' is selected.
15:51:14 INFO  : 'con' command is executed.
15:51:14 INFO  : ----------------XSDB Script (After Launch)----------------
targets -set -nocase -filter {name =~ "*A9*#0"}
con
----------------End of Script----------------

15:51:14 INFO  : Launch script is exported to file 'C:\Users\33651\Desktop\projet_ajc\dma_vitis\dma_system\_ide\scripts\systemdebugger_dma_system_standalone.tcl'
16:12:18 INFO  : Disconnected from the channel tcfchan#36.
16:12:19 INFO  : Connected to target on host '127.0.0.1' and port '3121'.
16:12:19 INFO  : Jtag cable 'Digilent Cora Z7 - 7010 210370AD525DA' is selected.
16:12:19 INFO  : 'jtag frequency' command is executed.
16:12:19 INFO  : Context for 'APU' is selected.
16:12:19 INFO  : System reset is completed.
16:12:22 INFO  : 'after 3000' command is executed.
16:12:22 INFO  : 'targets -set -filter {jtag_cable_name =~ "Digilent Cora Z7 - 7010 210370AD525DA" && level==0 && jtag_device_ctx=="jsn-Cora Z7 - 7010-210370AD525DA-13722093-0"}' command is executed.
16:12:24 INFO  : Device configured successfully with "C:/Users/33651/Desktop/projet_ajc/dma_vitis/dma/_ide/bitstream/design_1_wrapper.bit"
16:12:24 INFO  : Context for 'APU' is selected.
16:12:24 INFO  : Hardware design and registers information is loaded from 'C:/Users/33651/Desktop/projet_ajc/dma_vitis/dma_test_26/export/dma_test_26/hw/design_1_wrapper.xsa'.
16:12:24 INFO  : 'configparams force-mem-access 1' command is executed.
16:12:24 INFO  : Context for 'APU' is selected.
16:12:24 INFO  : Sourcing of 'C:/Users/33651/Desktop/projet_ajc/dma_vitis/dma/_ide/psinit/ps7_init.tcl' is done.
16:12:24 INFO  : 'ps7_init' command is executed.
16:12:24 INFO  : 'ps7_post_config' command is executed.
16:12:24 INFO  : Context for processor 'ps7_cortexa9_0' is selected.
16:12:24 INFO  : The application 'C:/Users/33651/Desktop/projet_ajc/dma_vitis/dma/Debug/dma.elf' is downloaded to processor 'ps7_cortexa9_0'.
16:12:24 INFO  : 'configparams force-mem-access 0' command is executed.
16:12:24 INFO  : ----------------XSDB Script----------------
connect -url tcp:127.0.0.1:3121
targets -set -nocase -filter {name =~"APU*"}
rst -system
after 3000
targets -set -filter {jtag_cable_name =~ "Digilent Cora Z7 - 7010 210370AD525DA" && level==0 && jtag_device_ctx=="jsn-Cora Z7 - 7010-210370AD525DA-13722093-0"}
fpga -file C:/Users/33651/Desktop/projet_ajc/dma_vitis/dma/_ide/bitstream/design_1_wrapper.bit
targets -set -nocase -filter {name =~"APU*"}
loadhw -hw C:/Users/33651/Desktop/projet_ajc/dma_vitis/dma_test_26/export/dma_test_26/hw/design_1_wrapper.xsa -mem-ranges [list {0x40000000 0xbfffffff}] -regs
configparams force-mem-access 1
targets -set -nocase -filter {name =~"APU*"}
source C:/Users/33651/Desktop/projet_ajc/dma_vitis/dma/_ide/psinit/ps7_init.tcl
ps7_init
ps7_post_config
targets -set -nocase -filter {name =~ "*A9*#0"}
dow C:/Users/33651/Desktop/projet_ajc/dma_vitis/dma/Debug/dma.elf
configparams force-mem-access 0
----------------End of Script----------------

16:12:24 INFO  : Context for processor 'ps7_cortexa9_0' is selected.
16:12:24 INFO  : 'con' command is executed.
16:12:24 INFO  : ----------------XSDB Script (After Launch)----------------
targets -set -nocase -filter {name =~ "*A9*#0"}
con
----------------End of Script----------------

16:12:24 INFO  : Launch script is exported to file 'C:\Users\33651\Desktop\projet_ajc\dma_vitis\dma_system\_ide\scripts\systemdebugger_dma_system_standalone.tcl'
16:12:35 INFO  : Checking for BSP changes to sync application flags for project 'dma'...
16:13:12 INFO  : Disconnected from the channel tcfchan#37.
16:13:12 INFO  : Connected to target on host '127.0.0.1' and port '3121'.
16:13:12 INFO  : Jtag cable 'Digilent Cora Z7 - 7010 210370AD525DA' is selected.
16:13:12 INFO  : 'jtag frequency' command is executed.
16:13:12 INFO  : Context for 'APU' is selected.
16:13:12 INFO  : System reset is completed.
16:13:15 INFO  : 'after 3000' command is executed.
16:13:15 INFO  : 'targets -set -filter {jtag_cable_name =~ "Digilent Cora Z7 - 7010 210370AD525DA" && level==0 && jtag_device_ctx=="jsn-Cora Z7 - 7010-210370AD525DA-13722093-0"}' command is executed.
16:13:16 INFO  : Device configured successfully with "C:/Users/33651/Desktop/projet_ajc/dma_vitis/dma/_ide/bitstream/design_1_wrapper.bit"
16:13:17 INFO  : Context for 'APU' is selected.
16:13:17 INFO  : Hardware design and registers information is loaded from 'C:/Users/33651/Desktop/projet_ajc/dma_vitis/dma_test_26/export/dma_test_26/hw/design_1_wrapper.xsa'.
16:13:17 INFO  : 'configparams force-mem-access 1' command is executed.
16:13:17 INFO  : Context for 'APU' is selected.
16:13:17 INFO  : Sourcing of 'C:/Users/33651/Desktop/projet_ajc/dma_vitis/dma/_ide/psinit/ps7_init.tcl' is done.
16:13:17 INFO  : 'ps7_init' command is executed.
16:13:17 INFO  : 'ps7_post_config' command is executed.
16:13:17 INFO  : Context for processor 'ps7_cortexa9_0' is selected.
16:13:17 INFO  : The application 'C:/Users/33651/Desktop/projet_ajc/dma_vitis/dma/Debug/dma.elf' is downloaded to processor 'ps7_cortexa9_0'.
16:13:17 INFO  : 'configparams force-mem-access 0' command is executed.
16:13:17 INFO  : ----------------XSDB Script----------------
connect -url tcp:127.0.0.1:3121
targets -set -nocase -filter {name =~"APU*"}
rst -system
after 3000
targets -set -filter {jtag_cable_name =~ "Digilent Cora Z7 - 7010 210370AD525DA" && level==0 && jtag_device_ctx=="jsn-Cora Z7 - 7010-210370AD525DA-13722093-0"}
fpga -file C:/Users/33651/Desktop/projet_ajc/dma_vitis/dma/_ide/bitstream/design_1_wrapper.bit
targets -set -nocase -filter {name =~"APU*"}
loadhw -hw C:/Users/33651/Desktop/projet_ajc/dma_vitis/dma_test_26/export/dma_test_26/hw/design_1_wrapper.xsa -mem-ranges [list {0x40000000 0xbfffffff}] -regs
configparams force-mem-access 1
targets -set -nocase -filter {name =~"APU*"}
source C:/Users/33651/Desktop/projet_ajc/dma_vitis/dma/_ide/psinit/ps7_init.tcl
ps7_init
ps7_post_config
targets -set -nocase -filter {name =~ "*A9*#0"}
dow C:/Users/33651/Desktop/projet_ajc/dma_vitis/dma/Debug/dma.elf
configparams force-mem-access 0
----------------End of Script----------------

16:13:17 INFO  : Context for processor 'ps7_cortexa9_0' is selected.
16:13:17 INFO  : 'con' command is executed.
16:13:17 INFO  : ----------------XSDB Script (After Launch)----------------
targets -set -nocase -filter {name =~ "*A9*#0"}
con
----------------End of Script----------------

16:13:17 INFO  : Launch script is exported to file 'C:\Users\33651\Desktop\projet_ajc\dma_vitis\dma_system\_ide\scripts\systemdebugger_dma_system_standalone.tcl'
16:15:23 INFO  : Disconnected from the channel tcfchan#39.
16:15:24 INFO  : Connected to target on host '127.0.0.1' and port '3121'.
16:15:24 INFO  : Jtag cable 'Digilent Cora Z7 - 7010 210370AD525DA' is selected.
16:15:24 INFO  : 'jtag frequency' command is executed.
16:15:24 INFO  : Context for 'APU' is selected.
16:15:24 INFO  : System reset is completed.
16:15:27 INFO  : 'after 3000' command is executed.
16:15:27 INFO  : 'targets -set -filter {jtag_cable_name =~ "Digilent Cora Z7 - 7010 210370AD525DA" && level==0 && jtag_device_ctx=="jsn-Cora Z7 - 7010-210370AD525DA-13722093-0"}' command is executed.
16:15:28 INFO  : Device configured successfully with "C:/Users/33651/Desktop/projet_ajc/dma_vitis/dma/_ide/bitstream/design_1_wrapper.bit"
16:15:28 INFO  : Context for 'APU' is selected.
16:15:28 INFO  : Hardware design and registers information is loaded from 'C:/Users/33651/Desktop/projet_ajc/dma_vitis/dma_test_26/export/dma_test_26/hw/design_1_wrapper.xsa'.
16:15:28 INFO  : 'configparams force-mem-access 1' command is executed.
16:15:28 INFO  : Context for 'APU' is selected.
16:15:28 INFO  : Sourcing of 'C:/Users/33651/Desktop/projet_ajc/dma_vitis/dma/_ide/psinit/ps7_init.tcl' is done.
16:15:29 INFO  : 'ps7_init' command is executed.
16:15:29 INFO  : 'ps7_post_config' command is executed.
16:15:29 INFO  : Context for processor 'ps7_cortexa9_0' is selected.
16:15:29 INFO  : The application 'C:/Users/33651/Desktop/projet_ajc/dma_vitis/dma/Debug/dma.elf' is downloaded to processor 'ps7_cortexa9_0'.
16:15:29 INFO  : 'configparams force-mem-access 0' command is executed.
16:15:29 INFO  : ----------------XSDB Script----------------
connect -url tcp:127.0.0.1:3121
targets -set -nocase -filter {name =~"APU*"}
rst -system
after 3000
targets -set -filter {jtag_cable_name =~ "Digilent Cora Z7 - 7010 210370AD525DA" && level==0 && jtag_device_ctx=="jsn-Cora Z7 - 7010-210370AD525DA-13722093-0"}
fpga -file C:/Users/33651/Desktop/projet_ajc/dma_vitis/dma/_ide/bitstream/design_1_wrapper.bit
targets -set -nocase -filter {name =~"APU*"}
loadhw -hw C:/Users/33651/Desktop/projet_ajc/dma_vitis/dma_test_26/export/dma_test_26/hw/design_1_wrapper.xsa -mem-ranges [list {0x40000000 0xbfffffff}] -regs
configparams force-mem-access 1
targets -set -nocase -filter {name =~"APU*"}
source C:/Users/33651/Desktop/projet_ajc/dma_vitis/dma/_ide/psinit/ps7_init.tcl
ps7_init
ps7_post_config
targets -set -nocase -filter {name =~ "*A9*#0"}
dow C:/Users/33651/Desktop/projet_ajc/dma_vitis/dma/Debug/dma.elf
configparams force-mem-access 0
----------------End of Script----------------

16:15:29 INFO  : Context for processor 'ps7_cortexa9_0' is selected.
16:15:29 INFO  : 'con' command is executed.
16:15:29 INFO  : ----------------XSDB Script (After Launch)----------------
targets -set -nocase -filter {name =~ "*A9*#0"}
con
----------------End of Script----------------

16:15:29 INFO  : Launch script is exported to file 'C:\Users\33651\Desktop\projet_ajc\dma_vitis\dma_system\_ide\scripts\systemdebugger_dma_system_standalone.tcl'
16:54:54 INFO  : Checking for BSP changes to sync application flags for project 'dma'...
16:56:38 INFO  : Disconnected from the channel tcfchan#40.
16:56:39 INFO  : Connected to target on host '127.0.0.1' and port '3121'.
16:56:39 INFO  : Jtag cable 'Digilent Cora Z7 - 7010 210370AD525DA' is selected.
16:56:39 INFO  : 'jtag frequency' command is executed.
16:56:39 INFO  : Context for 'APU' is selected.
16:56:39 INFO  : System reset is completed.
16:56:42 INFO  : 'after 3000' command is executed.
16:56:42 INFO  : 'targets -set -filter {jtag_cable_name =~ "Digilent Cora Z7 - 7010 210370AD525DA" && level==0 && jtag_device_ctx=="jsn-Cora Z7 - 7010-210370AD525DA-13722093-0"}' command is executed.
16:56:44 INFO  : Device configured successfully with "C:/Users/33651/Desktop/projet_ajc/dma_vitis/dma/_ide/bitstream/design_1_wrapper.bit"
16:56:44 INFO  : Context for 'APU' is selected.
16:56:44 INFO  : Hardware design and registers information is loaded from 'C:/Users/33651/Desktop/projet_ajc/dma_vitis/dma_test_26/export/dma_test_26/hw/design_1_wrapper.xsa'.
16:56:44 INFO  : 'configparams force-mem-access 1' command is executed.
16:56:44 INFO  : Context for 'APU' is selected.
16:56:44 INFO  : Sourcing of 'C:/Users/33651/Desktop/projet_ajc/dma_vitis/dma/_ide/psinit/ps7_init.tcl' is done.
16:56:44 INFO  : 'ps7_init' command is executed.
16:56:44 INFO  : 'ps7_post_config' command is executed.
16:56:44 INFO  : Context for processor 'ps7_cortexa9_0' is selected.
16:56:44 INFO  : The application 'C:/Users/33651/Desktop/projet_ajc/dma_vitis/dma/Debug/dma.elf' is downloaded to processor 'ps7_cortexa9_0'.
16:56:44 INFO  : 'configparams force-mem-access 0' command is executed.
16:56:44 INFO  : ----------------XSDB Script----------------
connect -url tcp:127.0.0.1:3121
targets -set -nocase -filter {name =~"APU*"}
rst -system
after 3000
targets -set -filter {jtag_cable_name =~ "Digilent Cora Z7 - 7010 210370AD525DA" && level==0 && jtag_device_ctx=="jsn-Cora Z7 - 7010-210370AD525DA-13722093-0"}
fpga -file C:/Users/33651/Desktop/projet_ajc/dma_vitis/dma/_ide/bitstream/design_1_wrapper.bit
targets -set -nocase -filter {name =~"APU*"}
loadhw -hw C:/Users/33651/Desktop/projet_ajc/dma_vitis/dma_test_26/export/dma_test_26/hw/design_1_wrapper.xsa -mem-ranges [list {0x40000000 0xbfffffff}] -regs
configparams force-mem-access 1
targets -set -nocase -filter {name =~"APU*"}
source C:/Users/33651/Desktop/projet_ajc/dma_vitis/dma/_ide/psinit/ps7_init.tcl
ps7_init
ps7_post_config
targets -set -nocase -filter {name =~ "*A9*#0"}
dow C:/Users/33651/Desktop/projet_ajc/dma_vitis/dma/Debug/dma.elf
configparams force-mem-access 0
----------------End of Script----------------

16:56:44 INFO  : Context for processor 'ps7_cortexa9_0' is selected.
16:56:44 INFO  : 'con' command is executed.
16:56:44 INFO  : ----------------XSDB Script (After Launch)----------------
targets -set -nocase -filter {name =~ "*A9*#0"}
con
----------------End of Script----------------

16:56:44 INFO  : Launch script is exported to file 'C:\Users\33651\Desktop\projet_ajc\dma_vitis\dma_system\_ide\scripts\systemdebugger_dma_system_standalone.tcl'
17:01:45 INFO  : Checking for BSP changes to sync application flags for project 'dma'...
17:02:41 INFO  : Disconnected from the channel tcfchan#42.
17:02:42 INFO  : Connected to target on host '127.0.0.1' and port '3121'.
17:02:42 INFO  : Jtag cable 'Digilent Cora Z7 - 7010 210370AD525DA' is selected.
17:02:42 INFO  : 'jtag frequency' command is executed.
17:02:42 INFO  : Context for 'APU' is selected.
17:02:42 INFO  : System reset is completed.
17:02:45 INFO  : 'after 3000' command is executed.
17:02:45 INFO  : 'targets -set -filter {jtag_cable_name =~ "Digilent Cora Z7 - 7010 210370AD525DA" && level==0 && jtag_device_ctx=="jsn-Cora Z7 - 7010-210370AD525DA-13722093-0"}' command is executed.
17:02:46 INFO  : Device configured successfully with "C:/Users/33651/Desktop/projet_ajc/dma_vitis/dma/_ide/bitstream/design_1_wrapper.bit"
17:02:47 INFO  : Context for 'APU' is selected.
17:02:47 INFO  : Hardware design and registers information is loaded from 'C:/Users/33651/Desktop/projet_ajc/dma_vitis/dma_test_26/export/dma_test_26/hw/design_1_wrapper.xsa'.
17:02:47 INFO  : 'configparams force-mem-access 1' command is executed.
17:02:47 INFO  : Context for 'APU' is selected.
17:02:47 INFO  : Sourcing of 'C:/Users/33651/Desktop/projet_ajc/dma_vitis/dma/_ide/psinit/ps7_init.tcl' is done.
17:02:47 INFO  : 'ps7_init' command is executed.
17:02:47 INFO  : 'ps7_post_config' command is executed.
17:02:47 INFO  : Context for processor 'ps7_cortexa9_0' is selected.
17:02:47 INFO  : The application 'C:/Users/33651/Desktop/projet_ajc/dma_vitis/dma/Debug/dma.elf' is downloaded to processor 'ps7_cortexa9_0'.
17:02:47 INFO  : 'configparams force-mem-access 0' command is executed.
17:02:47 INFO  : ----------------XSDB Script----------------
connect -url tcp:127.0.0.1:3121
targets -set -nocase -filter {name =~"APU*"}
rst -system
after 3000
targets -set -filter {jtag_cable_name =~ "Digilent Cora Z7 - 7010 210370AD525DA" && level==0 && jtag_device_ctx=="jsn-Cora Z7 - 7010-210370AD525DA-13722093-0"}
fpga -file C:/Users/33651/Desktop/projet_ajc/dma_vitis/dma/_ide/bitstream/design_1_wrapper.bit
targets -set -nocase -filter {name =~"APU*"}
loadhw -hw C:/Users/33651/Desktop/projet_ajc/dma_vitis/dma_test_26/export/dma_test_26/hw/design_1_wrapper.xsa -mem-ranges [list {0x40000000 0xbfffffff}] -regs
configparams force-mem-access 1
targets -set -nocase -filter {name =~"APU*"}
source C:/Users/33651/Desktop/projet_ajc/dma_vitis/dma/_ide/psinit/ps7_init.tcl
ps7_init
ps7_post_config
targets -set -nocase -filter {name =~ "*A9*#0"}
dow C:/Users/33651/Desktop/projet_ajc/dma_vitis/dma/Debug/dma.elf
configparams force-mem-access 0
----------------End of Script----------------

17:02:47 INFO  : Context for processor 'ps7_cortexa9_0' is selected.
17:02:47 INFO  : 'con' command is executed.
17:02:47 INFO  : ----------------XSDB Script (After Launch)----------------
targets -set -nocase -filter {name =~ "*A9*#0"}
con
----------------End of Script----------------

17:02:47 INFO  : Launch script is exported to file 'C:\Users\33651\Desktop\projet_ajc\dma_vitis\dma_system\_ide\scripts\systemdebugger_dma_system_standalone.tcl'
17:11:00 INFO  : Checking for BSP changes to sync application flags for project 'dma'...
17:11:49 INFO  : Checking for BSP changes to sync application flags for project 'dma'...
17:14:27 INFO  : Disconnected from the channel tcfchan#44.
17:14:27 INFO  : Connected to target on host '127.0.0.1' and port '3121'.
17:14:27 INFO  : Jtag cable 'Digilent Cora Z7 - 7010 210370AD525DA' is selected.
17:14:27 INFO  : 'jtag frequency' command is executed.
17:14:27 INFO  : Context for 'APU' is selected.
17:14:28 INFO  : System reset is completed.
17:14:31 INFO  : 'after 3000' command is executed.
17:14:31 INFO  : 'targets -set -filter {jtag_cable_name =~ "Digilent Cora Z7 - 7010 210370AD525DA" && level==0 && jtag_device_ctx=="jsn-Cora Z7 - 7010-210370AD525DA-13722093-0"}' command is executed.
17:14:32 INFO  : Device configured successfully with "C:/Users/33651/Desktop/projet_ajc/dma_vitis/dma/_ide/bitstream/design_1_wrapper.bit"
17:14:32 INFO  : Context for 'APU' is selected.
17:14:32 INFO  : Hardware design and registers information is loaded from 'C:/Users/33651/Desktop/projet_ajc/dma_vitis/dma_test_26/export/dma_test_26/hw/design_1_wrapper.xsa'.
17:14:32 INFO  : 'configparams force-mem-access 1' command is executed.
17:14:32 INFO  : Context for 'APU' is selected.
17:14:32 INFO  : Sourcing of 'C:/Users/33651/Desktop/projet_ajc/dma_vitis/dma/_ide/psinit/ps7_init.tcl' is done.
17:14:32 INFO  : 'ps7_init' command is executed.
17:14:32 INFO  : 'ps7_post_config' command is executed.
17:14:32 INFO  : Context for processor 'ps7_cortexa9_0' is selected.
17:14:32 INFO  : The application 'C:/Users/33651/Desktop/projet_ajc/dma_vitis/dma/Debug/dma.elf' is downloaded to processor 'ps7_cortexa9_0'.
17:14:32 INFO  : 'configparams force-mem-access 0' command is executed.
17:14:32 INFO  : ----------------XSDB Script----------------
connect -url tcp:127.0.0.1:3121
targets -set -nocase -filter {name =~"APU*"}
rst -system
after 3000
targets -set -filter {jtag_cable_name =~ "Digilent Cora Z7 - 7010 210370AD525DA" && level==0 && jtag_device_ctx=="jsn-Cora Z7 - 7010-210370AD525DA-13722093-0"}
fpga -file C:/Users/33651/Desktop/projet_ajc/dma_vitis/dma/_ide/bitstream/design_1_wrapper.bit
targets -set -nocase -filter {name =~"APU*"}
loadhw -hw C:/Users/33651/Desktop/projet_ajc/dma_vitis/dma_test_26/export/dma_test_26/hw/design_1_wrapper.xsa -mem-ranges [list {0x40000000 0xbfffffff}] -regs
configparams force-mem-access 1
targets -set -nocase -filter {name =~"APU*"}
source C:/Users/33651/Desktop/projet_ajc/dma_vitis/dma/_ide/psinit/ps7_init.tcl
ps7_init
ps7_post_config
targets -set -nocase -filter {name =~ "*A9*#0"}
dow C:/Users/33651/Desktop/projet_ajc/dma_vitis/dma/Debug/dma.elf
configparams force-mem-access 0
----------------End of Script----------------

17:14:33 INFO  : Context for processor 'ps7_cortexa9_0' is selected.
17:14:33 INFO  : 'con' command is executed.
17:14:33 INFO  : ----------------XSDB Script (After Launch)----------------
targets -set -nocase -filter {name =~ "*A9*#0"}
con
----------------End of Script----------------

17:14:33 INFO  : Launch script is exported to file 'C:\Users\33651\Desktop\projet_ajc\dma_vitis\dma_system\_ide\scripts\systemdebugger_dma_system_standalone.tcl'
17:17:54 INFO  : Checking for BSP changes to sync application flags for project 'dma'...
17:18:11 INFO  : Disconnected from the channel tcfchan#47.
17:18:11 INFO  : Connected to target on host '127.0.0.1' and port '3121'.
17:18:11 INFO  : Jtag cable 'Digilent Cora Z7 - 7010 210370AD525DA' is selected.
17:18:11 INFO  : 'jtag frequency' command is executed.
17:18:11 INFO  : Context for 'APU' is selected.
17:18:11 INFO  : System reset is completed.
17:18:15 INFO  : 'after 3000' command is executed.
17:18:15 INFO  : 'targets -set -filter {jtag_cable_name =~ "Digilent Cora Z7 - 7010 210370AD525DA" && level==0 && jtag_device_ctx=="jsn-Cora Z7 - 7010-210370AD525DA-13722093-0"}' command is executed.
17:18:16 INFO  : Device configured successfully with "C:/Users/33651/Desktop/projet_ajc/dma_vitis/dma/_ide/bitstream/design_1_wrapper.bit"
17:18:16 INFO  : Context for 'APU' is selected.
17:18:16 INFO  : Hardware design and registers information is loaded from 'C:/Users/33651/Desktop/projet_ajc/dma_vitis/dma_test_26/export/dma_test_26/hw/design_1_wrapper.xsa'.
17:18:16 INFO  : 'configparams force-mem-access 1' command is executed.
17:18:16 INFO  : Context for 'APU' is selected.
17:18:16 INFO  : Sourcing of 'C:/Users/33651/Desktop/projet_ajc/dma_vitis/dma/_ide/psinit/ps7_init.tcl' is done.
17:18:16 INFO  : 'ps7_init' command is executed.
17:18:16 INFO  : 'ps7_post_config' command is executed.
17:18:16 INFO  : Context for processor 'ps7_cortexa9_0' is selected.
17:18:16 INFO  : The application 'C:/Users/33651/Desktop/projet_ajc/dma_vitis/dma/Debug/dma.elf' is downloaded to processor 'ps7_cortexa9_0'.
17:18:16 INFO  : 'configparams force-mem-access 0' command is executed.
17:18:16 INFO  : ----------------XSDB Script----------------
connect -url tcp:127.0.0.1:3121
targets -set -nocase -filter {name =~"APU*"}
rst -system
after 3000
targets -set -filter {jtag_cable_name =~ "Digilent Cora Z7 - 7010 210370AD525DA" && level==0 && jtag_device_ctx=="jsn-Cora Z7 - 7010-210370AD525DA-13722093-0"}
fpga -file C:/Users/33651/Desktop/projet_ajc/dma_vitis/dma/_ide/bitstream/design_1_wrapper.bit
targets -set -nocase -filter {name =~"APU*"}
loadhw -hw C:/Users/33651/Desktop/projet_ajc/dma_vitis/dma_test_26/export/dma_test_26/hw/design_1_wrapper.xsa -mem-ranges [list {0x40000000 0xbfffffff}] -regs
configparams force-mem-access 1
targets -set -nocase -filter {name =~"APU*"}
source C:/Users/33651/Desktop/projet_ajc/dma_vitis/dma/_ide/psinit/ps7_init.tcl
ps7_init
ps7_post_config
targets -set -nocase -filter {name =~ "*A9*#0"}
dow C:/Users/33651/Desktop/projet_ajc/dma_vitis/dma/Debug/dma.elf
configparams force-mem-access 0
----------------End of Script----------------

17:18:17 INFO  : Context for processor 'ps7_cortexa9_0' is selected.
17:18:17 INFO  : 'con' command is executed.
17:18:17 INFO  : ----------------XSDB Script (After Launch)----------------
targets -set -nocase -filter {name =~ "*A9*#0"}
con
----------------End of Script----------------

17:18:17 INFO  : Launch script is exported to file 'C:\Users\33651\Desktop\projet_ajc\dma_vitis\dma_system\_ide\scripts\systemdebugger_dma_system_standalone.tcl'
17:20:59 INFO  : Checking for BSP changes to sync application flags for project 'dma'...
17:21:21 INFO  : Disconnected from the channel tcfchan#49.
17:21:22 INFO  : Connected to target on host '127.0.0.1' and port '3121'.
17:21:22 INFO  : Jtag cable 'Digilent Cora Z7 - 7010 210370AD525DA' is selected.
17:21:22 INFO  : 'jtag frequency' command is executed.
17:21:22 INFO  : Context for 'APU' is selected.
17:21:22 INFO  : System reset is completed.
17:21:25 INFO  : 'after 3000' command is executed.
17:21:25 INFO  : 'targets -set -filter {jtag_cable_name =~ "Digilent Cora Z7 - 7010 210370AD525DA" && level==0 && jtag_device_ctx=="jsn-Cora Z7 - 7010-210370AD525DA-13722093-0"}' command is executed.
17:21:26 INFO  : Device configured successfully with "C:/Users/33651/Desktop/projet_ajc/dma_vitis/dma/_ide/bitstream/design_1_wrapper.bit"
17:21:26 INFO  : Context for 'APU' is selected.
17:21:26 INFO  : Hardware design and registers information is loaded from 'C:/Users/33651/Desktop/projet_ajc/dma_vitis/dma_test_26/export/dma_test_26/hw/design_1_wrapper.xsa'.
17:21:26 INFO  : 'configparams force-mem-access 1' command is executed.
17:21:26 INFO  : Context for 'APU' is selected.
17:21:26 INFO  : Sourcing of 'C:/Users/33651/Desktop/projet_ajc/dma_vitis/dma/_ide/psinit/ps7_init.tcl' is done.
17:21:27 INFO  : 'ps7_init' command is executed.
17:21:27 INFO  : 'ps7_post_config' command is executed.
17:21:27 INFO  : Context for processor 'ps7_cortexa9_0' is selected.
17:21:27 INFO  : The application 'C:/Users/33651/Desktop/projet_ajc/dma_vitis/dma/Debug/dma.elf' is downloaded to processor 'ps7_cortexa9_0'.
17:21:27 INFO  : 'configparams force-mem-access 0' command is executed.
17:21:27 INFO  : ----------------XSDB Script----------------
connect -url tcp:127.0.0.1:3121
targets -set -nocase -filter {name =~"APU*"}
rst -system
after 3000
targets -set -filter {jtag_cable_name =~ "Digilent Cora Z7 - 7010 210370AD525DA" && level==0 && jtag_device_ctx=="jsn-Cora Z7 - 7010-210370AD525DA-13722093-0"}
fpga -file C:/Users/33651/Desktop/projet_ajc/dma_vitis/dma/_ide/bitstream/design_1_wrapper.bit
targets -set -nocase -filter {name =~"APU*"}
loadhw -hw C:/Users/33651/Desktop/projet_ajc/dma_vitis/dma_test_26/export/dma_test_26/hw/design_1_wrapper.xsa -mem-ranges [list {0x40000000 0xbfffffff}] -regs
configparams force-mem-access 1
targets -set -nocase -filter {name =~"APU*"}
source C:/Users/33651/Desktop/projet_ajc/dma_vitis/dma/_ide/psinit/ps7_init.tcl
ps7_init
ps7_post_config
targets -set -nocase -filter {name =~ "*A9*#0"}
dow C:/Users/33651/Desktop/projet_ajc/dma_vitis/dma/Debug/dma.elf
configparams force-mem-access 0
----------------End of Script----------------

17:21:27 INFO  : Context for processor 'ps7_cortexa9_0' is selected.
17:21:27 INFO  : 'con' command is executed.
17:21:27 INFO  : ----------------XSDB Script (After Launch)----------------
targets -set -nocase -filter {name =~ "*A9*#0"}
con
----------------End of Script----------------

17:21:27 INFO  : Launch script is exported to file 'C:\Users\33651\Desktop\projet_ajc\dma_vitis\dma_system\_ide\scripts\systemdebugger_dma_system_standalone.tcl'
17:22:27 INFO  : Checking for BSP changes to sync application flags for project 'dma'...
17:22:40 INFO  : Disconnected from the channel tcfchan#51.
17:22:40 INFO  : Connected to target on host '127.0.0.1' and port '3121'.
17:22:41 INFO  : Jtag cable 'Digilent Cora Z7 - 7010 210370AD525DA' is selected.
17:22:41 INFO  : 'jtag frequency' command is executed.
17:22:41 INFO  : Context for 'APU' is selected.
17:22:41 INFO  : System reset is completed.
17:22:44 INFO  : 'after 3000' command is executed.
17:22:44 INFO  : 'targets -set -filter {jtag_cable_name =~ "Digilent Cora Z7 - 7010 210370AD525DA" && level==0 && jtag_device_ctx=="jsn-Cora Z7 - 7010-210370AD525DA-13722093-0"}' command is executed.
17:22:45 INFO  : Device configured successfully with "C:/Users/33651/Desktop/projet_ajc/dma_vitis/dma/_ide/bitstream/design_1_wrapper.bit"
17:22:45 INFO  : Context for 'APU' is selected.
17:22:45 INFO  : Hardware design and registers information is loaded from 'C:/Users/33651/Desktop/projet_ajc/dma_vitis/dma_test_26/export/dma_test_26/hw/design_1_wrapper.xsa'.
17:22:45 INFO  : 'configparams force-mem-access 1' command is executed.
17:22:45 INFO  : Context for 'APU' is selected.
17:22:45 INFO  : Sourcing of 'C:/Users/33651/Desktop/projet_ajc/dma_vitis/dma/_ide/psinit/ps7_init.tcl' is done.
17:22:45 INFO  : 'ps7_init' command is executed.
17:22:45 INFO  : 'ps7_post_config' command is executed.
17:22:46 INFO  : Context for processor 'ps7_cortexa9_0' is selected.
17:22:46 INFO  : The application 'C:/Users/33651/Desktop/projet_ajc/dma_vitis/dma/Debug/dma.elf' is downloaded to processor 'ps7_cortexa9_0'.
17:22:46 INFO  : 'configparams force-mem-access 0' command is executed.
17:22:46 INFO  : ----------------XSDB Script----------------
connect -url tcp:127.0.0.1:3121
targets -set -nocase -filter {name =~"APU*"}
rst -system
after 3000
targets -set -filter {jtag_cable_name =~ "Digilent Cora Z7 - 7010 210370AD525DA" && level==0 && jtag_device_ctx=="jsn-Cora Z7 - 7010-210370AD525DA-13722093-0"}
fpga -file C:/Users/33651/Desktop/projet_ajc/dma_vitis/dma/_ide/bitstream/design_1_wrapper.bit
targets -set -nocase -filter {name =~"APU*"}
loadhw -hw C:/Users/33651/Desktop/projet_ajc/dma_vitis/dma_test_26/export/dma_test_26/hw/design_1_wrapper.xsa -mem-ranges [list {0x40000000 0xbfffffff}] -regs
configparams force-mem-access 1
targets -set -nocase -filter {name =~"APU*"}
source C:/Users/33651/Desktop/projet_ajc/dma_vitis/dma/_ide/psinit/ps7_init.tcl
ps7_init
ps7_post_config
targets -set -nocase -filter {name =~ "*A9*#0"}
dow C:/Users/33651/Desktop/projet_ajc/dma_vitis/dma/Debug/dma.elf
configparams force-mem-access 0
----------------End of Script----------------

17:22:46 INFO  : Context for processor 'ps7_cortexa9_0' is selected.
17:22:46 INFO  : 'con' command is executed.
17:22:46 INFO  : ----------------XSDB Script (After Launch)----------------
targets -set -nocase -filter {name =~ "*A9*#0"}
con
----------------End of Script----------------

17:22:46 INFO  : Launch script is exported to file 'C:\Users\33651\Desktop\projet_ajc\dma_vitis\dma_system\_ide\scripts\systemdebugger_dma_system_standalone.tcl'
17:26:42 INFO  : Checking for BSP changes to sync application flags for project 'dma'...
17:29:21 INFO  : Disconnected from the channel tcfchan#53.
17:29:22 INFO  : Connected to target on host '127.0.0.1' and port '3121'.
17:29:22 INFO  : Jtag cable 'Digilent Cora Z7 - 7010 210370AD525DA' is selected.
17:29:22 INFO  : 'jtag frequency' command is executed.
17:29:22 INFO  : Context for 'APU' is selected.
17:29:22 INFO  : System reset is completed.
17:29:25 INFO  : 'after 3000' command is executed.
17:29:25 INFO  : 'targets -set -filter {jtag_cable_name =~ "Digilent Cora Z7 - 7010 210370AD525DA" && level==0 && jtag_device_ctx=="jsn-Cora Z7 - 7010-210370AD525DA-13722093-0"}' command is executed.
17:29:26 INFO  : Device configured successfully with "C:/Users/33651/Desktop/projet_ajc/dma_vitis/dma/_ide/bitstream/design_1_wrapper.bit"
17:29:26 INFO  : Context for 'APU' is selected.
17:29:26 INFO  : Hardware design and registers information is loaded from 'C:/Users/33651/Desktop/projet_ajc/dma_vitis/dma_test_26/export/dma_test_26/hw/design_1_wrapper.xsa'.
17:29:26 INFO  : 'configparams force-mem-access 1' command is executed.
17:29:26 INFO  : Context for 'APU' is selected.
17:29:26 INFO  : Sourcing of 'C:/Users/33651/Desktop/projet_ajc/dma_vitis/dma/_ide/psinit/ps7_init.tcl' is done.
17:29:27 INFO  : 'ps7_init' command is executed.
17:29:27 INFO  : 'ps7_post_config' command is executed.
17:29:27 INFO  : Context for processor 'ps7_cortexa9_0' is selected.
17:29:27 INFO  : The application 'C:/Users/33651/Desktop/projet_ajc/dma_vitis/dma/Debug/dma.elf' is downloaded to processor 'ps7_cortexa9_0'.
17:29:27 INFO  : 'configparams force-mem-access 0' command is executed.
17:29:27 INFO  : ----------------XSDB Script----------------
connect -url tcp:127.0.0.1:3121
targets -set -nocase -filter {name =~"APU*"}
rst -system
after 3000
targets -set -filter {jtag_cable_name =~ "Digilent Cora Z7 - 7010 210370AD525DA" && level==0 && jtag_device_ctx=="jsn-Cora Z7 - 7010-210370AD525DA-13722093-0"}
fpga -file C:/Users/33651/Desktop/projet_ajc/dma_vitis/dma/_ide/bitstream/design_1_wrapper.bit
targets -set -nocase -filter {name =~"APU*"}
loadhw -hw C:/Users/33651/Desktop/projet_ajc/dma_vitis/dma_test_26/export/dma_test_26/hw/design_1_wrapper.xsa -mem-ranges [list {0x40000000 0xbfffffff}] -regs
configparams force-mem-access 1
targets -set -nocase -filter {name =~"APU*"}
source C:/Users/33651/Desktop/projet_ajc/dma_vitis/dma/_ide/psinit/ps7_init.tcl
ps7_init
ps7_post_config
targets -set -nocase -filter {name =~ "*A9*#0"}
dow C:/Users/33651/Desktop/projet_ajc/dma_vitis/dma/Debug/dma.elf
configparams force-mem-access 0
----------------End of Script----------------

17:29:27 INFO  : Context for processor 'ps7_cortexa9_0' is selected.
17:29:27 INFO  : 'con' command is executed.
17:29:27 INFO  : ----------------XSDB Script (After Launch)----------------
targets -set -nocase -filter {name =~ "*A9*#0"}
con
----------------End of Script----------------

17:29:27 INFO  : Launch script is exported to file 'C:\Users\33651\Desktop\projet_ajc\dma_vitis\dma_system\_ide\scripts\systemdebugger_dma_system_standalone.tcl'
17:30:50 INFO  : Checking for BSP changes to sync application flags for project 'dma'...
17:32:54 INFO  : Disconnected from the channel tcfchan#55.
17:32:54 INFO  : Connected to target on host '127.0.0.1' and port '3121'.
17:32:54 INFO  : Jtag cable 'Digilent Cora Z7 - 7010 210370AD525DA' is selected.
17:32:54 INFO  : 'jtag frequency' command is executed.
17:32:54 INFO  : Context for 'APU' is selected.
17:32:55 INFO  : System reset is completed.
17:32:58 INFO  : 'after 3000' command is executed.
17:32:58 INFO  : 'targets -set -filter {jtag_cable_name =~ "Digilent Cora Z7 - 7010 210370AD525DA" && level==0 && jtag_device_ctx=="jsn-Cora Z7 - 7010-210370AD525DA-13722093-0"}' command is executed.
17:32:59 INFO  : Device configured successfully with "C:/Users/33651/Desktop/projet_ajc/dma_vitis/dma/_ide/bitstream/design_1_wrapper.bit"
17:32:59 INFO  : Context for 'APU' is selected.
17:32:59 INFO  : Hardware design and registers information is loaded from 'C:/Users/33651/Desktop/projet_ajc/dma_vitis/dma_test_26/export/dma_test_26/hw/design_1_wrapper.xsa'.
17:32:59 INFO  : 'configparams force-mem-access 1' command is executed.
17:32:59 INFO  : Context for 'APU' is selected.
17:32:59 INFO  : Sourcing of 'C:/Users/33651/Desktop/projet_ajc/dma_vitis/dma/_ide/psinit/ps7_init.tcl' is done.
17:32:59 INFO  : 'ps7_init' command is executed.
17:32:59 INFO  : 'ps7_post_config' command is executed.
17:32:59 INFO  : Context for processor 'ps7_cortexa9_0' is selected.
17:33:00 INFO  : The application 'C:/Users/33651/Desktop/projet_ajc/dma_vitis/dma/Debug/dma.elf' is downloaded to processor 'ps7_cortexa9_0'.
17:33:00 INFO  : 'configparams force-mem-access 0' command is executed.
17:33:00 INFO  : ----------------XSDB Script----------------
connect -url tcp:127.0.0.1:3121
targets -set -nocase -filter {name =~"APU*"}
rst -system
after 3000
targets -set -filter {jtag_cable_name =~ "Digilent Cora Z7 - 7010 210370AD525DA" && level==0 && jtag_device_ctx=="jsn-Cora Z7 - 7010-210370AD525DA-13722093-0"}
fpga -file C:/Users/33651/Desktop/projet_ajc/dma_vitis/dma/_ide/bitstream/design_1_wrapper.bit
targets -set -nocase -filter {name =~"APU*"}
loadhw -hw C:/Users/33651/Desktop/projet_ajc/dma_vitis/dma_test_26/export/dma_test_26/hw/design_1_wrapper.xsa -mem-ranges [list {0x40000000 0xbfffffff}] -regs
configparams force-mem-access 1
targets -set -nocase -filter {name =~"APU*"}
source C:/Users/33651/Desktop/projet_ajc/dma_vitis/dma/_ide/psinit/ps7_init.tcl
ps7_init
ps7_post_config
targets -set -nocase -filter {name =~ "*A9*#0"}
dow C:/Users/33651/Desktop/projet_ajc/dma_vitis/dma/Debug/dma.elf
configparams force-mem-access 0
----------------End of Script----------------

17:33:00 INFO  : Context for processor 'ps7_cortexa9_0' is selected.
17:33:00 INFO  : 'con' command is executed.
17:33:00 INFO  : ----------------XSDB Script (After Launch)----------------
targets -set -nocase -filter {name =~ "*A9*#0"}
con
----------------End of Script----------------

17:33:00 INFO  : Launch script is exported to file 'C:\Users\33651\Desktop\projet_ajc\dma_vitis\dma_system\_ide\scripts\systemdebugger_dma_system_standalone.tcl'
17:37:14 INFO  : Checking for BSP changes to sync application flags for project 'dma'...
17:37:38 INFO  : Checking for BSP changes to sync application flags for project 'dma'...
17:39:50 INFO  : Disconnected from the channel tcfchan#57.
17:39:51 INFO  : Connected to target on host '127.0.0.1' and port '3121'.
17:39:51 INFO  : Jtag cable 'Digilent Cora Z7 - 7010 210370AD525DA' is selected.
17:39:51 INFO  : 'jtag frequency' command is executed.
17:39:51 INFO  : Context for 'APU' is selected.
17:39:51 INFO  : System reset is completed.
17:39:54 INFO  : 'after 3000' command is executed.
17:39:54 INFO  : 'targets -set -filter {jtag_cable_name =~ "Digilent Cora Z7 - 7010 210370AD525DA" && level==0 && jtag_device_ctx=="jsn-Cora Z7 - 7010-210370AD525DA-13722093-0"}' command is executed.
17:39:56 INFO  : Device configured successfully with "C:/Users/33651/Desktop/projet_ajc/dma_vitis/dma/_ide/bitstream/design_1_wrapper.bit"
17:39:56 INFO  : Context for 'APU' is selected.
17:39:56 INFO  : Hardware design and registers information is loaded from 'C:/Users/33651/Desktop/projet_ajc/dma_vitis/dma_test_26/export/dma_test_26/hw/design_1_wrapper.xsa'.
17:39:56 INFO  : 'configparams force-mem-access 1' command is executed.
17:39:56 INFO  : Context for 'APU' is selected.
17:39:56 INFO  : Sourcing of 'C:/Users/33651/Desktop/projet_ajc/dma_vitis/dma/_ide/psinit/ps7_init.tcl' is done.
17:39:56 INFO  : 'ps7_init' command is executed.
17:39:56 INFO  : 'ps7_post_config' command is executed.
17:39:56 INFO  : Context for processor 'ps7_cortexa9_0' is selected.
17:39:56 INFO  : The application 'C:/Users/33651/Desktop/projet_ajc/dma_vitis/dma/Debug/dma.elf' is downloaded to processor 'ps7_cortexa9_0'.
17:39:56 INFO  : 'configparams force-mem-access 0' command is executed.
17:39:56 INFO  : ----------------XSDB Script----------------
connect -url tcp:127.0.0.1:3121
targets -set -nocase -filter {name =~"APU*"}
rst -system
after 3000
targets -set -filter {jtag_cable_name =~ "Digilent Cora Z7 - 7010 210370AD525DA" && level==0 && jtag_device_ctx=="jsn-Cora Z7 - 7010-210370AD525DA-13722093-0"}
fpga -file C:/Users/33651/Desktop/projet_ajc/dma_vitis/dma/_ide/bitstream/design_1_wrapper.bit
targets -set -nocase -filter {name =~"APU*"}
loadhw -hw C:/Users/33651/Desktop/projet_ajc/dma_vitis/dma_test_26/export/dma_test_26/hw/design_1_wrapper.xsa -mem-ranges [list {0x40000000 0xbfffffff}] -regs
configparams force-mem-access 1
targets -set -nocase -filter {name =~"APU*"}
source C:/Users/33651/Desktop/projet_ajc/dma_vitis/dma/_ide/psinit/ps7_init.tcl
ps7_init
ps7_post_config
targets -set -nocase -filter {name =~ "*A9*#0"}
dow C:/Users/33651/Desktop/projet_ajc/dma_vitis/dma/Debug/dma.elf
configparams force-mem-access 0
----------------End of Script----------------

17:39:56 INFO  : Context for processor 'ps7_cortexa9_0' is selected.
17:39:56 INFO  : 'con' command is executed.
17:39:56 INFO  : ----------------XSDB Script (After Launch)----------------
targets -set -nocase -filter {name =~ "*A9*#0"}
con
----------------End of Script----------------

17:39:56 INFO  : Launch script is exported to file 'C:\Users\33651\Desktop\projet_ajc\dma_vitis\dma_system\_ide\scripts\systemdebugger_dma_system_standalone.tcl'
17:46:47 INFO  : Checking for BSP changes to sync application flags for project 'dma'...
17:49:43 INFO  : Checking for BSP changes to sync application flags for project 'dma'...
17:54:26 INFO  : Disconnected from the channel tcfchan#60.
17:54:27 INFO  : Connected to target on host '127.0.0.1' and port '3121'.
17:54:27 INFO  : Jtag cable 'Digilent Cora Z7 - 7010 210370AD525DA' is selected.
17:54:27 INFO  : 'jtag frequency' command is executed.
17:54:27 INFO  : Context for 'APU' is selected.
17:54:27 INFO  : System reset is completed.
17:54:30 INFO  : 'after 3000' command is executed.
17:54:30 INFO  : 'targets -set -filter {jtag_cable_name =~ "Digilent Cora Z7 - 7010 210370AD525DA" && level==0 && jtag_device_ctx=="jsn-Cora Z7 - 7010-210370AD525DA-13722093-0"}' command is executed.
17:54:31 INFO  : Device configured successfully with "C:/Users/33651/Desktop/projet_ajc/dma_vitis/dma/_ide/bitstream/design_1_wrapper.bit"
17:54:31 INFO  : Context for 'APU' is selected.
17:54:32 INFO  : Hardware design and registers information is loaded from 'C:/Users/33651/Desktop/projet_ajc/dma_vitis/dma_test_26/export/dma_test_26/hw/design_1_wrapper.xsa'.
17:54:32 INFO  : 'configparams force-mem-access 1' command is executed.
17:54:32 INFO  : Context for 'APU' is selected.
17:54:32 INFO  : Sourcing of 'C:/Users/33651/Desktop/projet_ajc/dma_vitis/dma/_ide/psinit/ps7_init.tcl' is done.
17:54:32 INFO  : 'ps7_init' command is executed.
17:54:32 INFO  : 'ps7_post_config' command is executed.
17:54:32 INFO  : Context for processor 'ps7_cortexa9_0' is selected.
17:54:32 INFO  : The application 'C:/Users/33651/Desktop/projet_ajc/dma_vitis/dma/Debug/dma.elf' is downloaded to processor 'ps7_cortexa9_0'.
17:54:32 INFO  : 'configparams force-mem-access 0' command is executed.
17:54:32 INFO  : ----------------XSDB Script----------------
connect -url tcp:127.0.0.1:3121
targets -set -nocase -filter {name =~"APU*"}
rst -system
after 3000
targets -set -filter {jtag_cable_name =~ "Digilent Cora Z7 - 7010 210370AD525DA" && level==0 && jtag_device_ctx=="jsn-Cora Z7 - 7010-210370AD525DA-13722093-0"}
fpga -file C:/Users/33651/Desktop/projet_ajc/dma_vitis/dma/_ide/bitstream/design_1_wrapper.bit
targets -set -nocase -filter {name =~"APU*"}
loadhw -hw C:/Users/33651/Desktop/projet_ajc/dma_vitis/dma_test_26/export/dma_test_26/hw/design_1_wrapper.xsa -mem-ranges [list {0x40000000 0xbfffffff}] -regs
configparams force-mem-access 1
targets -set -nocase -filter {name =~"APU*"}
source C:/Users/33651/Desktop/projet_ajc/dma_vitis/dma/_ide/psinit/ps7_init.tcl
ps7_init
ps7_post_config
targets -set -nocase -filter {name =~ "*A9*#0"}
dow C:/Users/33651/Desktop/projet_ajc/dma_vitis/dma/Debug/dma.elf
configparams force-mem-access 0
----------------End of Script----------------

17:54:32 INFO  : Context for processor 'ps7_cortexa9_0' is selected.
17:54:32 INFO  : 'con' command is executed.
17:54:32 INFO  : ----------------XSDB Script (After Launch)----------------
targets -set -nocase -filter {name =~ "*A9*#0"}
con
----------------End of Script----------------

17:54:32 INFO  : Launch script is exported to file 'C:\Users\33651\Desktop\projet_ajc\dma_vitis\dma_system\_ide\scripts\systemdebugger_dma_system_standalone.tcl'
17:55:05 INFO  : Disconnected from the channel tcfchan#63.
17:55:06 INFO  : Connected to target on host '127.0.0.1' and port '3121'.
17:55:06 INFO  : Jtag cable 'Digilent Cora Z7 - 7010 210370AD525DA' is selected.
17:55:06 INFO  : 'jtag frequency' command is executed.
17:55:06 INFO  : Context for 'APU' is selected.
17:55:06 INFO  : System reset is completed.
17:55:09 INFO  : 'after 3000' command is executed.
17:55:09 INFO  : 'targets -set -filter {jtag_cable_name =~ "Digilent Cora Z7 - 7010 210370AD525DA" && level==0 && jtag_device_ctx=="jsn-Cora Z7 - 7010-210370AD525DA-13722093-0"}' command is executed.
17:55:10 INFO  : Device configured successfully with "C:/Users/33651/Desktop/projet_ajc/dma_vitis/dma/_ide/bitstream/design_1_wrapper.bit"
17:55:11 INFO  : Context for 'APU' is selected.
17:55:11 INFO  : Hardware design and registers information is loaded from 'C:/Users/33651/Desktop/projet_ajc/dma_vitis/dma_test_26/export/dma_test_26/hw/design_1_wrapper.xsa'.
17:55:11 INFO  : 'configparams force-mem-access 1' command is executed.
17:55:11 INFO  : Context for 'APU' is selected.
17:55:11 INFO  : Sourcing of 'C:/Users/33651/Desktop/projet_ajc/dma_vitis/dma/_ide/psinit/ps7_init.tcl' is done.
17:55:11 INFO  : 'ps7_init' command is executed.
17:55:11 INFO  : 'ps7_post_config' command is executed.
17:55:11 INFO  : Context for processor 'ps7_cortexa9_0' is selected.
17:55:11 INFO  : The application 'C:/Users/33651/Desktop/projet_ajc/dma_vitis/dma/Debug/dma.elf' is downloaded to processor 'ps7_cortexa9_0'.
17:55:11 INFO  : 'configparams force-mem-access 0' command is executed.
17:55:11 INFO  : ----------------XSDB Script----------------
connect -url tcp:127.0.0.1:3121
targets -set -nocase -filter {name =~"APU*"}
rst -system
after 3000
targets -set -filter {jtag_cable_name =~ "Digilent Cora Z7 - 7010 210370AD525DA" && level==0 && jtag_device_ctx=="jsn-Cora Z7 - 7010-210370AD525DA-13722093-0"}
fpga -file C:/Users/33651/Desktop/projet_ajc/dma_vitis/dma/_ide/bitstream/design_1_wrapper.bit
targets -set -nocase -filter {name =~"APU*"}
loadhw -hw C:/Users/33651/Desktop/projet_ajc/dma_vitis/dma_test_26/export/dma_test_26/hw/design_1_wrapper.xsa -mem-ranges [list {0x40000000 0xbfffffff}] -regs
configparams force-mem-access 1
targets -set -nocase -filter {name =~"APU*"}
source C:/Users/33651/Desktop/projet_ajc/dma_vitis/dma/_ide/psinit/ps7_init.tcl
ps7_init
ps7_post_config
targets -set -nocase -filter {name =~ "*A9*#0"}
dow C:/Users/33651/Desktop/projet_ajc/dma_vitis/dma/Debug/dma.elf
configparams force-mem-access 0
----------------End of Script----------------

17:55:11 INFO  : Context for processor 'ps7_cortexa9_0' is selected.
17:55:11 INFO  : 'con' command is executed.
17:55:11 INFO  : ----------------XSDB Script (After Launch)----------------
targets -set -nocase -filter {name =~ "*A9*#0"}
con
----------------End of Script----------------

17:55:11 INFO  : Launch script is exported to file 'C:\Users\33651\Desktop\projet_ajc\dma_vitis\dma_system\_ide\scripts\systemdebugger_dma_system_standalone.tcl'
17:56:39 INFO  : Checking for BSP changes to sync application flags for project 'dma'...
17:57:18 INFO  : Disconnected from the channel tcfchan#64.
17:57:18 INFO  : Connected to target on host '127.0.0.1' and port '3121'.
17:57:18 INFO  : Jtag cable 'Digilent Cora Z7 - 7010 210370AD525DA' is selected.
17:57:18 INFO  : 'jtag frequency' command is executed.
17:57:18 INFO  : Context for 'APU' is selected.
17:57:18 INFO  : System reset is completed.
17:57:21 INFO  : 'after 3000' command is executed.
17:57:21 INFO  : 'targets -set -filter {jtag_cable_name =~ "Digilent Cora Z7 - 7010 210370AD525DA" && level==0 && jtag_device_ctx=="jsn-Cora Z7 - 7010-210370AD525DA-13722093-0"}' command is executed.
17:57:23 INFO  : Device configured successfully with "C:/Users/33651/Desktop/projet_ajc/dma_vitis/dma/_ide/bitstream/design_1_wrapper.bit"
17:57:23 INFO  : Context for 'APU' is selected.
17:57:23 INFO  : Hardware design and registers information is loaded from 'C:/Users/33651/Desktop/projet_ajc/dma_vitis/dma_test_26/export/dma_test_26/hw/design_1_wrapper.xsa'.
17:57:23 INFO  : 'configparams force-mem-access 1' command is executed.
17:57:23 INFO  : Context for 'APU' is selected.
17:57:23 INFO  : Sourcing of 'C:/Users/33651/Desktop/projet_ajc/dma_vitis/dma/_ide/psinit/ps7_init.tcl' is done.
17:57:23 INFO  : 'ps7_init' command is executed.
17:57:23 INFO  : 'ps7_post_config' command is executed.
17:57:23 INFO  : Context for processor 'ps7_cortexa9_0' is selected.
17:57:23 INFO  : The application 'C:/Users/33651/Desktop/projet_ajc/dma_vitis/dma/Debug/dma.elf' is downloaded to processor 'ps7_cortexa9_0'.
17:57:23 INFO  : 'configparams force-mem-access 0' command is executed.
17:57:23 INFO  : ----------------XSDB Script----------------
connect -url tcp:127.0.0.1:3121
targets -set -nocase -filter {name =~"APU*"}
rst -system
after 3000
targets -set -filter {jtag_cable_name =~ "Digilent Cora Z7 - 7010 210370AD525DA" && level==0 && jtag_device_ctx=="jsn-Cora Z7 - 7010-210370AD525DA-13722093-0"}
fpga -file C:/Users/33651/Desktop/projet_ajc/dma_vitis/dma/_ide/bitstream/design_1_wrapper.bit
targets -set -nocase -filter {name =~"APU*"}
loadhw -hw C:/Users/33651/Desktop/projet_ajc/dma_vitis/dma_test_26/export/dma_test_26/hw/design_1_wrapper.xsa -mem-ranges [list {0x40000000 0xbfffffff}] -regs
configparams force-mem-access 1
targets -set -nocase -filter {name =~"APU*"}
source C:/Users/33651/Desktop/projet_ajc/dma_vitis/dma/_ide/psinit/ps7_init.tcl
ps7_init
ps7_post_config
targets -set -nocase -filter {name =~ "*A9*#0"}
dow C:/Users/33651/Desktop/projet_ajc/dma_vitis/dma/Debug/dma.elf
configparams force-mem-access 0
----------------End of Script----------------

17:57:23 INFO  : Context for processor 'ps7_cortexa9_0' is selected.
17:57:23 INFO  : 'con' command is executed.
17:57:23 INFO  : ----------------XSDB Script (After Launch)----------------
targets -set -nocase -filter {name =~ "*A9*#0"}
con
----------------End of Script----------------

17:57:23 INFO  : Launch script is exported to file 'C:\Users\33651\Desktop\projet_ajc\dma_vitis\dma_system\_ide\scripts\systemdebugger_dma_system_standalone.tcl'
18:00:55 INFO  : Checking for BSP changes to sync application flags for project 'dma'...
23:13:07 INFO  : Result from executing command 'getProjects': dma_test_26
23:13:07 INFO  : Result from executing command 'getPlatforms': dma_test_26|C:/Users/33651/Desktop/projet_ajc/dma_vitis/dma_test_26/export/dma_test_26/dma_test_26.xpfm;dma_test_2|C:/Users/33651/Desktop/projet_ajc/dma_vitis/dma_test_2/export/dma_test_2/dma_test_2.xpfm;dma_test_6|C:/Users/33651/Desktop/projet_ajc/dma_vitis/dma_test_6/export/dma_test_6/dma_test_6.xpfm;dma_test_8|C:/Users/33651/Desktop/projet_ajc/dma_vitis/dma_test_8/export/dma_test_8/dma_test_8.xpfm
23:13:08 INFO  : Checking for BSP changes to sync application flags for project 'dma'...
23:14:16 INFO  : Checking for BSP changes to sync application flags for project 'dma'...
23:14:33 INFO  : Disconnected from the channel tcfchan#66.
23:14:33 INFO  : Connected to target on host '127.0.0.1' and port '3121'.
23:14:34 INFO  : Jtag cable 'Digilent Cora Z7 - 7010 210370AD525DA' is selected.
23:14:34 INFO  : 'jtag frequency' command is executed.
23:14:34 INFO  : Context for 'APU' is selected.
23:14:34 INFO  : System reset is completed.
23:14:37 INFO  : 'after 3000' command is executed.
23:14:37 INFO  : 'targets -set -filter {jtag_cable_name =~ "Digilent Cora Z7 - 7010 210370AD525DA" && level==0 && jtag_device_ctx=="jsn-Cora Z7 - 7010-210370AD525DA-13722093-0"}' command is executed.
23:14:38 INFO  : Device configured successfully with "C:/Users/33651/Desktop/projet_ajc/dma_vitis/dma/_ide/bitstream/design_1_wrapper.bit"
23:14:38 INFO  : Context for 'APU' is selected.
23:14:38 INFO  : Hardware design and registers information is loaded from 'C:/Users/33651/Desktop/projet_ajc/dma_vitis/dma_test_26/export/dma_test_26/hw/design_1_wrapper.xsa'.
23:14:38 INFO  : 'configparams force-mem-access 1' command is executed.
23:14:38 INFO  : Context for 'APU' is selected.
23:14:38 INFO  : Sourcing of 'C:/Users/33651/Desktop/projet_ajc/dma_vitis/dma/_ide/psinit/ps7_init.tcl' is done.
23:14:39 INFO  : 'ps7_init' command is executed.
23:14:39 INFO  : 'ps7_post_config' command is executed.
23:14:39 INFO  : Context for processor 'ps7_cortexa9_0' is selected.
23:14:39 INFO  : The application 'C:/Users/33651/Desktop/projet_ajc/dma_vitis/dma/Debug/dma.elf' is downloaded to processor 'ps7_cortexa9_0'.
23:14:39 INFO  : 'configparams force-mem-access 0' command is executed.
23:14:39 INFO  : ----------------XSDB Script----------------
connect -url tcp:127.0.0.1:3121
targets -set -nocase -filter {name =~"APU*"}
rst -system
after 3000
targets -set -filter {jtag_cable_name =~ "Digilent Cora Z7 - 7010 210370AD525DA" && level==0 && jtag_device_ctx=="jsn-Cora Z7 - 7010-210370AD525DA-13722093-0"}
fpga -file C:/Users/33651/Desktop/projet_ajc/dma_vitis/dma/_ide/bitstream/design_1_wrapper.bit
targets -set -nocase -filter {name =~"APU*"}
loadhw -hw C:/Users/33651/Desktop/projet_ajc/dma_vitis/dma_test_26/export/dma_test_26/hw/design_1_wrapper.xsa -mem-ranges [list {0x40000000 0xbfffffff}] -regs
configparams force-mem-access 1
targets -set -nocase -filter {name =~"APU*"}
source C:/Users/33651/Desktop/projet_ajc/dma_vitis/dma/_ide/psinit/ps7_init.tcl
ps7_init
ps7_post_config
targets -set -nocase -filter {name =~ "*A9*#0"}
dow C:/Users/33651/Desktop/projet_ajc/dma_vitis/dma/Debug/dma.elf
configparams force-mem-access 0
----------------End of Script----------------

23:14:39 INFO  : Context for processor 'ps7_cortexa9_0' is selected.
23:14:39 INFO  : 'con' command is executed.
23:14:39 INFO  : ----------------XSDB Script (After Launch)----------------
targets -set -nocase -filter {name =~ "*A9*#0"}
con
----------------End of Script----------------

23:14:39 INFO  : Launch script is exported to file 'C:\Users\33651\Desktop\projet_ajc\dma_vitis\dma_system\_ide\scripts\systemdebugger_dma_system_standalone.tcl'
23:17:12 INFO  : Result from executing command 'getProjects': dma_test_26
23:17:12 INFO  : Result from executing command 'getPlatforms': dma_test_2|C:/Users/33651/Desktop/projet_ajc/dma_vitis/dma_test_2/export/dma_test_2/dma_test_2.xpfm;dma_test_6|C:/Users/33651/Desktop/projet_ajc/dma_vitis/dma_test_6/export/dma_test_6/dma_test_6.xpfm;dma_test_8|C:/Users/33651/Desktop/projet_ajc/dma_vitis/dma_test_8/export/dma_test_8/dma_test_8.xpfm
23:17:12 INFO  : Checking for BSP changes to sync application flags for project 'dma'...
23:17:42 INFO  : Checking for BSP changes to sync application flags for project 'dma'...
23:18:06 INFO  : Disconnected from the channel tcfchan#72.
23:18:06 INFO  : Connected to target on host '127.0.0.1' and port '3121'.
23:18:06 INFO  : Jtag cable 'Digilent Cora Z7 - 7010 210370AD525DA' is selected.
23:18:06 INFO  : 'jtag frequency' command is executed.
23:18:06 INFO  : Context for 'APU' is selected.
23:18:06 INFO  : System reset is completed.
23:18:09 INFO  : 'after 3000' command is executed.
23:18:09 INFO  : 'targets -set -filter {jtag_cable_name =~ "Digilent Cora Z7 - 7010 210370AD525DA" && level==0 && jtag_device_ctx=="jsn-Cora Z7 - 7010-210370AD525DA-13722093-0"}' command is executed.
23:18:10 INFO  : Device configured successfully with "C:/Users/33651/Desktop/projet_ajc/dma_vitis/dma/_ide/bitstream/design_1_wrapper.bit"
23:18:11 INFO  : Context for 'APU' is selected.
23:18:11 INFO  : Hardware design and registers information is loaded from 'C:/Users/33651/Desktop/projet_ajc/dma_vitis/dma_test_26/export/dma_test_26/hw/design_1_wrapper.xsa'.
23:18:11 INFO  : 'configparams force-mem-access 1' command is executed.
23:18:11 INFO  : Context for 'APU' is selected.
23:18:11 INFO  : Sourcing of 'C:/Users/33651/Desktop/projet_ajc/dma_vitis/dma/_ide/psinit/ps7_init.tcl' is done.
23:18:11 INFO  : 'ps7_init' command is executed.
23:18:11 INFO  : 'ps7_post_config' command is executed.
23:18:11 INFO  : Context for processor 'ps7_cortexa9_0' is selected.
23:18:11 INFO  : The application 'C:/Users/33651/Desktop/projet_ajc/dma_vitis/dma/Debug/dma.elf' is downloaded to processor 'ps7_cortexa9_0'.
23:18:11 INFO  : 'configparams force-mem-access 0' command is executed.
23:18:11 INFO  : ----------------XSDB Script----------------
connect -url tcp:127.0.0.1:3121
targets -set -nocase -filter {name =~"APU*"}
rst -system
after 3000
targets -set -filter {jtag_cable_name =~ "Digilent Cora Z7 - 7010 210370AD525DA" && level==0 && jtag_device_ctx=="jsn-Cora Z7 - 7010-210370AD525DA-13722093-0"}
fpga -file C:/Users/33651/Desktop/projet_ajc/dma_vitis/dma/_ide/bitstream/design_1_wrapper.bit
targets -set -nocase -filter {name =~"APU*"}
loadhw -hw C:/Users/33651/Desktop/projet_ajc/dma_vitis/dma_test_26/export/dma_test_26/hw/design_1_wrapper.xsa -mem-ranges [list {0x40000000 0xbfffffff}] -regs
configparams force-mem-access 1
targets -set -nocase -filter {name =~"APU*"}
source C:/Users/33651/Desktop/projet_ajc/dma_vitis/dma/_ide/psinit/ps7_init.tcl
ps7_init
ps7_post_config
targets -set -nocase -filter {name =~ "*A9*#0"}
dow C:/Users/33651/Desktop/projet_ajc/dma_vitis/dma/Debug/dma.elf
configparams force-mem-access 0
----------------End of Script----------------

23:18:11 INFO  : Context for processor 'ps7_cortexa9_0' is selected.
23:18:11 INFO  : 'con' command is executed.
23:18:11 INFO  : ----------------XSDB Script (After Launch)----------------
targets -set -nocase -filter {name =~ "*A9*#0"}
con
----------------End of Script----------------

23:18:11 INFO  : Launch script is exported to file 'C:\Users\33651\Desktop\projet_ajc\dma_vitis\dma_system\_ide\scripts\systemdebugger_dma_system_standalone.tcl'
23:22:33 INFO  : Result from executing command 'getProjects': dma_test_26
23:22:33 INFO  : Result from executing command 'getPlatforms': dma_test_2|C:/Users/33651/Desktop/projet_ajc/dma_vitis/dma_test_2/export/dma_test_2/dma_test_2.xpfm;dma_test_6|C:/Users/33651/Desktop/projet_ajc/dma_vitis/dma_test_6/export/dma_test_6/dma_test_6.xpfm;dma_test_8|C:/Users/33651/Desktop/projet_ajc/dma_vitis/dma_test_8/export/dma_test_8/dma_test_8.xpfm
23:22:33 INFO  : Checking for BSP changes to sync application flags for project 'dma'...
23:22:59 INFO  : Checking for BSP changes to sync application flags for project 'dma'...
23:23:18 INFO  : Checking for BSP changes to sync application flags for project 'dma'...
23:23:31 INFO  : Checking for BSP changes to sync application flags for project 'dma'...
23:23:48 INFO  : Checking for BSP changes to sync application flags for project 'dma'...
23:24:01 INFO  : Disconnected from the channel tcfchan#77.
23:24:01 INFO  : Connected to target on host '127.0.0.1' and port '3121'.
23:24:01 INFO  : Jtag cable 'Digilent Cora Z7 - 7010 210370AD525DA' is selected.
23:24:01 INFO  : 'jtag frequency' command is executed.
23:24:01 INFO  : Context for 'APU' is selected.
23:24:01 INFO  : System reset is completed.
23:24:04 INFO  : 'after 3000' command is executed.
23:24:04 INFO  : 'targets -set -filter {jtag_cable_name =~ "Digilent Cora Z7 - 7010 210370AD525DA" && level==0 && jtag_device_ctx=="jsn-Cora Z7 - 7010-210370AD525DA-13722093-0"}' command is executed.
23:24:06 INFO  : Device configured successfully with "C:/Users/33651/Desktop/projet_ajc/dma_vitis/dma/_ide/bitstream/design_1_wrapper.bit"
23:24:06 INFO  : Context for 'APU' is selected.
23:24:06 INFO  : Hardware design and registers information is loaded from 'C:/Users/33651/Desktop/projet_ajc/dma_vitis/dma_test_26/export/dma_test_26/hw/design_1_wrapper.xsa'.
23:24:06 INFO  : 'configparams force-mem-access 1' command is executed.
23:24:06 INFO  : Context for 'APU' is selected.
23:24:06 INFO  : Sourcing of 'C:/Users/33651/Desktop/projet_ajc/dma_vitis/dma/_ide/psinit/ps7_init.tcl' is done.
23:24:06 INFO  : 'ps7_init' command is executed.
23:24:06 INFO  : 'ps7_post_config' command is executed.
23:24:06 INFO  : Context for processor 'ps7_cortexa9_0' is selected.
23:24:06 INFO  : The application 'C:/Users/33651/Desktop/projet_ajc/dma_vitis/dma/Debug/dma.elf' is downloaded to processor 'ps7_cortexa9_0'.
23:24:06 INFO  : 'configparams force-mem-access 0' command is executed.
23:24:06 INFO  : ----------------XSDB Script----------------
connect -url tcp:127.0.0.1:3121
targets -set -nocase -filter {name =~"APU*"}
rst -system
after 3000
targets -set -filter {jtag_cable_name =~ "Digilent Cora Z7 - 7010 210370AD525DA" && level==0 && jtag_device_ctx=="jsn-Cora Z7 - 7010-210370AD525DA-13722093-0"}
fpga -file C:/Users/33651/Desktop/projet_ajc/dma_vitis/dma/_ide/bitstream/design_1_wrapper.bit
targets -set -nocase -filter {name =~"APU*"}
loadhw -hw C:/Users/33651/Desktop/projet_ajc/dma_vitis/dma_test_26/export/dma_test_26/hw/design_1_wrapper.xsa -mem-ranges [list {0x40000000 0xbfffffff}] -regs
configparams force-mem-access 1
targets -set -nocase -filter {name =~"APU*"}
source C:/Users/33651/Desktop/projet_ajc/dma_vitis/dma/_ide/psinit/ps7_init.tcl
ps7_init
ps7_post_config
targets -set -nocase -filter {name =~ "*A9*#0"}
dow C:/Users/33651/Desktop/projet_ajc/dma_vitis/dma/Debug/dma.elf
configparams force-mem-access 0
----------------End of Script----------------

23:24:07 INFO  : Context for processor 'ps7_cortexa9_0' is selected.
23:24:07 INFO  : 'con' command is executed.
23:24:07 INFO  : ----------------XSDB Script (After Launch)----------------
targets -set -nocase -filter {name =~ "*A9*#0"}
con
----------------End of Script----------------

23:24:07 INFO  : Launch script is exported to file 'C:\Users\33651\Desktop\projet_ajc\dma_vitis\dma_system\_ide\scripts\systemdebugger_dma_system_standalone.tcl'
23:47:23 INFO  : Result from executing command 'getProjects': dma_test_26;dma_test_27
23:47:23 INFO  : Result from executing command 'getPlatforms': dma_test_26|C:/Users/33651/Desktop/projet_ajc/dma_vitis/dma_test_26/export/dma_test_26/dma_test_26.xpfm;dma_test_2|C:/Users/33651/Desktop/projet_ajc/dma_vitis/dma_test_2/export/dma_test_2/dma_test_2.xpfm;dma_test_6|C:/Users/33651/Desktop/projet_ajc/dma_vitis/dma_test_6/export/dma_test_6/dma_test_6.xpfm;dma_test_8|C:/Users/33651/Desktop/projet_ajc/dma_vitis/dma_test_8/export/dma_test_8/dma_test_8.xpfm
23:47:47 INFO  : The hardware specfication used by project 'dma' is out of sync with the platform. Resource files extracted from the hardware specfiication will be updated.
23:47:48 INFO  : The file 'C:\Users\33651\Desktop\projet_ajc\dma_vitis\dma\_ide\bitstream\design_1_wrapper.bit' stored in project is removed.
23:47:48 INFO  : The updated bitstream files are copied from platform to folder 'C:\Users\33651\Desktop\projet_ajc\dma_vitis\dma\_ide\bitstream' in project 'dma'.
23:47:48 INFO  : The file 'C:\Users\33651\Desktop\projet_ajc\dma_vitis\dma\_ide\psinit\ps7_init.tcl' stored in project is removed.
23:47:52 INFO  : The updated ps init files are copied from platform to folder 'C:\Users\33651\Desktop\projet_ajc\dma_vitis\dma\_ide\psinit' in project 'dma'.
23:48:25 INFO  : Result from executing command 'getProjects': dma_test_26;dma_test_27
23:48:25 INFO  : Result from executing command 'getPlatforms': dma_test_26|C:/Users/33651/Desktop/projet_ajc/dma_vitis/dma_test_26/export/dma_test_26/dma_test_26.xpfm;dma_test_27|C:/Users/33651/Desktop/projet_ajc/dma_vitis/dma_test_27/export/dma_test_27/dma_test_27.xpfm;dma_test_2|C:/Users/33651/Desktop/projet_ajc/dma_vitis/dma_test_2/export/dma_test_2/dma_test_2.xpfm;dma_test_6|C:/Users/33651/Desktop/projet_ajc/dma_vitis/dma_test_6/export/dma_test_6/dma_test_6.xpfm;dma_test_8|C:/Users/33651/Desktop/projet_ajc/dma_vitis/dma_test_8/export/dma_test_8/dma_test_8.xpfm
23:48:25 INFO  : Checking for BSP changes to sync application flags for project 'dma'...
23:48:34 INFO  : Disconnected from the channel tcfchan#82.
23:48:35 INFO  : Connected to target on host '127.0.0.1' and port '3121'.
23:48:35 INFO  : Jtag cable 'Digilent Cora Z7 - 7010 210370AD525DA' is selected.
23:48:35 INFO  : 'jtag frequency' command is executed.
23:48:35 INFO  : Context for 'APU' is selected.
23:48:35 INFO  : System reset is completed.
23:48:38 INFO  : 'after 3000' command is executed.
23:48:38 INFO  : 'targets -set -filter {jtag_cable_name =~ "Digilent Cora Z7 - 7010 210370AD525DA" && level==0 && jtag_device_ctx=="jsn-Cora Z7 - 7010-210370AD525DA-13722093-0"}' command is executed.
23:48:39 INFO  : Device configured successfully with "C:/Users/33651/Desktop/projet_ajc/dma_vitis/dma/_ide/bitstream/design_1_wrapper.bit"
23:48:39 INFO  : Context for 'APU' is selected.
23:48:40 INFO  : Hardware design and registers information is loaded from 'C:/Users/33651/Desktop/projet_ajc/dma_vitis/dma_test_27/export/dma_test_27/hw/design_1_wrapper.xsa'.
23:48:40 INFO  : 'configparams force-mem-access 1' command is executed.
23:48:40 INFO  : Context for 'APU' is selected.
23:48:40 INFO  : Sourcing of 'C:/Users/33651/Desktop/projet_ajc/dma_vitis/dma/_ide/psinit/ps7_init.tcl' is done.
23:48:40 INFO  : 'ps7_init' command is executed.
23:48:40 INFO  : 'ps7_post_config' command is executed.
23:48:40 INFO  : Context for processor 'ps7_cortexa9_0' is selected.
23:48:40 INFO  : The application 'C:/Users/33651/Desktop/projet_ajc/dma_vitis/dma/Debug/dma.elf' is downloaded to processor 'ps7_cortexa9_0'.
23:48:40 INFO  : 'configparams force-mem-access 0' command is executed.
23:48:40 INFO  : ----------------XSDB Script----------------
connect -url tcp:127.0.0.1:3121
targets -set -nocase -filter {name =~"APU*"}
rst -system
after 3000
targets -set -filter {jtag_cable_name =~ "Digilent Cora Z7 - 7010 210370AD525DA" && level==0 && jtag_device_ctx=="jsn-Cora Z7 - 7010-210370AD525DA-13722093-0"}
fpga -file C:/Users/33651/Desktop/projet_ajc/dma_vitis/dma/_ide/bitstream/design_1_wrapper.bit
targets -set -nocase -filter {name =~"APU*"}
loadhw -hw C:/Users/33651/Desktop/projet_ajc/dma_vitis/dma_test_27/export/dma_test_27/hw/design_1_wrapper.xsa -mem-ranges [list {0x40000000 0xbfffffff}] -regs
configparams force-mem-access 1
targets -set -nocase -filter {name =~"APU*"}
source C:/Users/33651/Desktop/projet_ajc/dma_vitis/dma/_ide/psinit/ps7_init.tcl
ps7_init
ps7_post_config
targets -set -nocase -filter {name =~ "*A9*#0"}
dow C:/Users/33651/Desktop/projet_ajc/dma_vitis/dma/Debug/dma.elf
configparams force-mem-access 0
----------------End of Script----------------

23:48:40 INFO  : Context for processor 'ps7_cortexa9_0' is selected.
23:48:40 INFO  : 'con' command is executed.
23:48:40 INFO  : ----------------XSDB Script (After Launch)----------------
targets -set -nocase -filter {name =~ "*A9*#0"}
con
----------------End of Script----------------

23:48:40 INFO  : Launch script is exported to file 'C:\Users\33651\Desktop\projet_ajc\dma_vitis\dma_system\_ide\scripts\systemdebugger_dma_system_standalone.tcl'
10:22:57 INFO  : Result from executing command 'getProjects': dma_test_26;dma_test_27;dma_test_28
10:22:57 INFO  : Result from executing command 'getPlatforms': dma_test_26|C:/Users/33651/Desktop/projet_ajc/dma_vitis/dma_test_26/export/dma_test_26/dma_test_26.xpfm;dma_test_2|C:/Users/33651/Desktop/projet_ajc/dma_vitis/dma_test_2/export/dma_test_2/dma_test_2.xpfm;dma_test_6|C:/Users/33651/Desktop/projet_ajc/dma_vitis/dma_test_6/export/dma_test_6/dma_test_6.xpfm;dma_test_8|C:/Users/33651/Desktop/projet_ajc/dma_vitis/dma_test_8/export/dma_test_8/dma_test_8.xpfm
10:23:10 INFO  : The hardware specfication used by project 'dma' is out of sync with the platform. Resource files extracted from the hardware specfiication will be updated.
10:23:11 INFO  : The file 'C:\Users\33651\Desktop\projet_ajc\dma_vitis\dma\_ide\bitstream\design_1_wrapper.bit' stored in project is removed.
10:23:11 INFO  : The updated bitstream files are copied from platform to folder 'C:\Users\33651\Desktop\projet_ajc\dma_vitis\dma\_ide\bitstream' in project 'dma'.
10:23:11 INFO  : The file 'C:\Users\33651\Desktop\projet_ajc\dma_vitis\dma\_ide\psinit\ps7_init.tcl' stored in project is removed.
10:23:15 INFO  : The updated ps init files are copied from platform to folder 'C:\Users\33651\Desktop\projet_ajc\dma_vitis\dma\_ide\psinit' in project 'dma'.
10:23:48 INFO  : Result from executing command 'getProjects': dma_test_26;dma_test_27;dma_test_28
10:23:48 INFO  : Result from executing command 'getPlatforms': dma_test_26|C:/Users/33651/Desktop/projet_ajc/dma_vitis/dma_test_26/export/dma_test_26/dma_test_26.xpfm;dma_test_27|C:/Users/33651/Desktop/projet_ajc/dma_vitis/dma_test_27/export/dma_test_27/dma_test_27.xpfm;dma_test_28|C:/Users/33651/Desktop/projet_ajc/dma_vitis/dma_test_28/export/dma_test_28/dma_test_28.xpfm;dma_test_2|C:/Users/33651/Desktop/projet_ajc/dma_vitis/dma_test_2/export/dma_test_2/dma_test_2.xpfm;dma_test_6|C:/Users/33651/Desktop/projet_ajc/dma_vitis/dma_test_6/export/dma_test_6/dma_test_6.xpfm;dma_test_8|C:/Users/33651/Desktop/projet_ajc/dma_vitis/dma_test_8/export/dma_test_8/dma_test_8.xpfm
10:23:48 INFO  : Checking for BSP changes to sync application flags for project 'dma'...
10:23:49 INFO  : Updating application flags with new BSP settings...
10:23:49 INFO  : Successfully updated application flags for project dma.
10:24:09 INFO  : Checking for BSP changes to sync application flags for project 'dma'...
10:25:17 INFO  : Disconnected from the channel tcfchan#85.
10:25:17 INFO  : Connected to target on host '127.0.0.1' and port '3121'.
10:25:17 INFO  : Jtag cable 'Digilent Cora Z7 - 7010 210370AD525DA' is selected.
10:25:17 INFO  : 'jtag frequency' command is executed.
10:25:18 INFO  : Context for 'APU' is selected.
10:25:18 INFO  : System reset is completed.
10:25:21 INFO  : 'after 3000' command is executed.
10:25:21 INFO  : 'targets -set -filter {jtag_cable_name =~ "Digilent Cora Z7 - 7010 210370AD525DA" && level==0 && jtag_device_ctx=="jsn-Cora Z7 - 7010-210370AD525DA-13722093-0"}' command is executed.
10:25:22 INFO  : Device configured successfully with "C:/Users/33651/Desktop/projet_ajc/dma_vitis/dma/_ide/bitstream/design_1_wrapper.bit"
10:25:22 INFO  : Context for 'APU' is selected.
10:25:22 INFO  : Hardware design and registers information is loaded from 'C:/Users/33651/Desktop/projet_ajc/dma_vitis/dma_test_28/export/dma_test_28/hw/design_1_wrapper.xsa'.
10:25:22 INFO  : 'configparams force-mem-access 1' command is executed.
10:25:22 INFO  : Context for 'APU' is selected.
10:25:22 INFO  : Sourcing of 'C:/Users/33651/Desktop/projet_ajc/dma_vitis/dma/_ide/psinit/ps7_init.tcl' is done.
10:25:22 INFO  : 'ps7_init' command is executed.
10:25:22 INFO  : 'ps7_post_config' command is executed.
10:25:22 INFO  : Context for processor 'ps7_cortexa9_0' is selected.
10:25:23 INFO  : The application 'C:/Users/33651/Desktop/projet_ajc/dma_vitis/dma/Debug/dma.elf' is downloaded to processor 'ps7_cortexa9_0'.
10:25:23 INFO  : 'configparams force-mem-access 0' command is executed.
10:25:23 INFO  : ----------------XSDB Script----------------
connect -url tcp:127.0.0.1:3121
targets -set -nocase -filter {name =~"APU*"}
rst -system
after 3000
targets -set -filter {jtag_cable_name =~ "Digilent Cora Z7 - 7010 210370AD525DA" && level==0 && jtag_device_ctx=="jsn-Cora Z7 - 7010-210370AD525DA-13722093-0"}
fpga -file C:/Users/33651/Desktop/projet_ajc/dma_vitis/dma/_ide/bitstream/design_1_wrapper.bit
targets -set -nocase -filter {name =~"APU*"}
loadhw -hw C:/Users/33651/Desktop/projet_ajc/dma_vitis/dma_test_28/export/dma_test_28/hw/design_1_wrapper.xsa -mem-ranges [list {0x40000000 0xbfffffff}] -regs
configparams force-mem-access 1
targets -set -nocase -filter {name =~"APU*"}
source C:/Users/33651/Desktop/projet_ajc/dma_vitis/dma/_ide/psinit/ps7_init.tcl
ps7_init
ps7_post_config
targets -set -nocase -filter {name =~ "*A9*#0"}
dow C:/Users/33651/Desktop/projet_ajc/dma_vitis/dma/Debug/dma.elf
configparams force-mem-access 0
----------------End of Script----------------

10:25:23 INFO  : Context for processor 'ps7_cortexa9_0' is selected.
10:25:23 INFO  : 'con' command is executed.
10:25:23 INFO  : ----------------XSDB Script (After Launch)----------------
targets -set -nocase -filter {name =~ "*A9*#0"}
con
----------------End of Script----------------

10:25:23 INFO  : Launch script is exported to file 'C:\Users\33651\Desktop\projet_ajc\dma_vitis\dma_system\_ide\scripts\systemdebugger_dma_system_standalone.tcl'
10:30:14 INFO  : Checking for BSP changes to sync application flags for project 'dma'...
10:30:38 INFO  : Disconnected from the channel tcfchan#89.
10:30:39 INFO  : Connected to target on host '127.0.0.1' and port '3121'.
10:30:39 INFO  : Jtag cable 'Digilent Cora Z7 - 7010 210370AD525DA' is selected.
10:30:39 INFO  : 'jtag frequency' command is executed.
10:30:39 INFO  : Context for 'APU' is selected.
10:30:39 INFO  : System reset is completed.
10:30:42 INFO  : 'after 3000' command is executed.
10:30:42 INFO  : 'targets -set -filter {jtag_cable_name =~ "Digilent Cora Z7 - 7010 210370AD525DA" && level==0 && jtag_device_ctx=="jsn-Cora Z7 - 7010-210370AD525DA-13722093-0"}' command is executed.
10:30:44 INFO  : Device configured successfully with "C:/Users/33651/Desktop/projet_ajc/dma_vitis/dma/_ide/bitstream/design_1_wrapper.bit"
10:30:44 INFO  : Context for 'APU' is selected.
10:30:44 INFO  : Hardware design and registers information is loaded from 'C:/Users/33651/Desktop/projet_ajc/dma_vitis/dma_test_28/export/dma_test_28/hw/design_1_wrapper.xsa'.
10:30:44 INFO  : 'configparams force-mem-access 1' command is executed.
10:30:44 INFO  : Context for 'APU' is selected.
10:30:44 INFO  : Sourcing of 'C:/Users/33651/Desktop/projet_ajc/dma_vitis/dma/_ide/psinit/ps7_init.tcl' is done.
10:30:44 INFO  : 'ps7_init' command is executed.
10:30:44 INFO  : 'ps7_post_config' command is executed.
10:30:44 INFO  : Context for processor 'ps7_cortexa9_0' is selected.
10:30:44 INFO  : The application 'C:/Users/33651/Desktop/projet_ajc/dma_vitis/dma/Debug/dma.elf' is downloaded to processor 'ps7_cortexa9_0'.
10:30:44 INFO  : 'configparams force-mem-access 0' command is executed.
10:30:44 INFO  : ----------------XSDB Script----------------
connect -url tcp:127.0.0.1:3121
targets -set -nocase -filter {name =~"APU*"}
rst -system
after 3000
targets -set -filter {jtag_cable_name =~ "Digilent Cora Z7 - 7010 210370AD525DA" && level==0 && jtag_device_ctx=="jsn-Cora Z7 - 7010-210370AD525DA-13722093-0"}
fpga -file C:/Users/33651/Desktop/projet_ajc/dma_vitis/dma/_ide/bitstream/design_1_wrapper.bit
targets -set -nocase -filter {name =~"APU*"}
loadhw -hw C:/Users/33651/Desktop/projet_ajc/dma_vitis/dma_test_28/export/dma_test_28/hw/design_1_wrapper.xsa -mem-ranges [list {0x40000000 0xbfffffff}] -regs
configparams force-mem-access 1
targets -set -nocase -filter {name =~"APU*"}
source C:/Users/33651/Desktop/projet_ajc/dma_vitis/dma/_ide/psinit/ps7_init.tcl
ps7_init
ps7_post_config
targets -set -nocase -filter {name =~ "*A9*#0"}
dow C:/Users/33651/Desktop/projet_ajc/dma_vitis/dma/Debug/dma.elf
configparams force-mem-access 0
----------------End of Script----------------

10:30:44 INFO  : Context for processor 'ps7_cortexa9_0' is selected.
10:30:44 INFO  : 'con' command is executed.
10:30:44 INFO  : ----------------XSDB Script (After Launch)----------------
targets -set -nocase -filter {name =~ "*A9*#0"}
con
----------------End of Script----------------

10:30:44 INFO  : Launch script is exported to file 'C:\Users\33651\Desktop\projet_ajc\dma_vitis\dma_system\_ide\scripts\systemdebugger_dma_system_standalone.tcl'
10:36:21 INFO  : Checking for BSP changes to sync application flags for project 'dma'...
10:39:55 INFO  : Result from executing command 'getProjects': dma_test_26;dma_test_27;dma_test_28
10:39:55 INFO  : Result from executing command 'getPlatforms': dma_test_26|C:/Users/33651/Desktop/projet_ajc/dma_vitis/dma_test_26/export/dma_test_26/dma_test_26.xpfm;dma_test_27|C:/Users/33651/Desktop/projet_ajc/dma_vitis/dma_test_27/export/dma_test_27/dma_test_27.xpfm;dma_test_28|C:/Users/33651/Desktop/projet_ajc/dma_vitis/dma_test_28/export/dma_test_28/dma_test_28.xpfm;dma_test_2|C:/Users/33651/Desktop/projet_ajc/dma_vitis/dma_test_2/export/dma_test_2/dma_test_2.xpfm;dma_test_6|C:/Users/33651/Desktop/projet_ajc/dma_vitis/dma_test_6/export/dma_test_6/dma_test_6.xpfm;dma_test_8|C:/Users/33651/Desktop/projet_ajc/dma_vitis/dma_test_8/export/dma_test_8/dma_test_8.xpfm
10:39:55 INFO  : Checking for BSP changes to sync application flags for project 'dma'...
10:42:19 INFO  : Checking for BSP changes to sync application flags for project 'dma'...
10:43:08 INFO  : Result from executing command 'getProjects': dma_test_26;dma_test_27;dma_test_28
10:43:08 INFO  : Result from executing command 'getPlatforms': dma_test_26|C:/Users/33651/Desktop/projet_ajc/dma_vitis/dma_test_26/export/dma_test_26/dma_test_26.xpfm;dma_test_27|C:/Users/33651/Desktop/projet_ajc/dma_vitis/dma_test_27/export/dma_test_27/dma_test_27.xpfm;dma_test_28|C:/Users/33651/Desktop/projet_ajc/dma_vitis/dma_test_28/export/dma_test_28/dma_test_28.xpfm;dma_test_2|C:/Users/33651/Desktop/projet_ajc/dma_vitis/dma_test_2/export/dma_test_2/dma_test_2.xpfm;dma_test_6|C:/Users/33651/Desktop/projet_ajc/dma_vitis/dma_test_6/export/dma_test_6/dma_test_6.xpfm;dma_test_8|C:/Users/33651/Desktop/projet_ajc/dma_vitis/dma_test_8/export/dma_test_8/dma_test_8.xpfm
10:43:09 INFO  : Checking for BSP changes to sync application flags for project 'dma'...
10:44:31 INFO  : Result from executing command 'getProjects': dma_test_26;dma_test_27;dma_test_28;dma_test_29
10:44:31 INFO  : Result from executing command 'getPlatforms': dma_test_26|C:/Users/33651/Desktop/projet_ajc/dma_vitis/dma_test_26/export/dma_test_26/dma_test_26.xpfm;dma_test_27|C:/Users/33651/Desktop/projet_ajc/dma_vitis/dma_test_27/export/dma_test_27/dma_test_27.xpfm;dma_test_2|C:/Users/33651/Desktop/projet_ajc/dma_vitis/dma_test_2/export/dma_test_2/dma_test_2.xpfm;dma_test_6|C:/Users/33651/Desktop/projet_ajc/dma_vitis/dma_test_6/export/dma_test_6/dma_test_6.xpfm;dma_test_8|C:/Users/33651/Desktop/projet_ajc/dma_vitis/dma_test_8/export/dma_test_8/dma_test_8.xpfm
10:44:38 ERROR : An unexpected exception occurred in the module 'reading platform'
10:44:43 ERROR : An unexpected exception occurred in the module 'reading platform'
10:44:47 ERROR : An unexpected exception occurred in the module 'reading platform'
10:44:52 INFO  : The hardware specfication used by project 'dma' is out of sync with the platform. Resource files extracted from the hardware specfiication will be updated.
10:44:54 INFO  : The file 'C:\Users\33651\Desktop\projet_ajc\dma_vitis\dma\_ide\bitstream\design_1_wrapper.bit' stored in project is removed.
10:44:54 INFO  : The updated bitstream files are copied from platform to folder 'C:\Users\33651\Desktop\projet_ajc\dma_vitis\dma\_ide\bitstream' in project 'dma'.
10:44:54 INFO  : The file 'C:\Users\33651\Desktop\projet_ajc\dma_vitis\dma\_ide\psinit\ps7_init.tcl' stored in project is removed.
10:44:58 INFO  : The updated ps init files are copied from platform to folder 'C:\Users\33651\Desktop\projet_ajc\dma_vitis\dma\_ide\psinit' in project 'dma'.
10:46:44 INFO  : Result from executing command 'getProjects': dma_test_29
10:46:44 INFO  : Result from executing command 'getPlatforms': dma_test_29|C:/Users/33651/Desktop/projet_ajc/dma_vitis/dma_test_29/export/dma_test_29/dma_test_29.xpfm;dma_test_2|C:/Users/33651/Desktop/projet_ajc/dma_vitis/dma_test_2/export/dma_test_2/dma_test_2.xpfm;dma_test_6|C:/Users/33651/Desktop/projet_ajc/dma_vitis/dma_test_6/export/dma_test_6/dma_test_6.xpfm;dma_test_8|C:/Users/33651/Desktop/projet_ajc/dma_vitis/dma_test_8/export/dma_test_8/dma_test_8.xpfm
10:46:44 INFO  : Checking for BSP changes to sync application flags for project 'dma'...
10:49:31 INFO  : Checking for BSP changes to sync application flags for project 'dma'...
10:50:05 INFO  : Result from executing command 'getProjects': dma_test_29
10:50:05 INFO  : Result from executing command 'getPlatforms': dma_test_29|C:/Users/33651/Desktop/projet_ajc/dma_vitis/dma_test_29/export/dma_test_29/dma_test_29.xpfm;dma_test_2|C:/Users/33651/Desktop/projet_ajc/dma_vitis/dma_test_2/export/dma_test_2/dma_test_2.xpfm;dma_test_6|C:/Users/33651/Desktop/projet_ajc/dma_vitis/dma_test_6/export/dma_test_6/dma_test_6.xpfm;dma_test_8|C:/Users/33651/Desktop/projet_ajc/dma_vitis/dma_test_8/export/dma_test_8/dma_test_8.xpfm
10:50:05 INFO  : Checking for BSP changes to sync application flags for project 'dma'...
10:55:01 INFO  : Checking for BSP changes to sync application flags for project 'dma'...
10:55:06 INFO  : Checking for BSP changes to sync application flags for project 'dma'...
10:57:35 INFO  : Disconnected from the channel tcfchan#91.
10:57:36 INFO  : Connected to target on host '127.0.0.1' and port '3121'.
10:57:36 INFO  : Jtag cable 'Digilent Cora Z7 - 7010 210370AD525DA' is selected.
10:57:36 INFO  : 'jtag frequency' command is executed.
10:57:36 INFO  : Context for 'APU' is selected.
10:57:36 INFO  : System reset is completed.
10:57:39 INFO  : 'after 3000' command is executed.
10:57:39 INFO  : 'targets -set -filter {jtag_cable_name =~ "Digilent Cora Z7 - 7010 210370AD525DA" && level==0 && jtag_device_ctx=="jsn-Cora Z7 - 7010-210370AD525DA-13722093-0"}' command is executed.
10:57:40 INFO  : Device configured successfully with "C:/Users/33651/Desktop/projet_ajc/dma_vitis/dma/_ide/bitstream/design_1_wrapper.bit"
10:57:40 INFO  : Context for 'APU' is selected.
10:57:40 INFO  : Hardware design and registers information is loaded from 'C:/Users/33651/Desktop/projet_ajc/dma_vitis/dma_test_29/export/dma_test_29/hw/design_1_wrapper.xsa'.
10:57:40 INFO  : 'configparams force-mem-access 1' command is executed.
10:57:40 INFO  : Context for 'APU' is selected.
10:57:40 INFO  : Sourcing of 'C:/Users/33651/Desktop/projet_ajc/dma_vitis/dma/_ide/psinit/ps7_init.tcl' is done.
10:57:41 INFO  : 'ps7_init' command is executed.
10:57:41 INFO  : 'ps7_post_config' command is executed.
10:57:41 INFO  : Context for processor 'ps7_cortexa9_0' is selected.
10:57:41 INFO  : The application 'C:/Users/33651/Desktop/projet_ajc/dma_vitis/dma/Debug/dma.elf' is downloaded to processor 'ps7_cortexa9_0'.
10:57:41 INFO  : 'configparams force-mem-access 0' command is executed.
10:57:41 INFO  : ----------------XSDB Script----------------
connect -url tcp:127.0.0.1:3121
targets -set -nocase -filter {name =~"APU*"}
rst -system
after 3000
targets -set -filter {jtag_cable_name =~ "Digilent Cora Z7 - 7010 210370AD525DA" && level==0 && jtag_device_ctx=="jsn-Cora Z7 - 7010-210370AD525DA-13722093-0"}
fpga -file C:/Users/33651/Desktop/projet_ajc/dma_vitis/dma/_ide/bitstream/design_1_wrapper.bit
targets -set -nocase -filter {name =~"APU*"}
loadhw -hw C:/Users/33651/Desktop/projet_ajc/dma_vitis/dma_test_29/export/dma_test_29/hw/design_1_wrapper.xsa -mem-ranges [list {0x40000000 0xbfffffff}] -regs
configparams force-mem-access 1
targets -set -nocase -filter {name =~"APU*"}
source C:/Users/33651/Desktop/projet_ajc/dma_vitis/dma/_ide/psinit/ps7_init.tcl
ps7_init
ps7_post_config
targets -set -nocase -filter {name =~ "*A9*#0"}
dow C:/Users/33651/Desktop/projet_ajc/dma_vitis/dma/Debug/dma.elf
configparams force-mem-access 0
----------------End of Script----------------

10:57:41 INFO  : Context for processor 'ps7_cortexa9_0' is selected.
10:57:41 INFO  : 'con' command is executed.
10:57:41 INFO  : ----------------XSDB Script (After Launch)----------------
targets -set -nocase -filter {name =~ "*A9*#0"}
con
----------------End of Script----------------

10:57:41 INFO  : Launch script is exported to file 'C:\Users\33651\Desktop\projet_ajc\dma_vitis\dma_system\_ide\scripts\systemdebugger_dma_system_standalone.tcl'
10:59:53 INFO  : Checking for BSP changes to sync application flags for project 'dma'...
11:00:05 INFO  : Checking for BSP changes to sync application flags for project 'dma'...
11:00:21 INFO  : Disconnected from the channel tcfchan#108.
11:00:22 INFO  : Connected to target on host '127.0.0.1' and port '3121'.
11:00:22 INFO  : Jtag cable 'Digilent Cora Z7 - 7010 210370AD525DA' is selected.
11:00:22 INFO  : 'jtag frequency' command is executed.
11:00:22 INFO  : Context for 'APU' is selected.
11:00:22 INFO  : System reset is completed.
11:00:25 INFO  : 'after 3000' command is executed.
11:00:25 INFO  : 'targets -set -filter {jtag_cable_name =~ "Digilent Cora Z7 - 7010 210370AD525DA" && level==0 && jtag_device_ctx=="jsn-Cora Z7 - 7010-210370AD525DA-13722093-0"}' command is executed.
11:00:26 INFO  : Device configured successfully with "C:/Users/33651/Desktop/projet_ajc/dma_vitis/dma/_ide/bitstream/design_1_wrapper.bit"
11:00:26 INFO  : Context for 'APU' is selected.
11:00:26 INFO  : Hardware design and registers information is loaded from 'C:/Users/33651/Desktop/projet_ajc/dma_vitis/dma_test_29/export/dma_test_29/hw/design_1_wrapper.xsa'.
11:00:26 INFO  : 'configparams force-mem-access 1' command is executed.
11:00:26 INFO  : Context for 'APU' is selected.
11:00:26 INFO  : Sourcing of 'C:/Users/33651/Desktop/projet_ajc/dma_vitis/dma/_ide/psinit/ps7_init.tcl' is done.
11:00:27 INFO  : 'ps7_init' command is executed.
11:00:27 INFO  : 'ps7_post_config' command is executed.
11:00:27 INFO  : Context for processor 'ps7_cortexa9_0' is selected.
11:00:27 INFO  : The application 'C:/Users/33651/Desktop/projet_ajc/dma_vitis/dma/Debug/dma.elf' is downloaded to processor 'ps7_cortexa9_0'.
11:00:27 INFO  : 'configparams force-mem-access 0' command is executed.
11:00:27 INFO  : ----------------XSDB Script----------------
connect -url tcp:127.0.0.1:3121
targets -set -nocase -filter {name =~"APU*"}
rst -system
after 3000
targets -set -filter {jtag_cable_name =~ "Digilent Cora Z7 - 7010 210370AD525DA" && level==0 && jtag_device_ctx=="jsn-Cora Z7 - 7010-210370AD525DA-13722093-0"}
fpga -file C:/Users/33651/Desktop/projet_ajc/dma_vitis/dma/_ide/bitstream/design_1_wrapper.bit
targets -set -nocase -filter {name =~"APU*"}
loadhw -hw C:/Users/33651/Desktop/projet_ajc/dma_vitis/dma_test_29/export/dma_test_29/hw/design_1_wrapper.xsa -mem-ranges [list {0x40000000 0xbfffffff}] -regs
configparams force-mem-access 1
targets -set -nocase -filter {name =~"APU*"}
source C:/Users/33651/Desktop/projet_ajc/dma_vitis/dma/_ide/psinit/ps7_init.tcl
ps7_init
ps7_post_config
targets -set -nocase -filter {name =~ "*A9*#0"}
dow C:/Users/33651/Desktop/projet_ajc/dma_vitis/dma/Debug/dma.elf
configparams force-mem-access 0
----------------End of Script----------------

11:00:27 INFO  : Context for processor 'ps7_cortexa9_0' is selected.
11:00:27 INFO  : 'con' command is executed.
11:00:27 INFO  : ----------------XSDB Script (After Launch)----------------
targets -set -nocase -filter {name =~ "*A9*#0"}
con
----------------End of Script----------------

11:00:27 INFO  : Launch script is exported to file 'C:\Users\33651\Desktop\projet_ajc\dma_vitis\dma_system\_ide\scripts\systemdebugger_dma_system_standalone.tcl'
11:01:52 INFO  : Result from executing command 'getProjects': dma_test_29;dma_test_30
11:01:52 INFO  : Result from executing command 'getPlatforms': dma_test_29|C:/Users/33651/Desktop/projet_ajc/dma_vitis/dma_test_29/export/dma_test_29/dma_test_29.xpfm;dma_test_2|C:/Users/33651/Desktop/projet_ajc/dma_vitis/dma_test_2/export/dma_test_2/dma_test_2.xpfm;dma_test_6|C:/Users/33651/Desktop/projet_ajc/dma_vitis/dma_test_6/export/dma_test_6/dma_test_6.xpfm;dma_test_8|C:/Users/33651/Desktop/projet_ajc/dma_vitis/dma_test_8/export/dma_test_8/dma_test_8.xpfm
11:02:55 INFO  : Result from executing command 'getProjects': dma_test_29;dma_test_30
11:02:55 INFO  : Result from executing command 'getPlatforms': dma_test_29|C:/Users/33651/Desktop/projet_ajc/dma_vitis/dma_test_29/export/dma_test_29/dma_test_29.xpfm;dma_test_2|C:/Users/33651/Desktop/projet_ajc/dma_vitis/dma_test_2/export/dma_test_2/dma_test_2.xpfm;dma_test_30|C:/Users/33651/Desktop/projet_ajc/dma_vitis/dma_test_30/export/dma_test_30/dma_test_30.xpfm;dma_test_6|C:/Users/33651/Desktop/projet_ajc/dma_vitis/dma_test_6/export/dma_test_6/dma_test_6.xpfm;dma_test_8|C:/Users/33651/Desktop/projet_ajc/dma_vitis/dma_test_8/export/dma_test_8/dma_test_8.xpfm
11:02:56 INFO  : Checking for BSP changes to sync application flags for project 'dma'...
11:05:58 INFO  : Checking for BSP changes to sync application flags for project 'dma'...
11:07:26 INFO  : Disconnected from the channel tcfchan#111.
11:07:27 INFO  : Connected to target on host '127.0.0.1' and port '3121'.
11:07:27 INFO  : Jtag cable 'Digilent Cora Z7 - 7010 210370AD525DA' is selected.
11:07:27 INFO  : 'jtag frequency' command is executed.
11:07:27 INFO  : Context for 'APU' is selected.
11:07:27 INFO  : System reset is completed.
11:07:30 INFO  : 'after 3000' command is executed.
11:07:30 INFO  : 'targets -set -filter {jtag_cable_name =~ "Digilent Cora Z7 - 7010 210370AD525DA" && level==0 && jtag_device_ctx=="jsn-Cora Z7 - 7010-210370AD525DA-13722093-0"}' command is executed.
11:07:31 INFO  : Device configured successfully with "C:/Users/33651/Desktop/projet_ajc/dma_vitis/dma/_ide/bitstream/design_1_wrapper.bit"
11:07:31 INFO  : Context for 'APU' is selected.
11:07:31 INFO  : Hardware design and registers information is loaded from 'C:/Users/33651/Desktop/projet_ajc/dma_vitis/dma_test_30/export/dma_test_30/hw/design_1_wrapper.xsa'.
11:07:31 INFO  : 'configparams force-mem-access 1' command is executed.
11:07:31 INFO  : Context for 'APU' is selected.
11:07:31 INFO  : Sourcing of 'C:/Users/33651/Desktop/projet_ajc/dma_vitis/dma/_ide/psinit/ps7_init.tcl' is done.
11:07:32 INFO  : 'ps7_init' command is executed.
11:07:32 INFO  : 'ps7_post_config' command is executed.
11:07:32 INFO  : Context for processor 'ps7_cortexa9_0' is selected.
11:07:32 INFO  : The application 'C:/Users/33651/Desktop/projet_ajc/dma_vitis/dma/Debug/dma.elf' is downloaded to processor 'ps7_cortexa9_0'.
11:07:32 INFO  : 'configparams force-mem-access 0' command is executed.
11:07:32 INFO  : ----------------XSDB Script----------------
connect -url tcp:127.0.0.1:3121
targets -set -nocase -filter {name =~"APU*"}
rst -system
after 3000
targets -set -filter {jtag_cable_name =~ "Digilent Cora Z7 - 7010 210370AD525DA" && level==0 && jtag_device_ctx=="jsn-Cora Z7 - 7010-210370AD525DA-13722093-0"}
fpga -file C:/Users/33651/Desktop/projet_ajc/dma_vitis/dma/_ide/bitstream/design_1_wrapper.bit
targets -set -nocase -filter {name =~"APU*"}
loadhw -hw C:/Users/33651/Desktop/projet_ajc/dma_vitis/dma_test_30/export/dma_test_30/hw/design_1_wrapper.xsa -mem-ranges [list {0x40000000 0xbfffffff}] -regs
configparams force-mem-access 1
targets -set -nocase -filter {name =~"APU*"}
source C:/Users/33651/Desktop/projet_ajc/dma_vitis/dma/_ide/psinit/ps7_init.tcl
ps7_init
ps7_post_config
targets -set -nocase -filter {name =~ "*A9*#0"}
dow C:/Users/33651/Desktop/projet_ajc/dma_vitis/dma/Debug/dma.elf
configparams force-mem-access 0
----------------End of Script----------------

11:07:32 INFO  : Context for processor 'ps7_cortexa9_0' is selected.
11:07:32 INFO  : 'con' command is executed.
11:07:32 INFO  : ----------------XSDB Script (After Launch)----------------
targets -set -nocase -filter {name =~ "*A9*#0"}
con
----------------End of Script----------------

11:07:32 INFO  : Launch script is exported to file 'C:\Users\33651\Desktop\projet_ajc\dma_vitis\dma_system\_ide\scripts\systemdebugger_dma_system_standalone.tcl'
11:09:14 INFO  : Checking for BSP changes to sync application flags for project 'dma'...
11:09:45 INFO  : Disconnected from the channel tcfchan#115.
11:09:45 INFO  : Connected to target on host '127.0.0.1' and port '3121'.
11:09:46 INFO  : Jtag cable 'Digilent Cora Z7 - 7010 210370AD525DA' is selected.
11:09:46 INFO  : 'jtag frequency' command is executed.
11:09:46 INFO  : Context for 'APU' is selected.
11:09:46 INFO  : System reset is completed.
11:09:49 INFO  : 'after 3000' command is executed.
11:09:49 INFO  : 'targets -set -filter {jtag_cable_name =~ "Digilent Cora Z7 - 7010 210370AD525DA" && level==0 && jtag_device_ctx=="jsn-Cora Z7 - 7010-210370AD525DA-13722093-0"}' command is executed.
11:09:50 INFO  : Device configured successfully with "C:/Users/33651/Desktop/projet_ajc/dma_vitis/dma/_ide/bitstream/design_1_wrapper.bit"
11:09:50 INFO  : Context for 'APU' is selected.
11:09:50 INFO  : Hardware design and registers information is loaded from 'C:/Users/33651/Desktop/projet_ajc/dma_vitis/dma_test_30/export/dma_test_30/hw/design_1_wrapper.xsa'.
11:09:50 INFO  : 'configparams force-mem-access 1' command is executed.
11:09:50 INFO  : Context for 'APU' is selected.
11:09:50 INFO  : Sourcing of 'C:/Users/33651/Desktop/projet_ajc/dma_vitis/dma/_ide/psinit/ps7_init.tcl' is done.
11:09:50 INFO  : 'ps7_init' command is executed.
11:09:50 INFO  : 'ps7_post_config' command is executed.
11:09:50 INFO  : Context for processor 'ps7_cortexa9_0' is selected.
11:09:51 INFO  : The application 'C:/Users/33651/Desktop/projet_ajc/dma_vitis/dma/Debug/dma.elf' is downloaded to processor 'ps7_cortexa9_0'.
11:09:51 INFO  : 'configparams force-mem-access 0' command is executed.
11:09:51 INFO  : ----------------XSDB Script----------------
connect -url tcp:127.0.0.1:3121
targets -set -nocase -filter {name =~"APU*"}
rst -system
after 3000
targets -set -filter {jtag_cable_name =~ "Digilent Cora Z7 - 7010 210370AD525DA" && level==0 && jtag_device_ctx=="jsn-Cora Z7 - 7010-210370AD525DA-13722093-0"}
fpga -file C:/Users/33651/Desktop/projet_ajc/dma_vitis/dma/_ide/bitstream/design_1_wrapper.bit
targets -set -nocase -filter {name =~"APU*"}
loadhw -hw C:/Users/33651/Desktop/projet_ajc/dma_vitis/dma_test_30/export/dma_test_30/hw/design_1_wrapper.xsa -mem-ranges [list {0x40000000 0xbfffffff}] -regs
configparams force-mem-access 1
targets -set -nocase -filter {name =~"APU*"}
source C:/Users/33651/Desktop/projet_ajc/dma_vitis/dma/_ide/psinit/ps7_init.tcl
ps7_init
ps7_post_config
targets -set -nocase -filter {name =~ "*A9*#0"}
dow C:/Users/33651/Desktop/projet_ajc/dma_vitis/dma/Debug/dma.elf
configparams force-mem-access 0
----------------End of Script----------------

11:09:51 INFO  : Context for processor 'ps7_cortexa9_0' is selected.
11:09:51 INFO  : 'con' command is executed.
11:09:51 INFO  : ----------------XSDB Script (After Launch)----------------
targets -set -nocase -filter {name =~ "*A9*#0"}
con
----------------End of Script----------------

11:09:51 INFO  : Launch script is exported to file 'C:\Users\33651\Desktop\projet_ajc\dma_vitis\dma_system\_ide\scripts\systemdebugger_dma_system_standalone.tcl'
11:11:36 INFO  : Checking for BSP changes to sync application flags for project 'dma'...
11:11:54 INFO  : Disconnected from the channel tcfchan#117.
11:11:55 INFO  : Connected to target on host '127.0.0.1' and port '3121'.
11:11:55 INFO  : Jtag cable 'Digilent Cora Z7 - 7010 210370AD525DA' is selected.
11:11:55 INFO  : 'jtag frequency' command is executed.
11:11:55 INFO  : Context for 'APU' is selected.
11:11:55 INFO  : System reset is completed.
11:11:58 INFO  : 'after 3000' command is executed.
11:11:58 INFO  : 'targets -set -filter {jtag_cable_name =~ "Digilent Cora Z7 - 7010 210370AD525DA" && level==0 && jtag_device_ctx=="jsn-Cora Z7 - 7010-210370AD525DA-13722093-0"}' command is executed.
11:11:59 INFO  : Device configured successfully with "C:/Users/33651/Desktop/projet_ajc/dma_vitis/dma/_ide/bitstream/design_1_wrapper.bit"
11:11:59 INFO  : Context for 'APU' is selected.
11:11:59 INFO  : Hardware design and registers information is loaded from 'C:/Users/33651/Desktop/projet_ajc/dma_vitis/dma_test_30/export/dma_test_30/hw/design_1_wrapper.xsa'.
11:11:59 INFO  : 'configparams force-mem-access 1' command is executed.
11:11:59 INFO  : Context for 'APU' is selected.
11:11:59 INFO  : Sourcing of 'C:/Users/33651/Desktop/projet_ajc/dma_vitis/dma/_ide/psinit/ps7_init.tcl' is done.
11:12:00 INFO  : 'ps7_init' command is executed.
11:12:00 INFO  : 'ps7_post_config' command is executed.
11:12:00 INFO  : Context for processor 'ps7_cortexa9_0' is selected.
11:12:00 INFO  : The application 'C:/Users/33651/Desktop/projet_ajc/dma_vitis/dma/Debug/dma.elf' is downloaded to processor 'ps7_cortexa9_0'.
11:12:00 INFO  : 'configparams force-mem-access 0' command is executed.
11:12:00 INFO  : ----------------XSDB Script----------------
connect -url tcp:127.0.0.1:3121
targets -set -nocase -filter {name =~"APU*"}
rst -system
after 3000
targets -set -filter {jtag_cable_name =~ "Digilent Cora Z7 - 7010 210370AD525DA" && level==0 && jtag_device_ctx=="jsn-Cora Z7 - 7010-210370AD525DA-13722093-0"}
fpga -file C:/Users/33651/Desktop/projet_ajc/dma_vitis/dma/_ide/bitstream/design_1_wrapper.bit
targets -set -nocase -filter {name =~"APU*"}
loadhw -hw C:/Users/33651/Desktop/projet_ajc/dma_vitis/dma_test_30/export/dma_test_30/hw/design_1_wrapper.xsa -mem-ranges [list {0x40000000 0xbfffffff}] -regs
configparams force-mem-access 1
targets -set -nocase -filter {name =~"APU*"}
source C:/Users/33651/Desktop/projet_ajc/dma_vitis/dma/_ide/psinit/ps7_init.tcl
ps7_init
ps7_post_config
targets -set -nocase -filter {name =~ "*A9*#0"}
dow C:/Users/33651/Desktop/projet_ajc/dma_vitis/dma/Debug/dma.elf
configparams force-mem-access 0
----------------End of Script----------------

11:12:00 INFO  : Context for processor 'ps7_cortexa9_0' is selected.
11:12:00 INFO  : 'con' command is executed.
11:12:00 INFO  : ----------------XSDB Script (After Launch)----------------
targets -set -nocase -filter {name =~ "*A9*#0"}
con
----------------End of Script----------------

11:12:00 INFO  : Launch script is exported to file 'C:\Users\33651\Desktop\projet_ajc\dma_vitis\dma_system\_ide\scripts\systemdebugger_dma_system_standalone.tcl'
11:20:22 ERROR : An unexpected exception occurred in the module 'reading platform'
11:21:20 INFO  : Result from executing command 'getProjects': dma_test_29;dma_test_31
11:21:20 INFO  : Result from executing command 'getPlatforms': dma_test_29|C:/Users/33651/Desktop/projet_ajc/dma_vitis/dma_test_29/export/dma_test_29/dma_test_29.xpfm;dma_test_2|C:/Users/33651/Desktop/projet_ajc/dma_vitis/dma_test_2/export/dma_test_2/dma_test_2.xpfm;dma_test_6|C:/Users/33651/Desktop/projet_ajc/dma_vitis/dma_test_6/export/dma_test_6/dma_test_6.xpfm;dma_test_8|C:/Users/33651/Desktop/projet_ajc/dma_vitis/dma_test_8/export/dma_test_8/dma_test_8.xpfm
11:21:46 INFO  : The hardware specfication used by project 'dma' is out of sync with the platform. Resource files extracted from the hardware specfiication will be updated.
11:21:50 INFO  : The file 'C:\Users\33651\Desktop\projet_ajc\dma_vitis\dma\_ide\bitstream\design_1_wrapper.bit' stored in project is removed.
11:21:50 INFO  : The updated bitstream files are copied from platform to folder 'C:\Users\33651\Desktop\projet_ajc\dma_vitis\dma\_ide\bitstream' in project 'dma'.
11:21:50 INFO  : The file 'C:\Users\33651\Desktop\projet_ajc\dma_vitis\dma\_ide\psinit\ps7_init.tcl' stored in project is removed.
11:21:55 INFO  : The updated ps init files are copied from platform to folder 'C:\Users\33651\Desktop\projet_ajc\dma_vitis\dma\_ide\psinit' in project 'dma'.
11:22:17 INFO  : Result from executing command 'getProjects': dma_test_29;dma_test_31
11:22:17 INFO  : Result from executing command 'getPlatforms': dma_test_29|C:/Users/33651/Desktop/projet_ajc/dma_vitis/dma_test_29/export/dma_test_29/dma_test_29.xpfm;dma_test_2|C:/Users/33651/Desktop/projet_ajc/dma_vitis/dma_test_2/export/dma_test_2/dma_test_2.xpfm;dma_test_31|C:/Users/33651/Desktop/projet_ajc/dma_vitis/dma_test_31/export/dma_test_31/dma_test_31.xpfm;dma_test_6|C:/Users/33651/Desktop/projet_ajc/dma_vitis/dma_test_6/export/dma_test_6/dma_test_6.xpfm;dma_test_8|C:/Users/33651/Desktop/projet_ajc/dma_vitis/dma_test_8/export/dma_test_8/dma_test_8.xpfm
11:22:18 INFO  : Checking for BSP changes to sync application flags for project 'dma'...
11:23:09 INFO  : Disconnected from the channel tcfchan#119.
11:23:09 INFO  : Connected to target on host '127.0.0.1' and port '3121'.
11:23:10 INFO  : Jtag cable 'Digilent Cora Z7 - 7010 210370AD525DA' is selected.
11:23:10 INFO  : 'jtag frequency' command is executed.
11:23:10 INFO  : Context for 'APU' is selected.
11:23:10 INFO  : System reset is completed.
11:23:13 INFO  : 'after 3000' command is executed.
11:23:13 INFO  : 'targets -set -filter {jtag_cable_name =~ "Digilent Cora Z7 - 7010 210370AD525DA" && level==0 && jtag_device_ctx=="jsn-Cora Z7 - 7010-210370AD525DA-13722093-0"}' command is executed.
11:23:14 INFO  : Device configured successfully with "C:/Users/33651/Desktop/projet_ajc/dma_vitis/dma/_ide/bitstream/design_1_wrapper.bit"
11:23:14 INFO  : Context for 'APU' is selected.
11:23:14 INFO  : Hardware design and registers information is loaded from 'C:/Users/33651/Desktop/projet_ajc/dma_vitis/dma_test_31/export/dma_test_31/hw/design_1_wrapper.xsa'.
11:23:14 INFO  : 'configparams force-mem-access 1' command is executed.
11:23:14 INFO  : Context for 'APU' is selected.
11:23:14 INFO  : Sourcing of 'C:/Users/33651/Desktop/projet_ajc/dma_vitis/dma/_ide/psinit/ps7_init.tcl' is done.
11:23:14 INFO  : 'ps7_init' command is executed.
11:23:14 INFO  : 'ps7_post_config' command is executed.
11:23:14 INFO  : Context for processor 'ps7_cortexa9_0' is selected.
11:23:15 INFO  : The application 'C:/Users/33651/Desktop/projet_ajc/dma_vitis/dma/Debug/dma.elf' is downloaded to processor 'ps7_cortexa9_0'.
11:23:15 INFO  : 'configparams force-mem-access 0' command is executed.
11:23:15 INFO  : ----------------XSDB Script----------------
connect -url tcp:127.0.0.1:3121
targets -set -nocase -filter {name =~"APU*"}
rst -system
after 3000
targets -set -filter {jtag_cable_name =~ "Digilent Cora Z7 - 7010 210370AD525DA" && level==0 && jtag_device_ctx=="jsn-Cora Z7 - 7010-210370AD525DA-13722093-0"}
fpga -file C:/Users/33651/Desktop/projet_ajc/dma_vitis/dma/_ide/bitstream/design_1_wrapper.bit
targets -set -nocase -filter {name =~"APU*"}
loadhw -hw C:/Users/33651/Desktop/projet_ajc/dma_vitis/dma_test_31/export/dma_test_31/hw/design_1_wrapper.xsa -mem-ranges [list {0x40000000 0xbfffffff}] -regs
configparams force-mem-access 1
targets -set -nocase -filter {name =~"APU*"}
source C:/Users/33651/Desktop/projet_ajc/dma_vitis/dma/_ide/psinit/ps7_init.tcl
ps7_init
ps7_post_config
targets -set -nocase -filter {name =~ "*A9*#0"}
dow C:/Users/33651/Desktop/projet_ajc/dma_vitis/dma/Debug/dma.elf
configparams force-mem-access 0
----------------End of Script----------------

11:23:15 INFO  : Context for processor 'ps7_cortexa9_0' is selected.
11:23:15 INFO  : 'con' command is executed.
11:23:15 INFO  : ----------------XSDB Script (After Launch)----------------
targets -set -nocase -filter {name =~ "*A9*#0"}
con
----------------End of Script----------------

11:23:15 INFO  : Launch script is exported to file 'C:\Users\33651\Desktop\projet_ajc\dma_vitis\dma_system\_ide\scripts\systemdebugger_dma_system_standalone.tcl'
11:26:03 INFO  : Checking for BSP changes to sync application flags for project 'dma'...
11:27:52 INFO  : Disconnected from the channel tcfchan#122.
11:27:52 INFO  : Connected to target on host '127.0.0.1' and port '3121'.
11:27:53 INFO  : Jtag cable 'Digilent Cora Z7 - 7010 210370AD525DA' is selected.
11:27:53 INFO  : 'jtag frequency' command is executed.
11:27:53 INFO  : Context for 'APU' is selected.
11:27:53 INFO  : System reset is completed.
11:27:56 INFO  : 'after 3000' command is executed.
11:27:56 INFO  : 'targets -set -filter {jtag_cable_name =~ "Digilent Cora Z7 - 7010 210370AD525DA" && level==0 && jtag_device_ctx=="jsn-Cora Z7 - 7010-210370AD525DA-13722093-0"}' command is executed.
11:27:57 INFO  : Device configured successfully with "C:/Users/33651/Desktop/projet_ajc/dma_vitis/dma/_ide/bitstream/design_1_wrapper.bit"
11:27:57 INFO  : Context for 'APU' is selected.
11:27:57 INFO  : Hardware design and registers information is loaded from 'C:/Users/33651/Desktop/projet_ajc/dma_vitis/dma_test_31/export/dma_test_31/hw/design_1_wrapper.xsa'.
11:27:57 INFO  : 'configparams force-mem-access 1' command is executed.
11:27:57 INFO  : Context for 'APU' is selected.
11:27:57 INFO  : Sourcing of 'C:/Users/33651/Desktop/projet_ajc/dma_vitis/dma/_ide/psinit/ps7_init.tcl' is done.
11:27:57 INFO  : 'ps7_init' command is executed.
11:27:57 INFO  : 'ps7_post_config' command is executed.
11:27:57 INFO  : Context for processor 'ps7_cortexa9_0' is selected.
11:27:58 INFO  : The application 'C:/Users/33651/Desktop/projet_ajc/dma_vitis/dma/Debug/dma.elf' is downloaded to processor 'ps7_cortexa9_0'.
11:27:58 INFO  : 'configparams force-mem-access 0' command is executed.
11:27:58 INFO  : ----------------XSDB Script----------------
connect -url tcp:127.0.0.1:3121
targets -set -nocase -filter {name =~"APU*"}
rst -system
after 3000
targets -set -filter {jtag_cable_name =~ "Digilent Cora Z7 - 7010 210370AD525DA" && level==0 && jtag_device_ctx=="jsn-Cora Z7 - 7010-210370AD525DA-13722093-0"}
fpga -file C:/Users/33651/Desktop/projet_ajc/dma_vitis/dma/_ide/bitstream/design_1_wrapper.bit
targets -set -nocase -filter {name =~"APU*"}
loadhw -hw C:/Users/33651/Desktop/projet_ajc/dma_vitis/dma_test_31/export/dma_test_31/hw/design_1_wrapper.xsa -mem-ranges [list {0x40000000 0xbfffffff}] -regs
configparams force-mem-access 1
targets -set -nocase -filter {name =~"APU*"}
source C:/Users/33651/Desktop/projet_ajc/dma_vitis/dma/_ide/psinit/ps7_init.tcl
ps7_init
ps7_post_config
targets -set -nocase -filter {name =~ "*A9*#0"}
dow C:/Users/33651/Desktop/projet_ajc/dma_vitis/dma/Debug/dma.elf
configparams force-mem-access 0
----------------End of Script----------------

11:27:58 INFO  : Context for processor 'ps7_cortexa9_0' is selected.
11:27:58 INFO  : 'con' command is executed.
11:27:58 INFO  : ----------------XSDB Script (After Launch)----------------
targets -set -nocase -filter {name =~ "*A9*#0"}
con
----------------End of Script----------------

11:27:58 INFO  : Launch script is exported to file 'C:\Users\33651\Desktop\projet_ajc\dma_vitis\dma_system\_ide\scripts\systemdebugger_dma_system_standalone.tcl'
11:36:45 ERROR : An unexpected exception occurred in the module 'reading platform'
11:37:36 INFO  : Result from executing command 'getProjects': dma_test_29;dma_test_32
11:37:36 INFO  : Result from executing command 'getPlatforms': dma_test_29|C:/Users/33651/Desktop/projet_ajc/dma_vitis/dma_test_29/export/dma_test_29/dma_test_29.xpfm;dma_test_2|C:/Users/33651/Desktop/projet_ajc/dma_vitis/dma_test_2/export/dma_test_2/dma_test_2.xpfm;dma_test_6|C:/Users/33651/Desktop/projet_ajc/dma_vitis/dma_test_6/export/dma_test_6/dma_test_6.xpfm;dma_test_8|C:/Users/33651/Desktop/projet_ajc/dma_vitis/dma_test_8/export/dma_test_8/dma_test_8.xpfm
11:37:48 INFO  : The hardware specfication used by project 'dma' is out of sync with the platform. Resource files extracted from the hardware specfiication will be updated.
11:37:50 INFO  : The file 'C:\Users\33651\Desktop\projet_ajc\dma_vitis\dma\_ide\bitstream\design_1_wrapper.bit' stored in project is removed.
11:37:50 INFO  : The updated bitstream files are copied from platform to folder 'C:\Users\33651\Desktop\projet_ajc\dma_vitis\dma\_ide\bitstream' in project 'dma'.
11:37:50 INFO  : The file 'C:\Users\33651\Desktop\projet_ajc\dma_vitis\dma\_ide\psinit\ps7_init.tcl' stored in project is removed.
11:37:55 INFO  : The updated ps init files are copied from platform to folder 'C:\Users\33651\Desktop\projet_ajc\dma_vitis\dma\_ide\psinit' in project 'dma'.
11:40:52 INFO  : Result from executing command 'getProjects': dma_test_29;dma_test_32
11:40:52 INFO  : Result from executing command 'getPlatforms': dma_test_29|C:/Users/33651/Desktop/projet_ajc/dma_vitis/dma_test_29/export/dma_test_29/dma_test_29.xpfm;dma_test_2|C:/Users/33651/Desktop/projet_ajc/dma_vitis/dma_test_2/export/dma_test_2/dma_test_2.xpfm;dma_test_32|C:/Users/33651/Desktop/projet_ajc/dma_vitis/dma_test_32/export/dma_test_32/dma_test_32.xpfm;dma_test_6|C:/Users/33651/Desktop/projet_ajc/dma_vitis/dma_test_6/export/dma_test_6/dma_test_6.xpfm;dma_test_8|C:/Users/33651/Desktop/projet_ajc/dma_vitis/dma_test_8/export/dma_test_8/dma_test_8.xpfm
11:40:53 INFO  : Checking for BSP changes to sync application flags for project 'dma'...
11:41:28 INFO  : Checking for BSP changes to sync application flags for project 'dma'...
11:41:44 INFO  : Disconnected from the channel tcfchan#124.
11:41:45 INFO  : Connected to target on host '127.0.0.1' and port '3121'.
11:41:45 INFO  : Jtag cable 'Digilent Cora Z7 - 7010 210370AD525DA' is selected.
11:41:45 INFO  : 'jtag frequency' command is executed.
11:41:45 INFO  : Context for 'APU' is selected.
11:41:45 INFO  : System reset is completed.
11:41:48 INFO  : 'after 3000' command is executed.
11:41:48 INFO  : 'targets -set -filter {jtag_cable_name =~ "Digilent Cora Z7 - 7010 210370AD525DA" && level==0 && jtag_device_ctx=="jsn-Cora Z7 - 7010-210370AD525DA-13722093-0"}' command is executed.
11:41:49 INFO  : Device configured successfully with "C:/Users/33651/Desktop/projet_ajc/dma_vitis/dma/_ide/bitstream/design_1_wrapper.bit"
11:41:49 INFO  : Context for 'APU' is selected.
11:41:49 INFO  : Hardware design and registers information is loaded from 'C:/Users/33651/Desktop/projet_ajc/dma_vitis/dma_test_32/export/dma_test_32/hw/design_1_wrapper.xsa'.
11:41:49 INFO  : 'configparams force-mem-access 1' command is executed.
11:41:49 INFO  : Context for 'APU' is selected.
11:41:49 INFO  : Sourcing of 'C:/Users/33651/Desktop/projet_ajc/dma_vitis/dma/_ide/psinit/ps7_init.tcl' is done.
11:41:50 INFO  : 'ps7_init' command is executed.
11:41:50 INFO  : 'ps7_post_config' command is executed.
11:41:50 INFO  : Context for processor 'ps7_cortexa9_0' is selected.
11:41:50 INFO  : The application 'C:/Users/33651/Desktop/projet_ajc/dma_vitis/dma/Debug/dma.elf' is downloaded to processor 'ps7_cortexa9_0'.
11:41:50 INFO  : 'configparams force-mem-access 0' command is executed.
11:41:50 INFO  : ----------------XSDB Script----------------
connect -url tcp:127.0.0.1:3121
targets -set -nocase -filter {name =~"APU*"}
rst -system
after 3000
targets -set -filter {jtag_cable_name =~ "Digilent Cora Z7 - 7010 210370AD525DA" && level==0 && jtag_device_ctx=="jsn-Cora Z7 - 7010-210370AD525DA-13722093-0"}
fpga -file C:/Users/33651/Desktop/projet_ajc/dma_vitis/dma/_ide/bitstream/design_1_wrapper.bit
targets -set -nocase -filter {name =~"APU*"}
loadhw -hw C:/Users/33651/Desktop/projet_ajc/dma_vitis/dma_test_32/export/dma_test_32/hw/design_1_wrapper.xsa -mem-ranges [list {0x40000000 0xbfffffff}] -regs
configparams force-mem-access 1
targets -set -nocase -filter {name =~"APU*"}
source C:/Users/33651/Desktop/projet_ajc/dma_vitis/dma/_ide/psinit/ps7_init.tcl
ps7_init
ps7_post_config
targets -set -nocase -filter {name =~ "*A9*#0"}
dow C:/Users/33651/Desktop/projet_ajc/dma_vitis/dma/Debug/dma.elf
configparams force-mem-access 0
----------------End of Script----------------

11:41:50 INFO  : Context for processor 'ps7_cortexa9_0' is selected.
11:41:50 INFO  : 'con' command is executed.
11:41:50 INFO  : ----------------XSDB Script (After Launch)----------------
targets -set -nocase -filter {name =~ "*A9*#0"}
con
----------------End of Script----------------

11:41:50 INFO  : Launch script is exported to file 'C:\Users\33651\Desktop\projet_ajc\dma_vitis\dma_system\_ide\scripts\systemdebugger_dma_system_standalone.tcl'
11:52:57 INFO  : Launching XSCT server: xsct.bat -n  -interactive C:\Users\33651\Desktop\projet_ajc\dma_vitis\temp_xsdb_launch_script.tcl
11:52:59 INFO  : XSCT server has started successfully.
11:52:59 INFO  : Successfully done setting XSCT server connection channel  
11:52:59 INFO  : plnx-install-location is set to ''
11:52:59 INFO  : Successfully done setting workspace for the tool. 
11:53:07 INFO  : Platform repository initialization has completed.
11:53:08 INFO  : Registering command handlers for Vitis TCF services
11:53:14 INFO  : Successfully done query RDI_DATADIR 
12:03:57 INFO  : Result from executing command 'getProjects': dma_test_29;dma_test_32;dma_test_33
12:03:57 INFO  : Result from executing command 'getPlatforms': dma_test_29|C:/Users/33651/Desktop/projet_ajc/dma_vitis/dma_test_29/export/dma_test_29/dma_test_29.xpfm;dma_test_2|C:/Users/33651/Desktop/projet_ajc/dma_vitis/dma_test_2/export/dma_test_2/dma_test_2.xpfm;dma_test_32|C:/Users/33651/Desktop/projet_ajc/dma_vitis/dma_test_32/export/dma_test_32/dma_test_32.xpfm;dma_test_6|C:/Users/33651/Desktop/projet_ajc/dma_vitis/dma_test_6/export/dma_test_6/dma_test_6.xpfm;dma_test_8|C:/Users/33651/Desktop/projet_ajc/dma_vitis/dma_test_8/export/dma_test_8/dma_test_8.xpfm
12:04:34 INFO  : The hardware specfication used by project 'dma' is out of sync with the platform. Resource files extracted from the hardware specfiication will be updated.
12:04:36 INFO  : The file 'C:\Users\33651\Desktop\projet_ajc\dma_vitis\dma\_ide\bitstream\design_1_wrapper.bit' stored in project is removed.
12:04:36 INFO  : The updated bitstream files are copied from platform to folder 'C:\Users\33651\Desktop\projet_ajc\dma_vitis\dma\_ide\bitstream' in project 'dma'.
12:04:36 INFO  : The file 'C:\Users\33651\Desktop\projet_ajc\dma_vitis\dma\_ide\psinit\ps7_init.tcl' stored in project is removed.
12:04:39 INFO  : The updated ps init files are copied from platform to folder 'C:\Users\33651\Desktop\projet_ajc\dma_vitis\dma\_ide\psinit' in project 'dma'.
12:05:04 INFO  : Result from executing command 'getProjects': dma_test_29;dma_test_32;dma_test_33
12:05:04 INFO  : Result from executing command 'getPlatforms': dma_test_29|C:/Users/33651/Desktop/projet_ajc/dma_vitis/dma_test_29/export/dma_test_29/dma_test_29.xpfm;dma_test_2|C:/Users/33651/Desktop/projet_ajc/dma_vitis/dma_test_2/export/dma_test_2/dma_test_2.xpfm;dma_test_32|C:/Users/33651/Desktop/projet_ajc/dma_vitis/dma_test_32/export/dma_test_32/dma_test_32.xpfm;dma_test_33|C:/Users/33651/Desktop/projet_ajc/dma_vitis/dma_test_33/export/dma_test_33/dma_test_33.xpfm;dma_test_6|C:/Users/33651/Desktop/projet_ajc/dma_vitis/dma_test_6/export/dma_test_6/dma_test_6.xpfm;dma_test_8|C:/Users/33651/Desktop/projet_ajc/dma_vitis/dma_test_8/export/dma_test_8/dma_test_8.xpfm
12:05:04 INFO  : Checking for BSP changes to sync application flags for project 'dma'...
12:05:37 INFO  : Connected to target on host '127.0.0.1' and port '3121'.
12:05:39 INFO  : Jtag cable 'Digilent Cora Z7 - 7010 210370AD525DA' is selected.
12:05:39 INFO  : 'jtag frequency' command is executed.
12:05:40 INFO  : Context for 'APU' is selected.
12:05:40 INFO  : System reset is completed.
12:05:43 INFO  : 'after 3000' command is executed.
12:05:44 INFO  : 'targets -set -filter {jtag_cable_name =~ "Digilent Cora Z7 - 7010 210370AD525DA" && level==0 && jtag_device_ctx=="jsn-Cora Z7 - 7010-210370AD525DA-13722093-0"}' command is executed.
12:05:45 INFO  : Device configured successfully with "C:/Users/33651/Desktop/projet_ajc/dma_vitis/dma/_ide/bitstream/design_1_wrapper.bit"
12:05:46 INFO  : Context for 'APU' is selected.
12:05:46 INFO  : Hardware design and registers information is loaded from 'C:/Users/33651/Desktop/projet_ajc/dma_vitis/dma_test_33/export/dma_test_33/hw/design_1_wrapper.xsa'.
12:05:46 INFO  : 'configparams force-mem-access 1' command is executed.
12:05:47 INFO  : Context for 'APU' is selected.
12:05:47 INFO  : Sourcing of 'C:/Users/33651/Desktop/projet_ajc/dma_vitis/dma/_ide/psinit/ps7_init.tcl' is done.
12:05:47 INFO  : 'ps7_init' command is executed.
12:05:47 INFO  : 'ps7_post_config' command is executed.
12:05:48 INFO  : Context for processor 'ps7_cortexa9_0' is selected.
12:05:48 INFO  : The application 'C:/Users/33651/Desktop/projet_ajc/dma_vitis/dma/Debug/dma.elf' is downloaded to processor 'ps7_cortexa9_0'.
12:05:48 INFO  : 'configparams force-mem-access 0' command is executed.
12:05:48 INFO  : ----------------XSDB Script----------------
connect -url tcp:127.0.0.1:3121
targets -set -nocase -filter {name =~"APU*"}
rst -system
after 3000
targets -set -filter {jtag_cable_name =~ "Digilent Cora Z7 - 7010 210370AD525DA" && level==0 && jtag_device_ctx=="jsn-Cora Z7 - 7010-210370AD525DA-13722093-0"}
fpga -file C:/Users/33651/Desktop/projet_ajc/dma_vitis/dma/_ide/bitstream/design_1_wrapper.bit
targets -set -nocase -filter {name =~"APU*"}
loadhw -hw C:/Users/33651/Desktop/projet_ajc/dma_vitis/dma_test_33/export/dma_test_33/hw/design_1_wrapper.xsa -mem-ranges [list {0x40000000 0xbfffffff}] -regs
configparams force-mem-access 1
targets -set -nocase -filter {name =~"APU*"}
source C:/Users/33651/Desktop/projet_ajc/dma_vitis/dma/_ide/psinit/ps7_init.tcl
ps7_init
ps7_post_config
targets -set -nocase -filter {name =~ "*A9*#0"}
dow C:/Users/33651/Desktop/projet_ajc/dma_vitis/dma/Debug/dma.elf
configparams force-mem-access 0
----------------End of Script----------------

12:05:49 INFO  : Context for processor 'ps7_cortexa9_0' is selected.
12:05:49 INFO  : 'con' command is executed.
12:05:49 INFO  : ----------------XSDB Script (After Launch)----------------
targets -set -nocase -filter {name =~ "*A9*#0"}
con
----------------End of Script----------------

12:05:49 INFO  : Launch script is exported to file 'C:\Users\33651\Desktop\projet_ajc\dma_vitis\dma_system\_ide\scripts\systemdebugger_dma_system_standalone.tcl'
14:04:27 INFO  : Result from executing command 'getProjects': dma_test_29;dma_test_32;dma_test_33;dma_test_34
14:04:27 INFO  : Result from executing command 'getPlatforms': dma_test_29|C:/Users/33651/Desktop/projet_ajc/dma_vitis/dma_test_29/export/dma_test_29/dma_test_29.xpfm;dma_test_2|C:/Users/33651/Desktop/projet_ajc/dma_vitis/dma_test_2/export/dma_test_2/dma_test_2.xpfm;dma_test_32|C:/Users/33651/Desktop/projet_ajc/dma_vitis/dma_test_32/export/dma_test_32/dma_test_32.xpfm;dma_test_33|C:/Users/33651/Desktop/projet_ajc/dma_vitis/dma_test_33/export/dma_test_33/dma_test_33.xpfm;dma_test_6|C:/Users/33651/Desktop/projet_ajc/dma_vitis/dma_test_6/export/dma_test_6/dma_test_6.xpfm;dma_test_8|C:/Users/33651/Desktop/projet_ajc/dma_vitis/dma_test_8/export/dma_test_8/dma_test_8.xpfm
14:04:54 INFO  : The hardware specfication used by project 'dma' is out of sync with the platform. Resource files extracted from the hardware specfiication will be updated.
14:04:55 INFO  : The file 'C:\Users\33651\Desktop\projet_ajc\dma_vitis\dma\_ide\bitstream\design_1_wrapper.bit' stored in project is removed.
14:04:55 INFO  : The updated bitstream files are copied from platform to folder 'C:\Users\33651\Desktop\projet_ajc\dma_vitis\dma\_ide\bitstream' in project 'dma'.
14:04:55 INFO  : The file 'C:\Users\33651\Desktop\projet_ajc\dma_vitis\dma\_ide\psinit\ps7_init.tcl' stored in project is removed.
14:05:00 INFO  : The updated ps init files are copied from platform to folder 'C:\Users\33651\Desktop\projet_ajc\dma_vitis\dma\_ide\psinit' in project 'dma'.
14:05:27 INFO  : Result from executing command 'getProjects': dma_test_29;dma_test_32;dma_test_33;dma_test_34
14:05:27 INFO  : Result from executing command 'getPlatforms': dma_test_29|C:/Users/33651/Desktop/projet_ajc/dma_vitis/dma_test_29/export/dma_test_29/dma_test_29.xpfm;dma_test_2|C:/Users/33651/Desktop/projet_ajc/dma_vitis/dma_test_2/export/dma_test_2/dma_test_2.xpfm;dma_test_32|C:/Users/33651/Desktop/projet_ajc/dma_vitis/dma_test_32/export/dma_test_32/dma_test_32.xpfm;dma_test_33|C:/Users/33651/Desktop/projet_ajc/dma_vitis/dma_test_33/export/dma_test_33/dma_test_33.xpfm;dma_test_34|C:/Users/33651/Desktop/projet_ajc/dma_vitis/dma_test_34/export/dma_test_34/dma_test_34.xpfm;dma_test_6|C:/Users/33651/Desktop/projet_ajc/dma_vitis/dma_test_6/export/dma_test_6/dma_test_6.xpfm;dma_test_8|C:/Users/33651/Desktop/projet_ajc/dma_vitis/dma_test_8/export/dma_test_8/dma_test_8.xpfm
14:05:28 INFO  : Checking for BSP changes to sync application flags for project 'dma'...
14:06:17 INFO  : Checking for BSP changes to sync application flags for project 'dma'...
14:07:28 INFO  : Disconnected from the channel tcfchan#3.
14:07:29 INFO  : Connected to target on host '127.0.0.1' and port '3121'.
14:07:29 INFO  : Jtag cable 'Digilent Cora Z7 - 7010 210370AD525DA' is selected.
14:07:29 INFO  : 'jtag frequency' command is executed.
14:07:29 INFO  : Context for 'APU' is selected.
14:07:29 INFO  : System reset is completed.
14:07:32 INFO  : 'after 3000' command is executed.
14:07:32 INFO  : 'targets -set -filter {jtag_cable_name =~ "Digilent Cora Z7 - 7010 210370AD525DA" && level==0 && jtag_device_ctx=="jsn-Cora Z7 - 7010-210370AD525DA-13722093-0"}' command is executed.
14:07:34 INFO  : Device configured successfully with "C:/Users/33651/Desktop/projet_ajc/dma_vitis/dma/_ide/bitstream/design_1_wrapper.bit"
14:07:34 INFO  : Context for 'APU' is selected.
14:07:34 INFO  : Hardware design and registers information is loaded from 'C:/Users/33651/Desktop/projet_ajc/dma_vitis/dma_test_34/export/dma_test_34/hw/design_1_wrapper.xsa'.
14:07:34 INFO  : 'configparams force-mem-access 1' command is executed.
14:07:34 INFO  : Context for 'APU' is selected.
14:07:34 INFO  : Sourcing of 'C:/Users/33651/Desktop/projet_ajc/dma_vitis/dma/_ide/psinit/ps7_init.tcl' is done.
14:07:34 INFO  : 'ps7_init' command is executed.
14:07:34 INFO  : 'ps7_post_config' command is executed.
14:07:34 INFO  : Context for processor 'ps7_cortexa9_0' is selected.
14:07:34 INFO  : The application 'C:/Users/33651/Desktop/projet_ajc/dma_vitis/dma/Debug/dma.elf' is downloaded to processor 'ps7_cortexa9_0'.
14:07:34 INFO  : 'configparams force-mem-access 0' command is executed.
14:07:34 INFO  : ----------------XSDB Script----------------
connect -url tcp:127.0.0.1:3121
targets -set -nocase -filter {name =~"APU*"}
rst -system
after 3000
targets -set -filter {jtag_cable_name =~ "Digilent Cora Z7 - 7010 210370AD525DA" && level==0 && jtag_device_ctx=="jsn-Cora Z7 - 7010-210370AD525DA-13722093-0"}
fpga -file C:/Users/33651/Desktop/projet_ajc/dma_vitis/dma/_ide/bitstream/design_1_wrapper.bit
targets -set -nocase -filter {name =~"APU*"}
loadhw -hw C:/Users/33651/Desktop/projet_ajc/dma_vitis/dma_test_34/export/dma_test_34/hw/design_1_wrapper.xsa -mem-ranges [list {0x40000000 0xbfffffff}] -regs
configparams force-mem-access 1
targets -set -nocase -filter {name =~"APU*"}
source C:/Users/33651/Desktop/projet_ajc/dma_vitis/dma/_ide/psinit/ps7_init.tcl
ps7_init
ps7_post_config
targets -set -nocase -filter {name =~ "*A9*#0"}
dow C:/Users/33651/Desktop/projet_ajc/dma_vitis/dma/Debug/dma.elf
configparams force-mem-access 0
----------------End of Script----------------

14:07:34 INFO  : Context for processor 'ps7_cortexa9_0' is selected.
14:07:34 INFO  : 'con' command is executed.
14:07:34 INFO  : ----------------XSDB Script (After Launch)----------------
targets -set -nocase -filter {name =~ "*A9*#0"}
con
----------------End of Script----------------

14:07:34 INFO  : Launch script is exported to file 'C:\Users\33651\Desktop\projet_ajc\dma_vitis\dma_system\_ide\scripts\systemdebugger_dma_system_standalone.tcl'
14:44:17 INFO  : Result from executing command 'getProjects': dma_test_29;dma_test_32;dma_test_33;dma_test_34;dma_test_35
14:44:17 INFO  : Result from executing command 'getPlatforms': dma_test_29|C:/Users/33651/Desktop/projet_ajc/dma_vitis/dma_test_29/export/dma_test_29/dma_test_29.xpfm;dma_test_2|C:/Users/33651/Desktop/projet_ajc/dma_vitis/dma_test_2/export/dma_test_2/dma_test_2.xpfm;dma_test_32|C:/Users/33651/Desktop/projet_ajc/dma_vitis/dma_test_32/export/dma_test_32/dma_test_32.xpfm;dma_test_33|C:/Users/33651/Desktop/projet_ajc/dma_vitis/dma_test_33/export/dma_test_33/dma_test_33.xpfm;dma_test_34|C:/Users/33651/Desktop/projet_ajc/dma_vitis/dma_test_34/export/dma_test_34/dma_test_34.xpfm;dma_test_6|C:/Users/33651/Desktop/projet_ajc/dma_vitis/dma_test_6/export/dma_test_6/dma_test_6.xpfm;dma_test_8|C:/Users/33651/Desktop/projet_ajc/dma_vitis/dma_test_8/export/dma_test_8/dma_test_8.xpfm
14:44:30 INFO  : The hardware specfication used by project 'dma' is out of sync with the platform. Resource files extracted from the hardware specfiication will be updated.
14:44:31 INFO  : The file 'C:\Users\33651\Desktop\projet_ajc\dma_vitis\dma\_ide\bitstream\design_1_wrapper.bit' stored in project is removed.
14:44:31 INFO  : The updated bitstream files are copied from platform to folder 'C:\Users\33651\Desktop\projet_ajc\dma_vitis\dma\_ide\bitstream' in project 'dma'.
14:44:31 INFO  : The file 'C:\Users\33651\Desktop\projet_ajc\dma_vitis\dma\_ide\psinit\ps7_init.tcl' stored in project is removed.
14:44:37 INFO  : The updated ps init files are copied from platform to folder 'C:\Users\33651\Desktop\projet_ajc\dma_vitis\dma\_ide\psinit' in project 'dma'.
14:45:20 INFO  : Result from executing command 'getProjects': dma_test_29;dma_test_32;dma_test_33;dma_test_34;dma_test_35
14:45:21 INFO  : Result from executing command 'getPlatforms': dma_test_29|C:/Users/33651/Desktop/projet_ajc/dma_vitis/dma_test_29/export/dma_test_29/dma_test_29.xpfm;dma_test_2|C:/Users/33651/Desktop/projet_ajc/dma_vitis/dma_test_2/export/dma_test_2/dma_test_2.xpfm;dma_test_32|C:/Users/33651/Desktop/projet_ajc/dma_vitis/dma_test_32/export/dma_test_32/dma_test_32.xpfm;dma_test_33|C:/Users/33651/Desktop/projet_ajc/dma_vitis/dma_test_33/export/dma_test_33/dma_test_33.xpfm;dma_test_34|C:/Users/33651/Desktop/projet_ajc/dma_vitis/dma_test_34/export/dma_test_34/dma_test_34.xpfm;dma_test_35|C:/Users/33651/Desktop/projet_ajc/dma_vitis/dma_test_35/export/dma_test_35/dma_test_35.xpfm;dma_test_6|C:/Users/33651/Desktop/projet_ajc/dma_vitis/dma_test_6/export/dma_test_6/dma_test_6.xpfm;dma_test_8|C:/Users/33651/Desktop/projet_ajc/dma_vitis/dma_test_8/export/dma_test_8/dma_test_8.xpfm
14:45:21 INFO  : Checking for BSP changes to sync application flags for project 'dma'...
14:47:17 INFO  : Disconnected from the channel tcfchan#7.
14:47:18 INFO  : Connected to target on host '127.0.0.1' and port '3121'.
14:47:18 INFO  : Jtag cable 'Digilent Cora Z7 - 7010 210370AD525DA' is selected.
14:47:18 INFO  : 'jtag frequency' command is executed.
14:47:18 INFO  : Context for 'APU' is selected.
14:47:18 INFO  : System reset is completed.
14:47:21 INFO  : 'after 3000' command is executed.
14:47:22 INFO  : 'targets -set -filter {jtag_cable_name =~ "Digilent Cora Z7 - 7010 210370AD525DA" && level==0 && jtag_device_ctx=="jsn-Cora Z7 - 7010-210370AD525DA-13722093-0"}' command is executed.
14:47:23 INFO  : Device configured successfully with "C:/Users/33651/Desktop/projet_ajc/dma_vitis/dma/_ide/bitstream/design_1_wrapper.bit"
14:47:23 INFO  : Context for 'APU' is selected.
14:47:23 INFO  : Hardware design and registers information is loaded from 'C:/Users/33651/Desktop/projet_ajc/dma_vitis/dma_test_35/export/dma_test_35/hw/design_1_wrapper.xsa'.
14:47:23 INFO  : 'configparams force-mem-access 1' command is executed.
14:47:23 INFO  : Context for 'APU' is selected.
14:47:23 INFO  : Sourcing of 'C:/Users/33651/Desktop/projet_ajc/dma_vitis/dma/_ide/psinit/ps7_init.tcl' is done.
14:47:23 INFO  : 'ps7_init' command is executed.
14:47:23 INFO  : 'ps7_post_config' command is executed.
14:47:23 INFO  : Context for processor 'ps7_cortexa9_0' is selected.
14:47:24 INFO  : The application 'C:/Users/33651/Desktop/projet_ajc/dma_vitis/dma/Debug/dma.elf' is downloaded to processor 'ps7_cortexa9_0'.
14:47:24 INFO  : 'configparams force-mem-access 0' command is executed.
14:47:24 INFO  : ----------------XSDB Script----------------
connect -url tcp:127.0.0.1:3121
targets -set -nocase -filter {name =~"APU*"}
rst -system
after 3000
targets -set -filter {jtag_cable_name =~ "Digilent Cora Z7 - 7010 210370AD525DA" && level==0 && jtag_device_ctx=="jsn-Cora Z7 - 7010-210370AD525DA-13722093-0"}
fpga -file C:/Users/33651/Desktop/projet_ajc/dma_vitis/dma/_ide/bitstream/design_1_wrapper.bit
targets -set -nocase -filter {name =~"APU*"}
loadhw -hw C:/Users/33651/Desktop/projet_ajc/dma_vitis/dma_test_35/export/dma_test_35/hw/design_1_wrapper.xsa -mem-ranges [list {0x40000000 0xbfffffff}] -regs
configparams force-mem-access 1
targets -set -nocase -filter {name =~"APU*"}
source C:/Users/33651/Desktop/projet_ajc/dma_vitis/dma/_ide/psinit/ps7_init.tcl
ps7_init
ps7_post_config
targets -set -nocase -filter {name =~ "*A9*#0"}
dow C:/Users/33651/Desktop/projet_ajc/dma_vitis/dma/Debug/dma.elf
configparams force-mem-access 0
----------------End of Script----------------

14:47:24 INFO  : Context for processor 'ps7_cortexa9_0' is selected.
14:47:24 INFO  : 'con' command is executed.
14:47:24 INFO  : ----------------XSDB Script (After Launch)----------------
targets -set -nocase -filter {name =~ "*A9*#0"}
con
----------------End of Script----------------

14:47:24 INFO  : Launch script is exported to file 'C:\Users\33651\Desktop\projet_ajc\dma_vitis\dma_system\_ide\scripts\systemdebugger_dma_system_standalone.tcl'
15:04:22 INFO  : Result from executing command 'getProjects': dma_test_29;dma_test_32;dma_test_33;dma_test_34;dma_test_35;dma_test_36
15:04:22 INFO  : Result from executing command 'getPlatforms': dma_test_29|C:/Users/33651/Desktop/projet_ajc/dma_vitis/dma_test_29/export/dma_test_29/dma_test_29.xpfm;dma_test_2|C:/Users/33651/Desktop/projet_ajc/dma_vitis/dma_test_2/export/dma_test_2/dma_test_2.xpfm;dma_test_32|C:/Users/33651/Desktop/projet_ajc/dma_vitis/dma_test_32/export/dma_test_32/dma_test_32.xpfm;dma_test_33|C:/Users/33651/Desktop/projet_ajc/dma_vitis/dma_test_33/export/dma_test_33/dma_test_33.xpfm;dma_test_34|C:/Users/33651/Desktop/projet_ajc/dma_vitis/dma_test_34/export/dma_test_34/dma_test_34.xpfm;dma_test_35|C:/Users/33651/Desktop/projet_ajc/dma_vitis/dma_test_35/export/dma_test_35/dma_test_35.xpfm;dma_test_6|C:/Users/33651/Desktop/projet_ajc/dma_vitis/dma_test_6/export/dma_test_6/dma_test_6.xpfm;dma_test_8|C:/Users/33651/Desktop/projet_ajc/dma_vitis/dma_test_8/export/dma_test_8/dma_test_8.xpfm
15:04:50 ERROR : An unexpected exception occurred in the module 'reading platform'
15:04:54 ERROR : An unexpected exception occurred in the module 'reading platform'
15:04:56 ERROR : An unexpected exception occurred in the module 'reading platform'
15:05:02 INFO  : The hardware specfication used by project 'dma' is out of sync with the platform. Resource files extracted from the hardware specfiication will be updated.
15:05:03 INFO  : The file 'C:\Users\33651\Desktop\projet_ajc\dma_vitis\dma\_ide\bitstream\design_1_wrapper.bit' stored in project is removed.
15:05:03 INFO  : The updated bitstream files are copied from platform to folder 'C:\Users\33651\Desktop\projet_ajc\dma_vitis\dma\_ide\bitstream' in project 'dma'.
15:05:03 INFO  : The file 'C:\Users\33651\Desktop\projet_ajc\dma_vitis\dma\_ide\psinit\ps7_init.tcl' stored in project is removed.
15:05:07 INFO  : The updated ps init files are copied from platform to folder 'C:\Users\33651\Desktop\projet_ajc\dma_vitis\dma\_ide\psinit' in project 'dma'.
15:05:29 INFO  : Result from executing command 'getProjects': dma_test_29;dma_test_32;dma_test_36
15:05:29 INFO  : Result from executing command 'getPlatforms': dma_test_29|C:/Users/33651/Desktop/projet_ajc/dma_vitis/dma_test_29/export/dma_test_29/dma_test_29.xpfm;dma_test_2|C:/Users/33651/Desktop/projet_ajc/dma_vitis/dma_test_2/export/dma_test_2/dma_test_2.xpfm;dma_test_32|C:/Users/33651/Desktop/projet_ajc/dma_vitis/dma_test_32/export/dma_test_32/dma_test_32.xpfm;dma_test_36|C:/Users/33651/Desktop/projet_ajc/dma_vitis/dma_test_36/export/dma_test_36/dma_test_36.xpfm;dma_test_6|C:/Users/33651/Desktop/projet_ajc/dma_vitis/dma_test_6/export/dma_test_6/dma_test_6.xpfm;dma_test_8|C:/Users/33651/Desktop/projet_ajc/dma_vitis/dma_test_8/export/dma_test_8/dma_test_8.xpfm
15:05:29 INFO  : Checking for BSP changes to sync application flags for project 'dma'...
15:06:11 INFO  : Disconnected from the channel tcfchan#10.
15:06:12 INFO  : Connected to target on host '127.0.0.1' and port '3121'.
15:06:12 INFO  : Jtag cable 'Digilent Cora Z7 - 7010 210370AD525DA' is selected.
15:06:12 INFO  : 'jtag frequency' command is executed.
15:06:12 INFO  : Context for 'APU' is selected.
15:06:12 INFO  : System reset is completed.
15:06:15 INFO  : 'after 3000' command is executed.
15:06:15 INFO  : 'targets -set -filter {jtag_cable_name =~ "Digilent Cora Z7 - 7010 210370AD525DA" && level==0 && jtag_device_ctx=="jsn-Cora Z7 - 7010-210370AD525DA-13722093-0"}' command is executed.
15:06:16 INFO  : Device configured successfully with "C:/Users/33651/Desktop/projet_ajc/dma_vitis/dma/_ide/bitstream/design_1_wrapper.bit"
15:06:16 INFO  : Context for 'APU' is selected.
15:06:16 INFO  : Hardware design and registers information is loaded from 'C:/Users/33651/Desktop/projet_ajc/dma_vitis/dma_test_36/export/dma_test_36/hw/design_1_wrapper.xsa'.
15:06:16 INFO  : 'configparams force-mem-access 1' command is executed.
15:06:16 INFO  : Context for 'APU' is selected.
15:06:16 INFO  : Sourcing of 'C:/Users/33651/Desktop/projet_ajc/dma_vitis/dma/_ide/psinit/ps7_init.tcl' is done.
15:06:17 INFO  : 'ps7_init' command is executed.
15:06:17 INFO  : 'ps7_post_config' command is executed.
15:06:17 INFO  : Context for processor 'ps7_cortexa9_0' is selected.
15:06:17 INFO  : The application 'C:/Users/33651/Desktop/projet_ajc/dma_vitis/dma/Debug/dma.elf' is downloaded to processor 'ps7_cortexa9_0'.
15:06:17 INFO  : 'configparams force-mem-access 0' command is executed.
15:06:17 INFO  : ----------------XSDB Script----------------
connect -url tcp:127.0.0.1:3121
targets -set -nocase -filter {name =~"APU*"}
rst -system
after 3000
targets -set -filter {jtag_cable_name =~ "Digilent Cora Z7 - 7010 210370AD525DA" && level==0 && jtag_device_ctx=="jsn-Cora Z7 - 7010-210370AD525DA-13722093-0"}
fpga -file C:/Users/33651/Desktop/projet_ajc/dma_vitis/dma/_ide/bitstream/design_1_wrapper.bit
targets -set -nocase -filter {name =~"APU*"}
loadhw -hw C:/Users/33651/Desktop/projet_ajc/dma_vitis/dma_test_36/export/dma_test_36/hw/design_1_wrapper.xsa -mem-ranges [list {0x40000000 0xbfffffff}] -regs
configparams force-mem-access 1
targets -set -nocase -filter {name =~"APU*"}
source C:/Users/33651/Desktop/projet_ajc/dma_vitis/dma/_ide/psinit/ps7_init.tcl
ps7_init
ps7_post_config
targets -set -nocase -filter {name =~ "*A9*#0"}
dow C:/Users/33651/Desktop/projet_ajc/dma_vitis/dma/Debug/dma.elf
configparams force-mem-access 0
----------------End of Script----------------

15:06:17 INFO  : Context for processor 'ps7_cortexa9_0' is selected.
15:06:17 INFO  : 'con' command is executed.
15:06:17 INFO  : ----------------XSDB Script (After Launch)----------------
targets -set -nocase -filter {name =~ "*A9*#0"}
con
----------------End of Script----------------

15:06:17 INFO  : Launch script is exported to file 'C:\Users\33651\Desktop\projet_ajc\dma_vitis\dma_system\_ide\scripts\systemdebugger_dma_system_standalone.tcl'
15:18:38 ERROR : An unexpected exception occurred in the module 'reading platform'
15:19:16 INFO  : Result from executing command 'getProjects': dma_test_29;dma_test_32;dma_test_37
15:19:16 INFO  : Result from executing command 'getPlatforms': dma_test_29|C:/Users/33651/Desktop/projet_ajc/dma_vitis/dma_test_29/export/dma_test_29/dma_test_29.xpfm;dma_test_2|C:/Users/33651/Desktop/projet_ajc/dma_vitis/dma_test_2/export/dma_test_2/dma_test_2.xpfm;dma_test_32|C:/Users/33651/Desktop/projet_ajc/dma_vitis/dma_test_32/export/dma_test_32/dma_test_32.xpfm;dma_test_6|C:/Users/33651/Desktop/projet_ajc/dma_vitis/dma_test_6/export/dma_test_6/dma_test_6.xpfm;dma_test_8|C:/Users/33651/Desktop/projet_ajc/dma_vitis/dma_test_8/export/dma_test_8/dma_test_8.xpfm
15:19:24 INFO  : The hardware specfication used by project 'dma' is out of sync with the platform. Resource files extracted from the hardware specfiication will be updated.
15:19:26 INFO  : The file 'C:\Users\33651\Desktop\projet_ajc\dma_vitis\dma\_ide\bitstream\design_1_wrapper.bit' stored in project is removed.
15:19:26 INFO  : The updated bitstream files are copied from platform to folder 'C:\Users\33651\Desktop\projet_ajc\dma_vitis\dma\_ide\bitstream' in project 'dma'.
15:19:26 INFO  : The file 'C:\Users\33651\Desktop\projet_ajc\dma_vitis\dma\_ide\psinit\ps7_init.tcl' stored in project is removed.
15:19:30 INFO  : The updated ps init files are copied from platform to folder 'C:\Users\33651\Desktop\projet_ajc\dma_vitis\dma\_ide\psinit' in project 'dma'.
15:19:51 INFO  : Result from executing command 'getProjects': dma_test_29;dma_test_32;dma_test_37
15:19:51 INFO  : Result from executing command 'getPlatforms': dma_test_29|C:/Users/33651/Desktop/projet_ajc/dma_vitis/dma_test_29/export/dma_test_29/dma_test_29.xpfm;dma_test_2|C:/Users/33651/Desktop/projet_ajc/dma_vitis/dma_test_2/export/dma_test_2/dma_test_2.xpfm;dma_test_32|C:/Users/33651/Desktop/projet_ajc/dma_vitis/dma_test_32/export/dma_test_32/dma_test_32.xpfm;dma_test_37|C:/Users/33651/Desktop/projet_ajc/dma_vitis/dma_test_37/export/dma_test_37/dma_test_37.xpfm;dma_test_6|C:/Users/33651/Desktop/projet_ajc/dma_vitis/dma_test_6/export/dma_test_6/dma_test_6.xpfm;dma_test_8|C:/Users/33651/Desktop/projet_ajc/dma_vitis/dma_test_8/export/dma_test_8/dma_test_8.xpfm
15:19:51 INFO  : Checking for BSP changes to sync application flags for project 'dma'...
15:21:07 INFO  : Disconnected from the channel tcfchan#13.
15:21:07 INFO  : Connected to target on host '127.0.0.1' and port '3121'.
15:21:08 INFO  : Jtag cable 'Digilent Cora Z7 - 7010 210370AD525DA' is selected.
15:21:08 INFO  : 'jtag frequency' command is executed.
15:21:08 INFO  : Context for 'APU' is selected.
15:21:08 INFO  : System reset is completed.
15:21:11 INFO  : 'after 3000' command is executed.
15:21:11 INFO  : 'targets -set -filter {jtag_cable_name =~ "Digilent Cora Z7 - 7010 210370AD525DA" && level==0 && jtag_device_ctx=="jsn-Cora Z7 - 7010-210370AD525DA-13722093-0"}' command is executed.
15:21:12 INFO  : Device configured successfully with "C:/Users/33651/Desktop/projet_ajc/dma_vitis/dma/_ide/bitstream/design_1_wrapper.bit"
15:21:12 INFO  : Context for 'APU' is selected.
15:21:12 INFO  : Hardware design and registers information is loaded from 'C:/Users/33651/Desktop/projet_ajc/dma_vitis/dma_test_37/export/dma_test_37/hw/design_1_wrapper.xsa'.
15:21:12 INFO  : 'configparams force-mem-access 1' command is executed.
15:21:12 INFO  : Context for 'APU' is selected.
15:21:12 INFO  : Sourcing of 'C:/Users/33651/Desktop/projet_ajc/dma_vitis/dma/_ide/psinit/ps7_init.tcl' is done.
15:21:12 INFO  : 'ps7_init' command is executed.
15:21:12 INFO  : 'ps7_post_config' command is executed.
15:21:12 INFO  : Context for processor 'ps7_cortexa9_0' is selected.
15:21:13 INFO  : The application 'C:/Users/33651/Desktop/projet_ajc/dma_vitis/dma/Debug/dma.elf' is downloaded to processor 'ps7_cortexa9_0'.
15:21:13 INFO  : 'configparams force-mem-access 0' command is executed.
15:21:13 INFO  : ----------------XSDB Script----------------
connect -url tcp:127.0.0.1:3121
targets -set -nocase -filter {name =~"APU*"}
rst -system
after 3000
targets -set -filter {jtag_cable_name =~ "Digilent Cora Z7 - 7010 210370AD525DA" && level==0 && jtag_device_ctx=="jsn-Cora Z7 - 7010-210370AD525DA-13722093-0"}
fpga -file C:/Users/33651/Desktop/projet_ajc/dma_vitis/dma/_ide/bitstream/design_1_wrapper.bit
targets -set -nocase -filter {name =~"APU*"}
loadhw -hw C:/Users/33651/Desktop/projet_ajc/dma_vitis/dma_test_37/export/dma_test_37/hw/design_1_wrapper.xsa -mem-ranges [list {0x40000000 0xbfffffff}] -regs
configparams force-mem-access 1
targets -set -nocase -filter {name =~"APU*"}
source C:/Users/33651/Desktop/projet_ajc/dma_vitis/dma/_ide/psinit/ps7_init.tcl
ps7_init
ps7_post_config
targets -set -nocase -filter {name =~ "*A9*#0"}
dow C:/Users/33651/Desktop/projet_ajc/dma_vitis/dma/Debug/dma.elf
configparams force-mem-access 0
----------------End of Script----------------

15:21:13 INFO  : Context for processor 'ps7_cortexa9_0' is selected.
15:21:13 INFO  : 'con' command is executed.
15:21:13 INFO  : ----------------XSDB Script (After Launch)----------------
targets -set -nocase -filter {name =~ "*A9*#0"}
con
----------------End of Script----------------

15:21:13 INFO  : Launch script is exported to file 'C:\Users\33651\Desktop\projet_ajc\dma_vitis\dma_system\_ide\scripts\systemdebugger_dma_system_standalone.tcl'
15:27:27 INFO  : Checking for BSP changes to sync application flags for project 'dma'...
15:28:14 INFO  : Checking for BSP changes to sync application flags for project 'dma'...
15:28:45 INFO  : Checking for BSP changes to sync application flags for project 'dma'...
15:28:56 INFO  : Disconnected from the channel tcfchan#16.
15:28:56 INFO  : Connected to target on host '127.0.0.1' and port '3121'.
15:28:56 INFO  : Jtag cable 'Digilent Cora Z7 - 7010 210370AD525DA' is selected.
15:28:56 INFO  : 'jtag frequency' command is executed.
15:28:56 INFO  : Context for 'APU' is selected.
15:28:56 INFO  : System reset is completed.
15:28:59 INFO  : 'after 3000' command is executed.
15:28:59 INFO  : 'targets -set -filter {jtag_cable_name =~ "Digilent Cora Z7 - 7010 210370AD525DA" && level==0 && jtag_device_ctx=="jsn-Cora Z7 - 7010-210370AD525DA-13722093-0"}' command is executed.
15:29:01 INFO  : Device configured successfully with "C:/Users/33651/Desktop/projet_ajc/dma_vitis/dma/_ide/bitstream/design_1_wrapper.bit"
15:29:01 INFO  : Context for 'APU' is selected.
15:29:01 INFO  : Hardware design and registers information is loaded from 'C:/Users/33651/Desktop/projet_ajc/dma_vitis/dma_test_37/export/dma_test_37/hw/design_1_wrapper.xsa'.
15:29:01 INFO  : 'configparams force-mem-access 1' command is executed.
15:29:01 INFO  : Context for 'APU' is selected.
15:29:01 INFO  : Sourcing of 'C:/Users/33651/Desktop/projet_ajc/dma_vitis/dma/_ide/psinit/ps7_init.tcl' is done.
15:29:01 INFO  : 'ps7_init' command is executed.
15:29:01 INFO  : 'ps7_post_config' command is executed.
15:29:01 INFO  : Context for processor 'ps7_cortexa9_0' is selected.
15:29:01 INFO  : The application 'C:/Users/33651/Desktop/projet_ajc/dma_vitis/dma/Debug/dma.elf' is downloaded to processor 'ps7_cortexa9_0'.
15:29:01 INFO  : 'configparams force-mem-access 0' command is executed.
15:29:01 INFO  : ----------------XSDB Script----------------
connect -url tcp:127.0.0.1:3121
targets -set -nocase -filter {name =~"APU*"}
rst -system
after 3000
targets -set -filter {jtag_cable_name =~ "Digilent Cora Z7 - 7010 210370AD525DA" && level==0 && jtag_device_ctx=="jsn-Cora Z7 - 7010-210370AD525DA-13722093-0"}
fpga -file C:/Users/33651/Desktop/projet_ajc/dma_vitis/dma/_ide/bitstream/design_1_wrapper.bit
targets -set -nocase -filter {name =~"APU*"}
loadhw -hw C:/Users/33651/Desktop/projet_ajc/dma_vitis/dma_test_37/export/dma_test_37/hw/design_1_wrapper.xsa -mem-ranges [list {0x40000000 0xbfffffff}] -regs
configparams force-mem-access 1
targets -set -nocase -filter {name =~"APU*"}
source C:/Users/33651/Desktop/projet_ajc/dma_vitis/dma/_ide/psinit/ps7_init.tcl
ps7_init
ps7_post_config
targets -set -nocase -filter {name =~ "*A9*#0"}
dow C:/Users/33651/Desktop/projet_ajc/dma_vitis/dma/Debug/dma.elf
configparams force-mem-access 0
----------------End of Script----------------

15:29:01 INFO  : Context for processor 'ps7_cortexa9_0' is selected.
15:29:01 INFO  : 'con' command is executed.
15:29:01 INFO  : ----------------XSDB Script (After Launch)----------------
targets -set -nocase -filter {name =~ "*A9*#0"}
con
----------------End of Script----------------

15:29:01 INFO  : Launch script is exported to file 'C:\Users\33651\Desktop\projet_ajc\dma_vitis\dma_system\_ide\scripts\systemdebugger_dma_system_standalone.tcl'
16:15:46 INFO  : Result from executing command 'getProjects': dma_test_29;dma_test_32;dma_test_37;dma_test_38
16:15:46 INFO  : Result from executing command 'getPlatforms': dma_test_29|C:/Users/33651/Desktop/projet_ajc/dma_vitis/dma_test_29/export/dma_test_29/dma_test_29.xpfm;dma_test_2|C:/Users/33651/Desktop/projet_ajc/dma_vitis/dma_test_2/export/dma_test_2/dma_test_2.xpfm;dma_test_32|C:/Users/33651/Desktop/projet_ajc/dma_vitis/dma_test_32/export/dma_test_32/dma_test_32.xpfm;dma_test_37|C:/Users/33651/Desktop/projet_ajc/dma_vitis/dma_test_37/export/dma_test_37/dma_test_37.xpfm;dma_test_6|C:/Users/33651/Desktop/projet_ajc/dma_vitis/dma_test_6/export/dma_test_6/dma_test_6.xpfm;dma_test_8|C:/Users/33651/Desktop/projet_ajc/dma_vitis/dma_test_8/export/dma_test_8/dma_test_8.xpfm
16:16:44 INFO  : The hardware specfication used by project 'dma' is out of sync with the platform. Resource files extracted from the hardware specfiication will be updated.
16:16:45 INFO  : The file 'C:\Users\33651\Desktop\projet_ajc\dma_vitis\dma\_ide\bitstream\design_1_wrapper.bit' stored in project is removed.
16:16:45 INFO  : The updated bitstream files are copied from platform to folder 'C:\Users\33651\Desktop\projet_ajc\dma_vitis\dma\_ide\bitstream' in project 'dma'.
16:16:45 INFO  : The file 'C:\Users\33651\Desktop\projet_ajc\dma_vitis\dma\_ide\psinit\ps7_init.tcl' stored in project is removed.
16:16:50 INFO  : The updated ps init files are copied from platform to folder 'C:\Users\33651\Desktop\projet_ajc\dma_vitis\dma\_ide\psinit' in project 'dma'.
16:17:09 INFO  : Disconnected from the channel tcfchan#20.
16:17:10 INFO  : Connected to target on host '127.0.0.1' and port '3121'.
16:17:10 INFO  : Jtag cable 'Digilent Cora Z7 - 7010 210370AD525DA' is selected.
16:17:10 INFO  : 'jtag frequency' command is executed.
16:17:10 INFO  : Context for 'APU' is selected.
16:17:10 INFO  : System reset is completed.
16:17:13 INFO  : 'after 3000' command is executed.
16:17:13 INFO  : 'targets -set -filter {jtag_cable_name =~ "Digilent Cora Z7 - 7010 210370AD525DA" && level==0 && jtag_device_ctx=="jsn-Cora Z7 - 7010-210370AD525DA-13722093-0"}' command is executed.
16:17:14 INFO  : Device configured successfully with "C:/Users/33651/Desktop/projet_ajc/dma_vitis/dma/_ide/bitstream/design_1_wrapper.bit"
16:17:14 INFO  : Context for 'APU' is selected.
16:17:14 INFO  : Hardware design and registers information is loaded from 'C:/Users/33651/Desktop/projet_ajc/dma_vitis/dma_test_38/export/dma_test_38/hw/design_1_wrapper.xsa'.
16:17:14 INFO  : 'configparams force-mem-access 1' command is executed.
16:17:14 INFO  : Context for 'APU' is selected.
16:17:14 INFO  : Sourcing of 'C:/Users/33651/Desktop/projet_ajc/dma_vitis/dma/_ide/psinit/ps7_init.tcl' is done.
16:17:15 INFO  : 'ps7_init' command is executed.
16:17:15 INFO  : 'ps7_post_config' command is executed.
16:17:15 INFO  : Context for processor 'ps7_cortexa9_0' is selected.
16:17:15 INFO  : The application 'C:/Users/33651/Desktop/projet_ajc/dma_vitis/dma/Debug/dma.elf' is downloaded to processor 'ps7_cortexa9_0'.
16:17:15 INFO  : 'configparams force-mem-access 0' command is executed.
16:17:15 INFO  : ----------------XSDB Script----------------
connect -url tcp:127.0.0.1:3121
targets -set -nocase -filter {name =~"APU*"}
rst -system
after 3000
targets -set -filter {jtag_cable_name =~ "Digilent Cora Z7 - 7010 210370AD525DA" && level==0 && jtag_device_ctx=="jsn-Cora Z7 - 7010-210370AD525DA-13722093-0"}
fpga -file C:/Users/33651/Desktop/projet_ajc/dma_vitis/dma/_ide/bitstream/design_1_wrapper.bit
targets -set -nocase -filter {name =~"APU*"}
loadhw -hw C:/Users/33651/Desktop/projet_ajc/dma_vitis/dma_test_38/export/dma_test_38/hw/design_1_wrapper.xsa -mem-ranges [list {0x40000000 0xbfffffff}] -regs
configparams force-mem-access 1
targets -set -nocase -filter {name =~"APU*"}
source C:/Users/33651/Desktop/projet_ajc/dma_vitis/dma/_ide/psinit/ps7_init.tcl
ps7_init
ps7_post_config
targets -set -nocase -filter {name =~ "*A9*#0"}
dow C:/Users/33651/Desktop/projet_ajc/dma_vitis/dma/Debug/dma.elf
configparams force-mem-access 0
----------------End of Script----------------

16:17:15 INFO  : Context for processor 'ps7_cortexa9_0' is selected.
16:17:15 INFO  : 'con' command is executed.
16:17:15 INFO  : ----------------XSDB Script (After Launch)----------------
targets -set -nocase -filter {name =~ "*A9*#0"}
con
----------------End of Script----------------

16:17:15 INFO  : Launch script is exported to file 'C:\Users\33651\Desktop\projet_ajc\dma_vitis\dma_system\_ide\scripts\systemdebugger_dma_system_standalone.tcl'
16:18:58 INFO  : Result from executing command 'getProjects': dma_test_29;dma_test_32;dma_test_37;dma_test_38
16:18:58 INFO  : Result from executing command 'getPlatforms': dma_test_29|C:/Users/33651/Desktop/projet_ajc/dma_vitis/dma_test_29/export/dma_test_29/dma_test_29.xpfm;dma_test_2|C:/Users/33651/Desktop/projet_ajc/dma_vitis/dma_test_2/export/dma_test_2/dma_test_2.xpfm;dma_test_32|C:/Users/33651/Desktop/projet_ajc/dma_vitis/dma_test_32/export/dma_test_32/dma_test_32.xpfm;dma_test_37|C:/Users/33651/Desktop/projet_ajc/dma_vitis/dma_test_37/export/dma_test_37/dma_test_37.xpfm;dma_test_38|C:/Users/33651/Desktop/projet_ajc/dma_vitis/dma_test_38/export/dma_test_38/dma_test_38.xpfm;dma_test_6|C:/Users/33651/Desktop/projet_ajc/dma_vitis/dma_test_6/export/dma_test_6/dma_test_6.xpfm;dma_test_8|C:/Users/33651/Desktop/projet_ajc/dma_vitis/dma_test_8/export/dma_test_8/dma_test_8.xpfm
16:18:59 INFO  : Checking for BSP changes to sync application flags for project 'dma'...
16:19:15 INFO  : Disconnected from the channel tcfchan#21.
16:19:16 INFO  : Connected to target on host '127.0.0.1' and port '3121'.
16:19:16 INFO  : Jtag cable 'Digilent Cora Z7 - 7010 210370AD525DA' is selected.
16:19:16 INFO  : 'jtag frequency' command is executed.
16:19:16 INFO  : Context for 'APU' is selected.
16:19:16 INFO  : System reset is completed.
16:19:19 INFO  : 'after 3000' command is executed.
16:19:19 INFO  : 'targets -set -filter {jtag_cable_name =~ "Digilent Cora Z7 - 7010 210370AD525DA" && level==0 && jtag_device_ctx=="jsn-Cora Z7 - 7010-210370AD525DA-13722093-0"}' command is executed.
16:19:21 INFO  : Device configured successfully with "C:/Users/33651/Desktop/projet_ajc/dma_vitis/dma/_ide/bitstream/design_1_wrapper.bit"
16:19:21 INFO  : Context for 'APU' is selected.
16:19:21 INFO  : Hardware design and registers information is loaded from 'C:/Users/33651/Desktop/projet_ajc/dma_vitis/dma_test_38/export/dma_test_38/hw/design_1_wrapper.xsa'.
16:19:21 INFO  : 'configparams force-mem-access 1' command is executed.
16:19:21 INFO  : Context for 'APU' is selected.
16:19:21 INFO  : Sourcing of 'C:/Users/33651/Desktop/projet_ajc/dma_vitis/dma/_ide/psinit/ps7_init.tcl' is done.
16:19:21 INFO  : 'ps7_init' command is executed.
16:19:21 INFO  : 'ps7_post_config' command is executed.
16:19:21 INFO  : Context for processor 'ps7_cortexa9_0' is selected.
16:19:21 INFO  : The application 'C:/Users/33651/Desktop/projet_ajc/dma_vitis/dma/Debug/dma.elf' is downloaded to processor 'ps7_cortexa9_0'.
16:19:21 INFO  : 'configparams force-mem-access 0' command is executed.
16:19:21 INFO  : ----------------XSDB Script----------------
connect -url tcp:127.0.0.1:3121
targets -set -nocase -filter {name =~"APU*"}
rst -system
after 3000
targets -set -filter {jtag_cable_name =~ "Digilent Cora Z7 - 7010 210370AD525DA" && level==0 && jtag_device_ctx=="jsn-Cora Z7 - 7010-210370AD525DA-13722093-0"}
fpga -file C:/Users/33651/Desktop/projet_ajc/dma_vitis/dma/_ide/bitstream/design_1_wrapper.bit
targets -set -nocase -filter {name =~"APU*"}
loadhw -hw C:/Users/33651/Desktop/projet_ajc/dma_vitis/dma_test_38/export/dma_test_38/hw/design_1_wrapper.xsa -mem-ranges [list {0x40000000 0xbfffffff}] -regs
configparams force-mem-access 1
targets -set -nocase -filter {name =~"APU*"}
source C:/Users/33651/Desktop/projet_ajc/dma_vitis/dma/_ide/psinit/ps7_init.tcl
ps7_init
ps7_post_config
targets -set -nocase -filter {name =~ "*A9*#0"}
dow C:/Users/33651/Desktop/projet_ajc/dma_vitis/dma/Debug/dma.elf
configparams force-mem-access 0
----------------End of Script----------------

16:19:21 INFO  : Context for processor 'ps7_cortexa9_0' is selected.
16:19:22 INFO  : 'con' command is executed.
16:19:22 INFO  : ----------------XSDB Script (After Launch)----------------
targets -set -nocase -filter {name =~ "*A9*#0"}
con
----------------End of Script----------------

16:19:22 INFO  : Launch script is exported to file 'C:\Users\33651\Desktop\projet_ajc\dma_vitis\dma_system\_ide\scripts\systemdebugger_dma_system_standalone.tcl'
16:42:54 ERROR : An unexpected exception occurred in the module 'reading platform'
16:43:39 INFO  : Result from executing command 'getProjects': dma_test_29;dma_test_32;dma_test_37;dma_test_39
16:43:39 INFO  : Result from executing command 'getPlatforms': dma_test_29|C:/Users/33651/Desktop/projet_ajc/dma_vitis/dma_test_29/export/dma_test_29/dma_test_29.xpfm;dma_test_2|C:/Users/33651/Desktop/projet_ajc/dma_vitis/dma_test_2/export/dma_test_2/dma_test_2.xpfm;dma_test_32|C:/Users/33651/Desktop/projet_ajc/dma_vitis/dma_test_32/export/dma_test_32/dma_test_32.xpfm;dma_test_37|C:/Users/33651/Desktop/projet_ajc/dma_vitis/dma_test_37/export/dma_test_37/dma_test_37.xpfm;dma_test_6|C:/Users/33651/Desktop/projet_ajc/dma_vitis/dma_test_6/export/dma_test_6/dma_test_6.xpfm;dma_test_8|C:/Users/33651/Desktop/projet_ajc/dma_vitis/dma_test_8/export/dma_test_8/dma_test_8.xpfm
16:44:02 INFO  : The hardware specfication used by project 'dma' is out of sync with the platform. Resource files extracted from the hardware specfiication will be updated.
16:44:03 INFO  : The file 'C:\Users\33651\Desktop\projet_ajc\dma_vitis\dma\_ide\bitstream\design_1_wrapper.bit' stored in project is removed.
16:44:03 INFO  : The updated bitstream files are copied from platform to folder 'C:\Users\33651\Desktop\projet_ajc\dma_vitis\dma\_ide\bitstream' in project 'dma'.
16:44:03 INFO  : The file 'C:\Users\33651\Desktop\projet_ajc\dma_vitis\dma\_ide\psinit\ps7_init.tcl' stored in project is removed.
16:44:08 INFO  : The updated ps init files are copied from platform to folder 'C:\Users\33651\Desktop\projet_ajc\dma_vitis\dma\_ide\psinit' in project 'dma'.
16:44:29 INFO  : Result from executing command 'getProjects': dma_test_29;dma_test_32;dma_test_37;dma_test_39
16:44:29 INFO  : Result from executing command 'getPlatforms': dma_test_29|C:/Users/33651/Desktop/projet_ajc/dma_vitis/dma_test_29/export/dma_test_29/dma_test_29.xpfm;dma_test_2|C:/Users/33651/Desktop/projet_ajc/dma_vitis/dma_test_2/export/dma_test_2/dma_test_2.xpfm;dma_test_32|C:/Users/33651/Desktop/projet_ajc/dma_vitis/dma_test_32/export/dma_test_32/dma_test_32.xpfm;dma_test_37|C:/Users/33651/Desktop/projet_ajc/dma_vitis/dma_test_37/export/dma_test_37/dma_test_37.xpfm;dma_test_39|C:/Users/33651/Desktop/projet_ajc/dma_vitis/dma_test_39/export/dma_test_39/dma_test_39.xpfm;dma_test_6|C:/Users/33651/Desktop/projet_ajc/dma_vitis/dma_test_6/export/dma_test_6/dma_test_6.xpfm;dma_test_8|C:/Users/33651/Desktop/projet_ajc/dma_vitis/dma_test_8/export/dma_test_8/dma_test_8.xpfm
16:44:30 INFO  : Checking for BSP changes to sync application flags for project 'dma'...
16:45:00 INFO  : Disconnected from the channel tcfchan#24.
16:45:00 INFO  : Connected to target on host '127.0.0.1' and port '3121'.
16:45:01 INFO  : Jtag cable 'Digilent Cora Z7 - 7010 210370AD525DA' is selected.
16:45:01 INFO  : 'jtag frequency' command is executed.
16:45:01 INFO  : Context for 'APU' is selected.
16:45:01 INFO  : System reset is completed.
16:45:04 INFO  : 'after 3000' command is executed.
16:45:04 INFO  : 'targets -set -filter {jtag_cable_name =~ "Digilent Cora Z7 - 7010 210370AD525DA" && level==0 && jtag_device_ctx=="jsn-Cora Z7 - 7010-210370AD525DA-13722093-0"}' command is executed.
16:45:05 INFO  : Device configured successfully with "C:/Users/33651/Desktop/projet_ajc/dma_vitis/dma/_ide/bitstream/design_1_wrapper.bit"
16:45:05 INFO  : Context for 'APU' is selected.
16:45:05 INFO  : Hardware design and registers information is loaded from 'C:/Users/33651/Desktop/projet_ajc/dma_vitis/dma_test_39/export/dma_test_39/hw/design_1_wrapper.xsa'.
16:45:05 INFO  : 'configparams force-mem-access 1' command is executed.
16:45:05 INFO  : Context for 'APU' is selected.
16:45:05 INFO  : Sourcing of 'C:/Users/33651/Desktop/projet_ajc/dma_vitis/dma/_ide/psinit/ps7_init.tcl' is done.
16:45:06 INFO  : 'ps7_init' command is executed.
16:45:06 INFO  : 'ps7_post_config' command is executed.
16:45:06 INFO  : Context for processor 'ps7_cortexa9_0' is selected.
16:45:06 INFO  : The application 'C:/Users/33651/Desktop/projet_ajc/dma_vitis/dma/Debug/dma.elf' is downloaded to processor 'ps7_cortexa9_0'.
16:45:06 INFO  : 'configparams force-mem-access 0' command is executed.
16:45:06 INFO  : ----------------XSDB Script----------------
connect -url tcp:127.0.0.1:3121
targets -set -nocase -filter {name =~"APU*"}
rst -system
after 3000
targets -set -filter {jtag_cable_name =~ "Digilent Cora Z7 - 7010 210370AD525DA" && level==0 && jtag_device_ctx=="jsn-Cora Z7 - 7010-210370AD525DA-13722093-0"}
fpga -file C:/Users/33651/Desktop/projet_ajc/dma_vitis/dma/_ide/bitstream/design_1_wrapper.bit
targets -set -nocase -filter {name =~"APU*"}
loadhw -hw C:/Users/33651/Desktop/projet_ajc/dma_vitis/dma_test_39/export/dma_test_39/hw/design_1_wrapper.xsa -mem-ranges [list {0x40000000 0xbfffffff}] -regs
configparams force-mem-access 1
targets -set -nocase -filter {name =~"APU*"}
source C:/Users/33651/Desktop/projet_ajc/dma_vitis/dma/_ide/psinit/ps7_init.tcl
ps7_init
ps7_post_config
targets -set -nocase -filter {name =~ "*A9*#0"}
dow C:/Users/33651/Desktop/projet_ajc/dma_vitis/dma/Debug/dma.elf
configparams force-mem-access 0
----------------End of Script----------------

16:45:06 INFO  : Context for processor 'ps7_cortexa9_0' is selected.
16:45:06 INFO  : 'con' command is executed.
16:45:06 INFO  : ----------------XSDB Script (After Launch)----------------
targets -set -nocase -filter {name =~ "*A9*#0"}
con
----------------End of Script----------------

16:45:06 INFO  : Launch script is exported to file 'C:\Users\33651\Desktop\projet_ajc\dma_vitis\dma_system\_ide\scripts\systemdebugger_dma_system_standalone.tcl'
16:47:27 INFO  : Checking for BSP changes to sync application flags for project 'dma'...
16:47:59 INFO  : Checking for BSP changes to sync application flags for project 'dma'...
16:48:15 INFO  : Disconnected from the channel tcfchan#27.
16:48:15 INFO  : Connected to target on host '127.0.0.1' and port '3121'.
16:48:16 INFO  : Jtag cable 'Digilent Cora Z7 - 7010 210370AD525DA' is selected.
16:48:16 INFO  : 'jtag frequency' command is executed.
16:48:16 INFO  : Context for 'APU' is selected.
16:48:16 INFO  : System reset is completed.
16:48:19 INFO  : 'after 3000' command is executed.
16:48:19 INFO  : 'targets -set -filter {jtag_cable_name =~ "Digilent Cora Z7 - 7010 210370AD525DA" && level==0 && jtag_device_ctx=="jsn-Cora Z7 - 7010-210370AD525DA-13722093-0"}' command is executed.
16:48:20 INFO  : Device configured successfully with "C:/Users/33651/Desktop/projet_ajc/dma_vitis/dma/_ide/bitstream/design_1_wrapper.bit"
16:48:20 INFO  : Context for 'APU' is selected.
16:48:20 INFO  : Hardware design and registers information is loaded from 'C:/Users/33651/Desktop/projet_ajc/dma_vitis/dma_test_39/export/dma_test_39/hw/design_1_wrapper.xsa'.
16:48:20 INFO  : 'configparams force-mem-access 1' command is executed.
16:48:20 INFO  : Context for 'APU' is selected.
16:48:20 INFO  : Sourcing of 'C:/Users/33651/Desktop/projet_ajc/dma_vitis/dma/_ide/psinit/ps7_init.tcl' is done.
16:48:20 INFO  : 'ps7_init' command is executed.
16:48:20 INFO  : 'ps7_post_config' command is executed.
16:48:20 INFO  : Context for processor 'ps7_cortexa9_0' is selected.
16:48:21 INFO  : The application 'C:/Users/33651/Desktop/projet_ajc/dma_vitis/dma/Debug/dma.elf' is downloaded to processor 'ps7_cortexa9_0'.
16:48:21 INFO  : 'configparams force-mem-access 0' command is executed.
16:48:21 INFO  : ----------------XSDB Script----------------
connect -url tcp:127.0.0.1:3121
targets -set -nocase -filter {name =~"APU*"}
rst -system
after 3000
targets -set -filter {jtag_cable_name =~ "Digilent Cora Z7 - 7010 210370AD525DA" && level==0 && jtag_device_ctx=="jsn-Cora Z7 - 7010-210370AD525DA-13722093-0"}
fpga -file C:/Users/33651/Desktop/projet_ajc/dma_vitis/dma/_ide/bitstream/design_1_wrapper.bit
targets -set -nocase -filter {name =~"APU*"}
loadhw -hw C:/Users/33651/Desktop/projet_ajc/dma_vitis/dma_test_39/export/dma_test_39/hw/design_1_wrapper.xsa -mem-ranges [list {0x40000000 0xbfffffff}] -regs
configparams force-mem-access 1
targets -set -nocase -filter {name =~"APU*"}
source C:/Users/33651/Desktop/projet_ajc/dma_vitis/dma/_ide/psinit/ps7_init.tcl
ps7_init
ps7_post_config
targets -set -nocase -filter {name =~ "*A9*#0"}
dow C:/Users/33651/Desktop/projet_ajc/dma_vitis/dma/Debug/dma.elf
configparams force-mem-access 0
----------------End of Script----------------

16:48:21 INFO  : Context for processor 'ps7_cortexa9_0' is selected.
16:48:21 INFO  : 'con' command is executed.
16:48:21 INFO  : ----------------XSDB Script (After Launch)----------------
targets -set -nocase -filter {name =~ "*A9*#0"}
con
----------------End of Script----------------

16:48:21 INFO  : Launch script is exported to file 'C:\Users\33651\Desktop\projet_ajc\dma_vitis\dma_system\_ide\scripts\systemdebugger_dma_system_standalone.tcl'
16:59:59 ERROR : An unexpected exception occurred in the module 'reading platform'
17:00:44 INFO  : Result from executing command 'getProjects': dma_test_29;dma_test_32;dma_test_37;dma_test_40
17:00:44 INFO  : Result from executing command 'getPlatforms': dma_test_29|C:/Users/33651/Desktop/projet_ajc/dma_vitis/dma_test_29/export/dma_test_29/dma_test_29.xpfm;dma_test_2|C:/Users/33651/Desktop/projet_ajc/dma_vitis/dma_test_2/export/dma_test_2/dma_test_2.xpfm;dma_test_32|C:/Users/33651/Desktop/projet_ajc/dma_vitis/dma_test_32/export/dma_test_32/dma_test_32.xpfm;dma_test_37|C:/Users/33651/Desktop/projet_ajc/dma_vitis/dma_test_37/export/dma_test_37/dma_test_37.xpfm;dma_test_6|C:/Users/33651/Desktop/projet_ajc/dma_vitis/dma_test_6/export/dma_test_6/dma_test_6.xpfm;dma_test_8|C:/Users/33651/Desktop/projet_ajc/dma_vitis/dma_test_8/export/dma_test_8/dma_test_8.xpfm
17:04:05 INFO  : Result from executing command 'getProjects': dma_test_29;dma_test_32;dma_test_37;dma_test_40
17:04:05 INFO  : Result from executing command 'getPlatforms': dma_test_29|C:/Users/33651/Desktop/projet_ajc/dma_vitis/dma_test_29/export/dma_test_29/dma_test_29.xpfm;dma_test_2|C:/Users/33651/Desktop/projet_ajc/dma_vitis/dma_test_2/export/dma_test_2/dma_test_2.xpfm;dma_test_32|C:/Users/33651/Desktop/projet_ajc/dma_vitis/dma_test_32/export/dma_test_32/dma_test_32.xpfm;dma_test_37|C:/Users/33651/Desktop/projet_ajc/dma_vitis/dma_test_37/export/dma_test_37/dma_test_37.xpfm;dma_test_40|C:/Users/33651/Desktop/projet_ajc/dma_vitis/dma_test_40/export/dma_test_40/dma_test_40.xpfm;dma_test_6|C:/Users/33651/Desktop/projet_ajc/dma_vitis/dma_test_6/export/dma_test_6/dma_test_6.xpfm;dma_test_8|C:/Users/33651/Desktop/projet_ajc/dma_vitis/dma_test_8/export/dma_test_8/dma_test_8.xpfm
17:04:06 INFO  : Checking for BSP changes to sync application flags for project 'dma'...
17:05:30 INFO  : Disconnected from the channel tcfchan#30.
17:05:31 INFO  : Connected to target on host '127.0.0.1' and port '3121'.
17:05:31 INFO  : Jtag cable 'Digilent Cora Z7 - 7010 210370AD525DA' is selected.
17:05:31 INFO  : 'jtag frequency' command is executed.
17:05:31 INFO  : Context for 'APU' is selected.
17:05:31 INFO  : System reset is completed.
17:05:34 INFO  : 'after 3000' command is executed.
17:05:34 INFO  : 'targets -set -filter {jtag_cable_name =~ "Digilent Cora Z7 - 7010 210370AD525DA" && level==0 && jtag_device_ctx=="jsn-Cora Z7 - 7010-210370AD525DA-13722093-0"}' command is executed.
17:05:36 INFO  : Device configured successfully with "C:/Users/33651/Desktop/projet_ajc/dma_vitis/dma/_ide/bitstream/design_1_wrapper.bit"
17:05:36 INFO  : Context for 'APU' is selected.
17:05:36 INFO  : Hardware design and registers information is loaded from 'C:/Users/33651/Desktop/projet_ajc/dma_vitis/dma_test_40/export/dma_test_40/hw/design_1_wrapper.xsa'.
17:05:36 INFO  : 'configparams force-mem-access 1' command is executed.
17:05:36 INFO  : Context for 'APU' is selected.
17:05:36 INFO  : Sourcing of 'C:/Users/33651/Desktop/projet_ajc/dma_vitis/dma/_ide/psinit/ps7_init.tcl' is done.
17:05:36 INFO  : 'ps7_init' command is executed.
17:05:36 INFO  : 'ps7_post_config' command is executed.
17:05:36 INFO  : Context for processor 'ps7_cortexa9_0' is selected.
17:05:36 INFO  : The application 'C:/Users/33651/Desktop/projet_ajc/dma_vitis/dma/Debug/dma.elf' is downloaded to processor 'ps7_cortexa9_0'.
17:05:36 INFO  : 'configparams force-mem-access 0' command is executed.
17:05:36 INFO  : ----------------XSDB Script----------------
connect -url tcp:127.0.0.1:3121
targets -set -nocase -filter {name =~"APU*"}
rst -system
after 3000
targets -set -filter {jtag_cable_name =~ "Digilent Cora Z7 - 7010 210370AD525DA" && level==0 && jtag_device_ctx=="jsn-Cora Z7 - 7010-210370AD525DA-13722093-0"}
fpga -file C:/Users/33651/Desktop/projet_ajc/dma_vitis/dma/_ide/bitstream/design_1_wrapper.bit
targets -set -nocase -filter {name =~"APU*"}
loadhw -hw C:/Users/33651/Desktop/projet_ajc/dma_vitis/dma_test_40/export/dma_test_40/hw/design_1_wrapper.xsa -mem-ranges [list {0x40000000 0xbfffffff}] -regs
configparams force-mem-access 1
targets -set -nocase -filter {name =~"APU*"}
source C:/Users/33651/Desktop/projet_ajc/dma_vitis/dma/_ide/psinit/ps7_init.tcl
ps7_init
ps7_post_config
targets -set -nocase -filter {name =~ "*A9*#0"}
dow C:/Users/33651/Desktop/projet_ajc/dma_vitis/dma/Debug/dma.elf
configparams force-mem-access 0
----------------End of Script----------------

17:05:37 INFO  : Context for processor 'ps7_cortexa9_0' is selected.
17:05:37 INFO  : 'con' command is executed.
17:05:37 INFO  : ----------------XSDB Script (After Launch)----------------
targets -set -nocase -filter {name =~ "*A9*#0"}
con
----------------End of Script----------------

17:05:37 INFO  : Launch script is exported to file 'C:\Users\33651\Desktop\projet_ajc\dma_vitis\dma_system\_ide\scripts\systemdebugger_dma_system_standalone.tcl'
17:08:00 ERROR : An unexpected exception occurred in the module 'reading platform'
17:08:26 INFO  : Result from executing command 'getProjects': dma_test_29;dma_test_32;dma_test_37;dma_test_41
17:08:26 INFO  : Result from executing command 'getPlatforms': dma_test_29|C:/Users/33651/Desktop/projet_ajc/dma_vitis/dma_test_29/export/dma_test_29/dma_test_29.xpfm;dma_test_2|C:/Users/33651/Desktop/projet_ajc/dma_vitis/dma_test_2/export/dma_test_2/dma_test_2.xpfm;dma_test_32|C:/Users/33651/Desktop/projet_ajc/dma_vitis/dma_test_32/export/dma_test_32/dma_test_32.xpfm;dma_test_37|C:/Users/33651/Desktop/projet_ajc/dma_vitis/dma_test_37/export/dma_test_37/dma_test_37.xpfm;dma_test_6|C:/Users/33651/Desktop/projet_ajc/dma_vitis/dma_test_6/export/dma_test_6/dma_test_6.xpfm;dma_test_8|C:/Users/33651/Desktop/projet_ajc/dma_vitis/dma_test_8/export/dma_test_8/dma_test_8.xpfm
17:08:35 INFO  : The hardware specfication used by project 'dma' is out of sync with the platform. Resource files extracted from the hardware specfiication will be updated.
17:08:36 INFO  : The file 'C:\Users\33651\Desktop\projet_ajc\dma_vitis\dma\_ide\bitstream\design_1_wrapper.bit' stored in project is removed.
17:08:36 INFO  : The updated bitstream files are copied from platform to folder 'C:\Users\33651\Desktop\projet_ajc\dma_vitis\dma\_ide\bitstream' in project 'dma'.
17:08:36 INFO  : The file 'C:\Users\33651\Desktop\projet_ajc\dma_vitis\dma\_ide\psinit\ps7_init.tcl' stored in project is removed.
17:08:41 INFO  : The updated ps init files are copied from platform to folder 'C:\Users\33651\Desktop\projet_ajc\dma_vitis\dma\_ide\psinit' in project 'dma'.
17:09:06 INFO  : Result from executing command 'getProjects': dma_test_29;dma_test_32;dma_test_37;dma_test_41
17:09:06 INFO  : Result from executing command 'getPlatforms': dma_test_29|C:/Users/33651/Desktop/projet_ajc/dma_vitis/dma_test_29/export/dma_test_29/dma_test_29.xpfm;dma_test_2|C:/Users/33651/Desktop/projet_ajc/dma_vitis/dma_test_2/export/dma_test_2/dma_test_2.xpfm;dma_test_32|C:/Users/33651/Desktop/projet_ajc/dma_vitis/dma_test_32/export/dma_test_32/dma_test_32.xpfm;dma_test_37|C:/Users/33651/Desktop/projet_ajc/dma_vitis/dma_test_37/export/dma_test_37/dma_test_37.xpfm;dma_test_41|C:/Users/33651/Desktop/projet_ajc/dma_vitis/dma_test_41/export/dma_test_41/dma_test_41.xpfm;dma_test_6|C:/Users/33651/Desktop/projet_ajc/dma_vitis/dma_test_6/export/dma_test_6/dma_test_6.xpfm;dma_test_8|C:/Users/33651/Desktop/projet_ajc/dma_vitis/dma_test_8/export/dma_test_8/dma_test_8.xpfm
17:09:07 INFO  : Checking for BSP changes to sync application flags for project 'dma'...
17:09:36 INFO  : Disconnected from the channel tcfchan#33.
17:09:37 INFO  : Connected to target on host '127.0.0.1' and port '3121'.
17:09:37 INFO  : Jtag cable 'Digilent Cora Z7 - 7010 210370AD525DA' is selected.
17:09:37 INFO  : 'jtag frequency' command is executed.
17:09:37 INFO  : Context for 'APU' is selected.
17:09:37 INFO  : System reset is completed.
17:09:40 INFO  : 'after 3000' command is executed.
17:09:40 INFO  : 'targets -set -filter {jtag_cable_name =~ "Digilent Cora Z7 - 7010 210370AD525DA" && level==0 && jtag_device_ctx=="jsn-Cora Z7 - 7010-210370AD525DA-13722093-0"}' command is executed.
17:09:42 INFO  : Device configured successfully with "C:/Users/33651/Desktop/projet_ajc/dma_vitis/dma/_ide/bitstream/design_1_wrapper.bit"
17:09:42 INFO  : Context for 'APU' is selected.
17:09:42 INFO  : Hardware design and registers information is loaded from 'C:/Users/33651/Desktop/projet_ajc/dma_vitis/dma_test_41/export/dma_test_41/hw/design_1_wrapper.xsa'.
17:09:42 INFO  : 'configparams force-mem-access 1' command is executed.
17:09:42 INFO  : Context for 'APU' is selected.
17:09:42 INFO  : Sourcing of 'C:/Users/33651/Desktop/projet_ajc/dma_vitis/dma/_ide/psinit/ps7_init.tcl' is done.
17:09:42 INFO  : 'ps7_init' command is executed.
17:09:42 INFO  : 'ps7_post_config' command is executed.
17:09:42 INFO  : Context for processor 'ps7_cortexa9_0' is selected.
17:09:42 INFO  : The application 'C:/Users/33651/Desktop/projet_ajc/dma_vitis/dma/Debug/dma.elf' is downloaded to processor 'ps7_cortexa9_0'.
17:09:42 INFO  : 'configparams force-mem-access 0' command is executed.
17:09:42 INFO  : ----------------XSDB Script----------------
connect -url tcp:127.0.0.1:3121
targets -set -nocase -filter {name =~"APU*"}
rst -system
after 3000
targets -set -filter {jtag_cable_name =~ "Digilent Cora Z7 - 7010 210370AD525DA" && level==0 && jtag_device_ctx=="jsn-Cora Z7 - 7010-210370AD525DA-13722093-0"}
fpga -file C:/Users/33651/Desktop/projet_ajc/dma_vitis/dma/_ide/bitstream/design_1_wrapper.bit
targets -set -nocase -filter {name =~"APU*"}
loadhw -hw C:/Users/33651/Desktop/projet_ajc/dma_vitis/dma_test_41/export/dma_test_41/hw/design_1_wrapper.xsa -mem-ranges [list {0x40000000 0xbfffffff}] -regs
configparams force-mem-access 1
targets -set -nocase -filter {name =~"APU*"}
source C:/Users/33651/Desktop/projet_ajc/dma_vitis/dma/_ide/psinit/ps7_init.tcl
ps7_init
ps7_post_config
targets -set -nocase -filter {name =~ "*A9*#0"}
dow C:/Users/33651/Desktop/projet_ajc/dma_vitis/dma/Debug/dma.elf
configparams force-mem-access 0
----------------End of Script----------------

17:09:42 INFO  : Context for processor 'ps7_cortexa9_0' is selected.
17:09:42 INFO  : 'con' command is executed.
17:09:42 INFO  : ----------------XSDB Script (After Launch)----------------
targets -set -nocase -filter {name =~ "*A9*#0"}
con
----------------End of Script----------------

17:09:42 INFO  : Launch script is exported to file 'C:\Users\33651\Desktop\projet_ajc\dma_vitis\dma_system\_ide\scripts\systemdebugger_dma_system_standalone.tcl'
18:02:42 INFO  : Result from executing command 'getProjects': dma_test_29;dma_test_32;dma_test_37;dma_test_41;dma_test_42
18:02:42 INFO  : Result from executing command 'getPlatforms': dma_test_29|C:/Users/33651/Desktop/projet_ajc/dma_vitis/dma_test_29/export/dma_test_29/dma_test_29.xpfm;dma_test_2|C:/Users/33651/Desktop/projet_ajc/dma_vitis/dma_test_2/export/dma_test_2/dma_test_2.xpfm;dma_test_32|C:/Users/33651/Desktop/projet_ajc/dma_vitis/dma_test_32/export/dma_test_32/dma_test_32.xpfm;dma_test_37|C:/Users/33651/Desktop/projet_ajc/dma_vitis/dma_test_37/export/dma_test_37/dma_test_37.xpfm;dma_test_41|C:/Users/33651/Desktop/projet_ajc/dma_vitis/dma_test_41/export/dma_test_41/dma_test_41.xpfm;dma_test_6|C:/Users/33651/Desktop/projet_ajc/dma_vitis/dma_test_6/export/dma_test_6/dma_test_6.xpfm;dma_test_8|C:/Users/33651/Desktop/projet_ajc/dma_vitis/dma_test_8/export/dma_test_8/dma_test_8.xpfm
18:02:56 INFO  : The hardware specfication used by project 'dma' is out of sync with the platform. Resource files extracted from the hardware specfiication will be updated.
18:02:58 INFO  : The file 'C:\Users\33651\Desktop\projet_ajc\dma_vitis\dma\_ide\bitstream\design_1_wrapper.bit' stored in project is removed.
18:02:58 INFO  : The updated bitstream files are copied from platform to folder 'C:\Users\33651\Desktop\projet_ajc\dma_vitis\dma\_ide\bitstream' in project 'dma'.
18:02:58 INFO  : The file 'C:\Users\33651\Desktop\projet_ajc\dma_vitis\dma\_ide\psinit\ps7_init.tcl' stored in project is removed.
18:03:02 INFO  : The updated ps init files are copied from platform to folder 'C:\Users\33651\Desktop\projet_ajc\dma_vitis\dma\_ide\psinit' in project 'dma'.
18:03:50 INFO  : Result from executing command 'getProjects': dma_test_29;dma_test_32;dma_test_37;dma_test_41;dma_test_42
18:03:50 INFO  : Result from executing command 'getPlatforms': dma_test_29|C:/Users/33651/Desktop/projet_ajc/dma_vitis/dma_test_29/export/dma_test_29/dma_test_29.xpfm;dma_test_2|C:/Users/33651/Desktop/projet_ajc/dma_vitis/dma_test_2/export/dma_test_2/dma_test_2.xpfm;dma_test_32|C:/Users/33651/Desktop/projet_ajc/dma_vitis/dma_test_32/export/dma_test_32/dma_test_32.xpfm;dma_test_37|C:/Users/33651/Desktop/projet_ajc/dma_vitis/dma_test_37/export/dma_test_37/dma_test_37.xpfm;dma_test_41|C:/Users/33651/Desktop/projet_ajc/dma_vitis/dma_test_41/export/dma_test_41/dma_test_41.xpfm;dma_test_42|C:/Users/33651/Desktop/projet_ajc/dma_vitis/dma_test_42/export/dma_test_42/dma_test_42.xpfm;dma_test_6|C:/Users/33651/Desktop/projet_ajc/dma_vitis/dma_test_6/export/dma_test_6/dma_test_6.xpfm;dma_test_8|C:/Users/33651/Desktop/projet_ajc/dma_vitis/dma_test_8/export/dma_test_8/dma_test_8.xpfm
18:03:51 INFO  : Checking for BSP changes to sync application flags for project 'dma'...
18:04:03 INFO  : Disconnected from the channel tcfchan#36.
18:04:03 INFO  : Connected to target on host '127.0.0.1' and port '3121'.
18:04:04 INFO  : Jtag cable 'Digilent Cora Z7 - 7010 210370AD525DA' is selected.
18:04:04 INFO  : 'jtag frequency' command is executed.
18:04:04 INFO  : Context for 'APU' is selected.
18:04:04 INFO  : System reset is completed.
18:04:07 INFO  : 'after 3000' command is executed.
18:04:07 INFO  : 'targets -set -filter {jtag_cable_name =~ "Digilent Cora Z7 - 7010 210370AD525DA" && level==0 && jtag_device_ctx=="jsn-Cora Z7 - 7010-210370AD525DA-13722093-0"}' command is executed.
18:04:08 INFO  : Device configured successfully with "C:/Users/33651/Desktop/projet_ajc/dma_vitis/dma/_ide/bitstream/design_1_wrapper.bit"
18:04:08 INFO  : Context for 'APU' is selected.
18:04:08 INFO  : Hardware design and registers information is loaded from 'C:/Users/33651/Desktop/projet_ajc/dma_vitis/dma_test_42/export/dma_test_42/hw/design_1_wrapper.xsa'.
18:04:08 INFO  : 'configparams force-mem-access 1' command is executed.
18:04:08 INFO  : Context for 'APU' is selected.
18:04:08 INFO  : Sourcing of 'C:/Users/33651/Desktop/projet_ajc/dma_vitis/dma/_ide/psinit/ps7_init.tcl' is done.
18:04:09 INFO  : 'ps7_init' command is executed.
18:04:09 INFO  : 'ps7_post_config' command is executed.
18:04:09 INFO  : Context for processor 'ps7_cortexa9_0' is selected.
18:04:09 INFO  : The application 'C:/Users/33651/Desktop/projet_ajc/dma_vitis/dma/Debug/dma.elf' is downloaded to processor 'ps7_cortexa9_0'.
18:04:09 INFO  : 'configparams force-mem-access 0' command is executed.
18:04:09 INFO  : ----------------XSDB Script----------------
connect -url tcp:127.0.0.1:3121
targets -set -nocase -filter {name =~"APU*"}
rst -system
after 3000
targets -set -filter {jtag_cable_name =~ "Digilent Cora Z7 - 7010 210370AD525DA" && level==0 && jtag_device_ctx=="jsn-Cora Z7 - 7010-210370AD525DA-13722093-0"}
fpga -file C:/Users/33651/Desktop/projet_ajc/dma_vitis/dma/_ide/bitstream/design_1_wrapper.bit
targets -set -nocase -filter {name =~"APU*"}
loadhw -hw C:/Users/33651/Desktop/projet_ajc/dma_vitis/dma_test_42/export/dma_test_42/hw/design_1_wrapper.xsa -mem-ranges [list {0x40000000 0xbfffffff}] -regs
configparams force-mem-access 1
targets -set -nocase -filter {name =~"APU*"}
source C:/Users/33651/Desktop/projet_ajc/dma_vitis/dma/_ide/psinit/ps7_init.tcl
ps7_init
ps7_post_config
targets -set -nocase -filter {name =~ "*A9*#0"}
dow C:/Users/33651/Desktop/projet_ajc/dma_vitis/dma/Debug/dma.elf
configparams force-mem-access 0
----------------End of Script----------------

18:04:09 INFO  : Context for processor 'ps7_cortexa9_0' is selected.
18:04:09 INFO  : 'con' command is executed.
18:04:09 INFO  : ----------------XSDB Script (After Launch)----------------
targets -set -nocase -filter {name =~ "*A9*#0"}
con
----------------End of Script----------------

18:04:09 INFO  : Launch script is exported to file 'C:\Users\33651\Desktop\projet_ajc\dma_vitis\dma_system\_ide\scripts\systemdebugger_dma_system_standalone.tcl'
18:06:08 INFO  : Checking for BSP changes to sync application flags for project 'dma'...
18:14:57 INFO  : Checking for BSP changes to sync application flags for project 'dma'...
18:15:21 INFO  : Disconnected from the channel tcfchan#39.
18:15:21 INFO  : Connected to target on host '127.0.0.1' and port '3121'.
18:15:21 INFO  : Jtag cable 'Digilent Cora Z7 - 7010 210370AD525DA' is selected.
18:15:21 INFO  : 'jtag frequency' command is executed.
18:15:22 INFO  : Context for 'APU' is selected.
18:15:22 INFO  : System reset is completed.
18:15:25 INFO  : 'after 3000' command is executed.
18:15:25 INFO  : 'targets -set -filter {jtag_cable_name =~ "Digilent Cora Z7 - 7010 210370AD525DA" && level==0 && jtag_device_ctx=="jsn-Cora Z7 - 7010-210370AD525DA-13722093-0"}' command is executed.
18:15:26 INFO  : Device configured successfully with "C:/Users/33651/Desktop/projet_ajc/dma_vitis/dma/_ide/bitstream/design_1_wrapper.bit"
18:15:26 INFO  : Context for 'APU' is selected.
18:15:26 INFO  : Hardware design and registers information is loaded from 'C:/Users/33651/Desktop/projet_ajc/dma_vitis/dma_test_42/export/dma_test_42/hw/design_1_wrapper.xsa'.
18:15:26 INFO  : 'configparams force-mem-access 1' command is executed.
18:15:26 INFO  : Context for 'APU' is selected.
18:15:26 INFO  : Sourcing of 'C:/Users/33651/Desktop/projet_ajc/dma_vitis/dma/_ide/psinit/ps7_init.tcl' is done.
18:15:26 INFO  : 'ps7_init' command is executed.
18:15:26 INFO  : 'ps7_post_config' command is executed.
18:15:26 INFO  : Context for processor 'ps7_cortexa9_0' is selected.
18:15:27 INFO  : The application 'C:/Users/33651/Desktop/projet_ajc/dma_vitis/dma/Debug/dma.elf' is downloaded to processor 'ps7_cortexa9_0'.
18:15:27 INFO  : 'configparams force-mem-access 0' command is executed.
18:15:27 INFO  : ----------------XSDB Script----------------
connect -url tcp:127.0.0.1:3121
targets -set -nocase -filter {name =~"APU*"}
rst -system
after 3000
targets -set -filter {jtag_cable_name =~ "Digilent Cora Z7 - 7010 210370AD525DA" && level==0 && jtag_device_ctx=="jsn-Cora Z7 - 7010-210370AD525DA-13722093-0"}
fpga -file C:/Users/33651/Desktop/projet_ajc/dma_vitis/dma/_ide/bitstream/design_1_wrapper.bit
targets -set -nocase -filter {name =~"APU*"}
loadhw -hw C:/Users/33651/Desktop/projet_ajc/dma_vitis/dma_test_42/export/dma_test_42/hw/design_1_wrapper.xsa -mem-ranges [list {0x40000000 0xbfffffff}] -regs
configparams force-mem-access 1
targets -set -nocase -filter {name =~"APU*"}
source C:/Users/33651/Desktop/projet_ajc/dma_vitis/dma/_ide/psinit/ps7_init.tcl
ps7_init
ps7_post_config
targets -set -nocase -filter {name =~ "*A9*#0"}
dow C:/Users/33651/Desktop/projet_ajc/dma_vitis/dma/Debug/dma.elf
configparams force-mem-access 0
----------------End of Script----------------

18:15:27 INFO  : Context for processor 'ps7_cortexa9_0' is selected.
18:15:27 INFO  : 'con' command is executed.
18:15:27 INFO  : ----------------XSDB Script (After Launch)----------------
targets -set -nocase -filter {name =~ "*A9*#0"}
con
----------------End of Script----------------

18:15:27 INFO  : Launch script is exported to file 'C:\Users\33651\Desktop\projet_ajc\dma_vitis\dma_system\_ide\scripts\systemdebugger_dma_system_standalone.tcl'
18:38:01 INFO  : Result from executing command 'getProjects': dma_test_29;dma_test_32;dma_test_37;dma_test_41;dma_test_42;dma_test_43
18:38:01 INFO  : Result from executing command 'getPlatforms': dma_test_29|C:/Users/33651/Desktop/projet_ajc/dma_vitis/dma_test_29/export/dma_test_29/dma_test_29.xpfm;dma_test_2|C:/Users/33651/Desktop/projet_ajc/dma_vitis/dma_test_2/export/dma_test_2/dma_test_2.xpfm;dma_test_32|C:/Users/33651/Desktop/projet_ajc/dma_vitis/dma_test_32/export/dma_test_32/dma_test_32.xpfm;dma_test_37|C:/Users/33651/Desktop/projet_ajc/dma_vitis/dma_test_37/export/dma_test_37/dma_test_37.xpfm;dma_test_41|C:/Users/33651/Desktop/projet_ajc/dma_vitis/dma_test_41/export/dma_test_41/dma_test_41.xpfm;dma_test_42|C:/Users/33651/Desktop/projet_ajc/dma_vitis/dma_test_42/export/dma_test_42/dma_test_42.xpfm;dma_test_6|C:/Users/33651/Desktop/projet_ajc/dma_vitis/dma_test_6/export/dma_test_6/dma_test_6.xpfm;dma_test_8|C:/Users/33651/Desktop/projet_ajc/dma_vitis/dma_test_8/export/dma_test_8/dma_test_8.xpfm
18:38:11 INFO  : The hardware specfication used by project 'dma' is out of sync with the platform. Resource files extracted from the hardware specfiication will be updated.
18:38:12 INFO  : The file 'C:\Users\33651\Desktop\projet_ajc\dma_vitis\dma\_ide\bitstream\design_1_wrapper.bit' stored in project is removed.
18:38:12 INFO  : The updated bitstream files are copied from platform to folder 'C:\Users\33651\Desktop\projet_ajc\dma_vitis\dma\_ide\bitstream' in project 'dma'.
18:38:12 INFO  : The file 'C:\Users\33651\Desktop\projet_ajc\dma_vitis\dma\_ide\psinit\ps7_init.tcl' stored in project is removed.
18:38:16 INFO  : The updated ps init files are copied from platform to folder 'C:\Users\33651\Desktop\projet_ajc\dma_vitis\dma\_ide\psinit' in project 'dma'.
18:39:01 INFO  : Result from executing command 'getProjects': dma_test_29;dma_test_32;dma_test_37;dma_test_41;dma_test_42;dma_test_43
18:39:01 INFO  : Result from executing command 'getPlatforms': dma_test_29|C:/Users/33651/Desktop/projet_ajc/dma_vitis/dma_test_29/export/dma_test_29/dma_test_29.xpfm;dma_test_2|C:/Users/33651/Desktop/projet_ajc/dma_vitis/dma_test_2/export/dma_test_2/dma_test_2.xpfm;dma_test_32|C:/Users/33651/Desktop/projet_ajc/dma_vitis/dma_test_32/export/dma_test_32/dma_test_32.xpfm;dma_test_37|C:/Users/33651/Desktop/projet_ajc/dma_vitis/dma_test_37/export/dma_test_37/dma_test_37.xpfm;dma_test_41|C:/Users/33651/Desktop/projet_ajc/dma_vitis/dma_test_41/export/dma_test_41/dma_test_41.xpfm;dma_test_42|C:/Users/33651/Desktop/projet_ajc/dma_vitis/dma_test_42/export/dma_test_42/dma_test_42.xpfm;dma_test_43|C:/Users/33651/Desktop/projet_ajc/dma_vitis/dma_test_43/export/dma_test_43/dma_test_43.xpfm;dma_test_6|C:/Users/33651/Desktop/projet_ajc/dma_vitis/dma_test_6/export/dma_test_6/dma_test_6.xpfm;dma_test_8|C:/Users/33651/Desktop/projet_ajc/dma_vitis/dma_test_8/export/dma_test_8/dma_test_8.xpfm
18:39:02 INFO  : Checking for BSP changes to sync application flags for project 'dma'...
18:39:27 INFO  : Checking for BSP changes to sync application flags for project 'dma'...
18:40:01 INFO  : Disconnected from the channel tcfchan#42.
18:40:02 INFO  : Connected to target on host '127.0.0.1' and port '3121'.
18:40:02 INFO  : Jtag cable 'Digilent Cora Z7 - 7010 210370AD525DA' is selected.
18:40:03 INFO  : 'jtag frequency' command is executed.
18:40:03 INFO  : Context for 'APU' is selected.
18:40:03 INFO  : System reset is completed.
18:40:06 INFO  : 'after 3000' command is executed.
18:40:06 INFO  : 'targets -set -filter {jtag_cable_name =~ "Digilent Cora Z7 - 7010 210370AD525DA" && level==0 && jtag_device_ctx=="jsn-Cora Z7 - 7010-210370AD525DA-13722093-0"}' command is executed.
18:40:07 INFO  : Device configured successfully with "C:/Users/33651/Desktop/projet_ajc/dma_vitis/dma/_ide/bitstream/design_1_wrapper.bit"
18:40:07 INFO  : Context for 'APU' is selected.
18:40:07 INFO  : Hardware design and registers information is loaded from 'C:/Users/33651/Desktop/projet_ajc/dma_vitis/dma_test_43/export/dma_test_43/hw/design_1_wrapper.xsa'.
18:40:07 INFO  : 'configparams force-mem-access 1' command is executed.
18:40:07 INFO  : Context for 'APU' is selected.
18:40:07 INFO  : Sourcing of 'C:/Users/33651/Desktop/projet_ajc/dma_vitis/dma/_ide/psinit/ps7_init.tcl' is done.
18:40:07 INFO  : 'ps7_init' command is executed.
18:40:07 INFO  : 'ps7_post_config' command is executed.
18:40:07 INFO  : Context for processor 'ps7_cortexa9_0' is selected.
18:40:08 INFO  : The application 'C:/Users/33651/Desktop/projet_ajc/dma_vitis/dma/Debug/dma.elf' is downloaded to processor 'ps7_cortexa9_0'.
18:40:08 INFO  : 'configparams force-mem-access 0' command is executed.
18:40:08 INFO  : ----------------XSDB Script----------------
connect -url tcp:127.0.0.1:3121
targets -set -nocase -filter {name =~"APU*"}
rst -system
after 3000
targets -set -filter {jtag_cable_name =~ "Digilent Cora Z7 - 7010 210370AD525DA" && level==0 && jtag_device_ctx=="jsn-Cora Z7 - 7010-210370AD525DA-13722093-0"}
fpga -file C:/Users/33651/Desktop/projet_ajc/dma_vitis/dma/_ide/bitstream/design_1_wrapper.bit
targets -set -nocase -filter {name =~"APU*"}
loadhw -hw C:/Users/33651/Desktop/projet_ajc/dma_vitis/dma_test_43/export/dma_test_43/hw/design_1_wrapper.xsa -mem-ranges [list {0x40000000 0xbfffffff}] -regs
configparams force-mem-access 1
targets -set -nocase -filter {name =~"APU*"}
source C:/Users/33651/Desktop/projet_ajc/dma_vitis/dma/_ide/psinit/ps7_init.tcl
ps7_init
ps7_post_config
targets -set -nocase -filter {name =~ "*A9*#0"}
dow C:/Users/33651/Desktop/projet_ajc/dma_vitis/dma/Debug/dma.elf
configparams force-mem-access 0
----------------End of Script----------------

18:40:08 INFO  : Context for processor 'ps7_cortexa9_0' is selected.
18:40:08 INFO  : 'con' command is executed.
18:40:08 INFO  : ----------------XSDB Script (After Launch)----------------
targets -set -nocase -filter {name =~ "*A9*#0"}
con
----------------End of Script----------------

18:40:08 INFO  : Launch script is exported to file 'C:\Users\33651\Desktop\projet_ajc\dma_vitis\dma_system\_ide\scripts\systemdebugger_dma_system_standalone.tcl'
18:58:28 ERROR : An unexpected exception occurred in the module 'reading platform'
18:58:47 ERROR : An unexpected exception occurred in the module 'reading platform'
18:59:21 INFO  : Result from executing command 'getProjects': dma_test_29;dma_test_32;dma_test_37;dma_test_41;dma_test_44
18:59:21 INFO  : Result from executing command 'getPlatforms': dma_test_29|C:/Users/33651/Desktop/projet_ajc/dma_vitis/dma_test_29/export/dma_test_29/dma_test_29.xpfm;dma_test_2|C:/Users/33651/Desktop/projet_ajc/dma_vitis/dma_test_2/export/dma_test_2/dma_test_2.xpfm;dma_test_32|C:/Users/33651/Desktop/projet_ajc/dma_vitis/dma_test_32/export/dma_test_32/dma_test_32.xpfm;dma_test_37|C:/Users/33651/Desktop/projet_ajc/dma_vitis/dma_test_37/export/dma_test_37/dma_test_37.xpfm;dma_test_41|C:/Users/33651/Desktop/projet_ajc/dma_vitis/dma_test_41/export/dma_test_41/dma_test_41.xpfm;dma_test_6|C:/Users/33651/Desktop/projet_ajc/dma_vitis/dma_test_6/export/dma_test_6/dma_test_6.xpfm;dma_test_8|C:/Users/33651/Desktop/projet_ajc/dma_vitis/dma_test_8/export/dma_test_8/dma_test_8.xpfm
18:59:33 INFO  : The hardware specfication used by project 'dma' is out of sync with the platform. Resource files extracted from the hardware specfiication will be updated.
18:59:35 INFO  : The file 'C:\Users\33651\Desktop\projet_ajc\dma_vitis\dma\_ide\bitstream\design_1_wrapper.bit' stored in project is removed.
18:59:35 INFO  : The updated bitstream files are copied from platform to folder 'C:\Users\33651\Desktop\projet_ajc\dma_vitis\dma\_ide\bitstream' in project 'dma'.
18:59:35 INFO  : The file 'C:\Users\33651\Desktop\projet_ajc\dma_vitis\dma\_ide\psinit\ps7_init.tcl' stored in project is removed.
18:59:38 INFO  : The updated ps init files are copied from platform to folder 'C:\Users\33651\Desktop\projet_ajc\dma_vitis\dma\_ide\psinit' in project 'dma'.
19:00:28 INFO  : Result from executing command 'getProjects': dma_test_29;dma_test_32;dma_test_37;dma_test_41;dma_test_44
19:00:28 INFO  : Result from executing command 'getPlatforms': dma_test_29|C:/Users/33651/Desktop/projet_ajc/dma_vitis/dma_test_29/export/dma_test_29/dma_test_29.xpfm;dma_test_2|C:/Users/33651/Desktop/projet_ajc/dma_vitis/dma_test_2/export/dma_test_2/dma_test_2.xpfm;dma_test_32|C:/Users/33651/Desktop/projet_ajc/dma_vitis/dma_test_32/export/dma_test_32/dma_test_32.xpfm;dma_test_37|C:/Users/33651/Desktop/projet_ajc/dma_vitis/dma_test_37/export/dma_test_37/dma_test_37.xpfm;dma_test_41|C:/Users/33651/Desktop/projet_ajc/dma_vitis/dma_test_41/export/dma_test_41/dma_test_41.xpfm;dma_test_44|C:/Users/33651/Desktop/projet_ajc/dma_vitis/dma_test_44/export/dma_test_44/dma_test_44.xpfm;dma_test_6|C:/Users/33651/Desktop/projet_ajc/dma_vitis/dma_test_6/export/dma_test_6/dma_test_6.xpfm;dma_test_8|C:/Users/33651/Desktop/projet_ajc/dma_vitis/dma_test_8/export/dma_test_8/dma_test_8.xpfm
19:00:28 INFO  : Checking for BSP changes to sync application flags for project 'dma'...
19:01:27 INFO  : Checking for BSP changes to sync application flags for project 'dma'...
19:01:58 INFO  : Disconnected from the channel tcfchan#46.
19:01:59 INFO  : Connected to target on host '127.0.0.1' and port '3121'.
19:01:59 INFO  : Jtag cable 'Digilent Cora Z7 - 7010 210370AD525DA' is selected.
19:01:59 INFO  : 'jtag frequency' command is executed.
19:01:59 INFO  : Context for 'APU' is selected.
19:01:59 INFO  : System reset is completed.
19:02:02 INFO  : 'after 3000' command is executed.
19:02:02 INFO  : 'targets -set -filter {jtag_cable_name =~ "Digilent Cora Z7 - 7010 210370AD525DA" && level==0 && jtag_device_ctx=="jsn-Cora Z7 - 7010-210370AD525DA-13722093-0"}' command is executed.
19:02:03 INFO  : Device configured successfully with "C:/Users/33651/Desktop/projet_ajc/dma_vitis/dma/_ide/bitstream/design_1_wrapper.bit"
19:02:03 INFO  : Context for 'APU' is selected.
19:02:03 INFO  : Hardware design and registers information is loaded from 'C:/Users/33651/Desktop/projet_ajc/dma_vitis/dma_test_44/export/dma_test_44/hw/design_1_wrapper.xsa'.
19:02:03 INFO  : 'configparams force-mem-access 1' command is executed.
19:02:03 INFO  : Context for 'APU' is selected.
19:02:03 INFO  : Sourcing of 'C:/Users/33651/Desktop/projet_ajc/dma_vitis/dma/_ide/psinit/ps7_init.tcl' is done.
19:02:04 INFO  : 'ps7_init' command is executed.
19:02:04 INFO  : 'ps7_post_config' command is executed.
19:02:04 INFO  : Context for processor 'ps7_cortexa9_0' is selected.
19:02:04 INFO  : The application 'C:/Users/33651/Desktop/projet_ajc/dma_vitis/dma/Debug/dma.elf' is downloaded to processor 'ps7_cortexa9_0'.
19:02:04 INFO  : 'configparams force-mem-access 0' command is executed.
19:02:04 INFO  : ----------------XSDB Script----------------
connect -url tcp:127.0.0.1:3121
targets -set -nocase -filter {name =~"APU*"}
rst -system
after 3000
targets -set -filter {jtag_cable_name =~ "Digilent Cora Z7 - 7010 210370AD525DA" && level==0 && jtag_device_ctx=="jsn-Cora Z7 - 7010-210370AD525DA-13722093-0"}
fpga -file C:/Users/33651/Desktop/projet_ajc/dma_vitis/dma/_ide/bitstream/design_1_wrapper.bit
targets -set -nocase -filter {name =~"APU*"}
loadhw -hw C:/Users/33651/Desktop/projet_ajc/dma_vitis/dma_test_44/export/dma_test_44/hw/design_1_wrapper.xsa -mem-ranges [list {0x40000000 0xbfffffff}] -regs
configparams force-mem-access 1
targets -set -nocase -filter {name =~"APU*"}
source C:/Users/33651/Desktop/projet_ajc/dma_vitis/dma/_ide/psinit/ps7_init.tcl
ps7_init
ps7_post_config
targets -set -nocase -filter {name =~ "*A9*#0"}
dow C:/Users/33651/Desktop/projet_ajc/dma_vitis/dma/Debug/dma.elf
configparams force-mem-access 0
----------------End of Script----------------

19:02:04 INFO  : Context for processor 'ps7_cortexa9_0' is selected.
19:02:04 INFO  : 'con' command is executed.
19:02:04 INFO  : ----------------XSDB Script (After Launch)----------------
targets -set -nocase -filter {name =~ "*A9*#0"}
con
----------------End of Script----------------

19:02:04 INFO  : Launch script is exported to file 'C:\Users\33651\Desktop\projet_ajc\dma_vitis\dma_system\_ide\scripts\systemdebugger_dma_system_standalone.tcl'
19:31:28 ERROR : An unexpected exception occurred in the module 'reading platform'
19:32:08 INFO  : Result from executing command 'getProjects': dma_test_29;dma_test_32;dma_test_37;dma_test_41;dma_test_45
19:32:08 INFO  : Result from executing command 'getPlatforms': dma_test_29|C:/Users/33651/Desktop/projet_ajc/dma_vitis/dma_test_29/export/dma_test_29/dma_test_29.xpfm;dma_test_2|C:/Users/33651/Desktop/projet_ajc/dma_vitis/dma_test_2/export/dma_test_2/dma_test_2.xpfm;dma_test_32|C:/Users/33651/Desktop/projet_ajc/dma_vitis/dma_test_32/export/dma_test_32/dma_test_32.xpfm;dma_test_37|C:/Users/33651/Desktop/projet_ajc/dma_vitis/dma_test_37/export/dma_test_37/dma_test_37.xpfm;dma_test_41|C:/Users/33651/Desktop/projet_ajc/dma_vitis/dma_test_41/export/dma_test_41/dma_test_41.xpfm;dma_test_6|C:/Users/33651/Desktop/projet_ajc/dma_vitis/dma_test_6/export/dma_test_6/dma_test_6.xpfm;dma_test_8|C:/Users/33651/Desktop/projet_ajc/dma_vitis/dma_test_8/export/dma_test_8/dma_test_8.xpfm
19:32:23 INFO  : The hardware specfication used by project 'dma' is out of sync with the platform. Resource files extracted from the hardware specfiication will be updated.
19:32:25 INFO  : The file 'C:\Users\33651\Desktop\projet_ajc\dma_vitis\dma\_ide\bitstream\design_1_wrapper.bit' stored in project is removed.
19:32:25 INFO  : The updated bitstream files are copied from platform to folder 'C:\Users\33651\Desktop\projet_ajc\dma_vitis\dma\_ide\bitstream' in project 'dma'.
19:32:25 INFO  : The file 'C:\Users\33651\Desktop\projet_ajc\dma_vitis\dma\_ide\psinit\ps7_init.tcl' stored in project is removed.
19:32:29 INFO  : The updated ps init files are copied from platform to folder 'C:\Users\33651\Desktop\projet_ajc\dma_vitis\dma\_ide\psinit' in project 'dma'.
19:32:53 INFO  : Result from executing command 'getProjects': dma_test_29;dma_test_32;dma_test_37;dma_test_41;dma_test_45
19:32:53 INFO  : Result from executing command 'getPlatforms': dma_test_29|C:/Users/33651/Desktop/projet_ajc/dma_vitis/dma_test_29/export/dma_test_29/dma_test_29.xpfm;dma_test_2|C:/Users/33651/Desktop/projet_ajc/dma_vitis/dma_test_2/export/dma_test_2/dma_test_2.xpfm;dma_test_32|C:/Users/33651/Desktop/projet_ajc/dma_vitis/dma_test_32/export/dma_test_32/dma_test_32.xpfm;dma_test_37|C:/Users/33651/Desktop/projet_ajc/dma_vitis/dma_test_37/export/dma_test_37/dma_test_37.xpfm;dma_test_41|C:/Users/33651/Desktop/projet_ajc/dma_vitis/dma_test_41/export/dma_test_41/dma_test_41.xpfm;dma_test_45|C:/Users/33651/Desktop/projet_ajc/dma_vitis/dma_test_45/export/dma_test_45/dma_test_45.xpfm;dma_test_6|C:/Users/33651/Desktop/projet_ajc/dma_vitis/dma_test_6/export/dma_test_6/dma_test_6.xpfm;dma_test_8|C:/Users/33651/Desktop/projet_ajc/dma_vitis/dma_test_8/export/dma_test_8/dma_test_8.xpfm
19:32:53 INFO  : Checking for BSP changes to sync application flags for project 'dma'...
19:34:00 INFO  : Disconnected from the channel tcfchan#50.
19:34:01 INFO  : Connected to target on host '127.0.0.1' and port '3121'.
19:34:01 INFO  : Jtag cable 'Digilent Cora Z7 - 7010 210370AD525DA' is selected.
19:34:01 INFO  : 'jtag frequency' command is executed.
19:34:01 INFO  : Context for 'APU' is selected.
19:34:01 INFO  : System reset is completed.
19:34:04 INFO  : 'after 3000' command is executed.
19:34:04 INFO  : 'targets -set -filter {jtag_cable_name =~ "Digilent Cora Z7 - 7010 210370AD525DA" && level==0 && jtag_device_ctx=="jsn-Cora Z7 - 7010-210370AD525DA-13722093-0"}' command is executed.
19:34:05 INFO  : Device configured successfully with "C:/Users/33651/Desktop/projet_ajc/dma_vitis/dma/_ide/bitstream/design_1_wrapper.bit"
19:34:05 INFO  : Context for 'APU' is selected.
19:34:06 INFO  : Hardware design and registers information is loaded from 'C:/Users/33651/Desktop/projet_ajc/dma_vitis/dma_test_45/export/dma_test_45/hw/design_1_wrapper.xsa'.
19:34:06 INFO  : 'configparams force-mem-access 1' command is executed.
19:34:06 INFO  : Context for 'APU' is selected.
19:34:06 INFO  : Sourcing of 'C:/Users/33651/Desktop/projet_ajc/dma_vitis/dma/_ide/psinit/ps7_init.tcl' is done.
19:34:06 INFO  : 'ps7_init' command is executed.
19:34:06 INFO  : 'ps7_post_config' command is executed.
19:34:06 INFO  : Context for processor 'ps7_cortexa9_0' is selected.
19:34:06 INFO  : The application 'C:/Users/33651/Desktop/projet_ajc/dma_vitis/dma/Debug/dma.elf' is downloaded to processor 'ps7_cortexa9_0'.
19:34:06 INFO  : 'configparams force-mem-access 0' command is executed.
19:34:06 INFO  : ----------------XSDB Script----------------
connect -url tcp:127.0.0.1:3121
targets -set -nocase -filter {name =~"APU*"}
rst -system
after 3000
targets -set -filter {jtag_cable_name =~ "Digilent Cora Z7 - 7010 210370AD525DA" && level==0 && jtag_device_ctx=="jsn-Cora Z7 - 7010-210370AD525DA-13722093-0"}
fpga -file C:/Users/33651/Desktop/projet_ajc/dma_vitis/dma/_ide/bitstream/design_1_wrapper.bit
targets -set -nocase -filter {name =~"APU*"}
loadhw -hw C:/Users/33651/Desktop/projet_ajc/dma_vitis/dma_test_45/export/dma_test_45/hw/design_1_wrapper.xsa -mem-ranges [list {0x40000000 0xbfffffff}] -regs
configparams force-mem-access 1
targets -set -nocase -filter {name =~"APU*"}
source C:/Users/33651/Desktop/projet_ajc/dma_vitis/dma/_ide/psinit/ps7_init.tcl
ps7_init
ps7_post_config
targets -set -nocase -filter {name =~ "*A9*#0"}
dow C:/Users/33651/Desktop/projet_ajc/dma_vitis/dma/Debug/dma.elf
configparams force-mem-access 0
----------------End of Script----------------

19:34:06 INFO  : Context for processor 'ps7_cortexa9_0' is selected.
19:34:06 INFO  : 'con' command is executed.
19:34:06 INFO  : ----------------XSDB Script (After Launch)----------------
targets -set -nocase -filter {name =~ "*A9*#0"}
con
----------------End of Script----------------

19:34:06 INFO  : Launch script is exported to file 'C:\Users\33651\Desktop\projet_ajc\dma_vitis\dma_system\_ide\scripts\systemdebugger_dma_system_standalone.tcl'
19:51:42 ERROR : An unexpected exception occurred in the module 'reading platform'
19:52:38 INFO  : Result from executing command 'getProjects': dma_test_29;dma_test_32;dma_test_37;dma_test_41;dma_test_46
19:52:38 INFO  : Result from executing command 'getPlatforms': dma_test_29|C:/Users/33651/Desktop/projet_ajc/dma_vitis/dma_test_29/export/dma_test_29/dma_test_29.xpfm;dma_test_2|C:/Users/33651/Desktop/projet_ajc/dma_vitis/dma_test_2/export/dma_test_2/dma_test_2.xpfm;dma_test_32|C:/Users/33651/Desktop/projet_ajc/dma_vitis/dma_test_32/export/dma_test_32/dma_test_32.xpfm;dma_test_37|C:/Users/33651/Desktop/projet_ajc/dma_vitis/dma_test_37/export/dma_test_37/dma_test_37.xpfm;dma_test_41|C:/Users/33651/Desktop/projet_ajc/dma_vitis/dma_test_41/export/dma_test_41/dma_test_41.xpfm;dma_test_6|C:/Users/33651/Desktop/projet_ajc/dma_vitis/dma_test_6/export/dma_test_6/dma_test_6.xpfm;dma_test_8|C:/Users/33651/Desktop/projet_ajc/dma_vitis/dma_test_8/export/dma_test_8/dma_test_8.xpfm
19:52:51 INFO  : The hardware specfication used by project 'dma' is out of sync with the platform. Resource files extracted from the hardware specfiication will be updated.
19:52:53 INFO  : The file 'C:\Users\33651\Desktop\projet_ajc\dma_vitis\dma\_ide\bitstream\design_1_wrapper.bit' stored in project is removed.
19:52:53 INFO  : The updated bitstream files are copied from platform to folder 'C:\Users\33651\Desktop\projet_ajc\dma_vitis\dma\_ide\bitstream' in project 'dma'.
19:52:53 INFO  : The file 'C:\Users\33651\Desktop\projet_ajc\dma_vitis\dma\_ide\psinit\ps7_init.tcl' stored in project is removed.
19:52:57 INFO  : The updated ps init files are copied from platform to folder 'C:\Users\33651\Desktop\projet_ajc\dma_vitis\dma\_ide\psinit' in project 'dma'.
19:53:20 INFO  : Result from executing command 'getProjects': dma_test_29;dma_test_32;dma_test_37;dma_test_41;dma_test_46
19:53:20 INFO  : Result from executing command 'getPlatforms': dma_test_29|C:/Users/33651/Desktop/projet_ajc/dma_vitis/dma_test_29/export/dma_test_29/dma_test_29.xpfm;dma_test_2|C:/Users/33651/Desktop/projet_ajc/dma_vitis/dma_test_2/export/dma_test_2/dma_test_2.xpfm;dma_test_32|C:/Users/33651/Desktop/projet_ajc/dma_vitis/dma_test_32/export/dma_test_32/dma_test_32.xpfm;dma_test_37|C:/Users/33651/Desktop/projet_ajc/dma_vitis/dma_test_37/export/dma_test_37/dma_test_37.xpfm;dma_test_41|C:/Users/33651/Desktop/projet_ajc/dma_vitis/dma_test_41/export/dma_test_41/dma_test_41.xpfm;dma_test_46|C:/Users/33651/Desktop/projet_ajc/dma_vitis/dma_test_46/export/dma_test_46/dma_test_46.xpfm;dma_test_6|C:/Users/33651/Desktop/projet_ajc/dma_vitis/dma_test_6/export/dma_test_6/dma_test_6.xpfm;dma_test_8|C:/Users/33651/Desktop/projet_ajc/dma_vitis/dma_test_8/export/dma_test_8/dma_test_8.xpfm
19:53:20 INFO  : Checking for BSP changes to sync application flags for project 'dma'...
19:53:41 INFO  : Disconnected from the channel tcfchan#53.
19:53:42 INFO  : Connected to target on host '127.0.0.1' and port '3121'.
19:53:42 INFO  : Jtag cable 'Digilent Cora Z7 - 7010 210370AD525DA' is selected.
19:53:42 INFO  : 'jtag frequency' command is executed.
19:53:42 INFO  : Context for 'APU' is selected.
19:53:42 INFO  : System reset is completed.
19:53:45 INFO  : 'after 3000' command is executed.
19:53:45 INFO  : 'targets -set -filter {jtag_cable_name =~ "Digilent Cora Z7 - 7010 210370AD525DA" && level==0 && jtag_device_ctx=="jsn-Cora Z7 - 7010-210370AD525DA-13722093-0"}' command is executed.
19:53:47 INFO  : Device configured successfully with "C:/Users/33651/Desktop/projet_ajc/dma_vitis/dma/_ide/bitstream/design_1_wrapper.bit"
19:53:47 INFO  : Context for 'APU' is selected.
19:53:47 INFO  : Hardware design and registers information is loaded from 'C:/Users/33651/Desktop/projet_ajc/dma_vitis/dma_test_46/export/dma_test_46/hw/design_1_wrapper.xsa'.
19:53:47 INFO  : 'configparams force-mem-access 1' command is executed.
19:53:47 INFO  : Context for 'APU' is selected.
19:53:47 INFO  : Sourcing of 'C:/Users/33651/Desktop/projet_ajc/dma_vitis/dma/_ide/psinit/ps7_init.tcl' is done.
19:53:47 INFO  : 'ps7_init' command is executed.
19:53:47 INFO  : 'ps7_post_config' command is executed.
19:53:47 INFO  : Context for processor 'ps7_cortexa9_0' is selected.
19:53:47 INFO  : The application 'C:/Users/33651/Desktop/projet_ajc/dma_vitis/dma/Debug/dma.elf' is downloaded to processor 'ps7_cortexa9_0'.
19:53:47 INFO  : 'configparams force-mem-access 0' command is executed.
19:53:47 INFO  : ----------------XSDB Script----------------
connect -url tcp:127.0.0.1:3121
targets -set -nocase -filter {name =~"APU*"}
rst -system
after 3000
targets -set -filter {jtag_cable_name =~ "Digilent Cora Z7 - 7010 210370AD525DA" && level==0 && jtag_device_ctx=="jsn-Cora Z7 - 7010-210370AD525DA-13722093-0"}
fpga -file C:/Users/33651/Desktop/projet_ajc/dma_vitis/dma/_ide/bitstream/design_1_wrapper.bit
targets -set -nocase -filter {name =~"APU*"}
loadhw -hw C:/Users/33651/Desktop/projet_ajc/dma_vitis/dma_test_46/export/dma_test_46/hw/design_1_wrapper.xsa -mem-ranges [list {0x40000000 0xbfffffff}] -regs
configparams force-mem-access 1
targets -set -nocase -filter {name =~"APU*"}
source C:/Users/33651/Desktop/projet_ajc/dma_vitis/dma/_ide/psinit/ps7_init.tcl
ps7_init
ps7_post_config
targets -set -nocase -filter {name =~ "*A9*#0"}
dow C:/Users/33651/Desktop/projet_ajc/dma_vitis/dma/Debug/dma.elf
configparams force-mem-access 0
----------------End of Script----------------

19:53:47 INFO  : Context for processor 'ps7_cortexa9_0' is selected.
19:53:47 INFO  : 'con' command is executed.
19:53:47 INFO  : ----------------XSDB Script (After Launch)----------------
targets -set -nocase -filter {name =~ "*A9*#0"}
con
----------------End of Script----------------

19:53:47 INFO  : Launch script is exported to file 'C:\Users\33651\Desktop\projet_ajc\dma_vitis\dma_system\_ide\scripts\systemdebugger_dma_system_standalone.tcl'
20:05:42 INFO  : Disconnected from the channel tcfchan#56.
20:05:43 INFO  : Connected to target on host '127.0.0.1' and port '3121'.
20:05:43 INFO  : Jtag cable 'Digilent Cora Z7 - 7010 210370AD525DA' is selected.
20:05:43 INFO  : 'jtag frequency' command is executed.
20:05:43 INFO  : Context for 'APU' is selected.
20:05:43 INFO  : System reset is completed.
20:05:46 INFO  : 'after 3000' command is executed.
20:05:46 INFO  : 'targets -set -filter {jtag_cable_name =~ "Digilent Cora Z7 - 7010 210370AD525DA" && level==0 && jtag_device_ctx=="jsn-Cora Z7 - 7010-210370AD525DA-13722093-0"}' command is executed.
20:05:47 INFO  : Device configured successfully with "C:/Users/33651/Desktop/projet_ajc/dma_vitis/dma/_ide/bitstream/design_1_wrapper.bit"
20:05:47 INFO  : Context for 'APU' is selected.
20:05:47 INFO  : Hardware design and registers information is loaded from 'C:/Users/33651/Desktop/projet_ajc/dma_vitis/dma_test_46/export/dma_test_46/hw/design_1_wrapper.xsa'.
20:05:47 INFO  : 'configparams force-mem-access 1' command is executed.
20:05:47 INFO  : Context for 'APU' is selected.
20:05:47 INFO  : Sourcing of 'C:/Users/33651/Desktop/projet_ajc/dma_vitis/dma/_ide/psinit/ps7_init.tcl' is done.
20:05:48 INFO  : 'ps7_init' command is executed.
20:05:48 INFO  : 'ps7_post_config' command is executed.
20:05:48 INFO  : Context for processor 'ps7_cortexa9_0' is selected.
20:05:48 INFO  : The application 'C:/Users/33651/Desktop/projet_ajc/dma_vitis/dma/Debug/dma.elf' is downloaded to processor 'ps7_cortexa9_0'.
20:05:48 INFO  : 'configparams force-mem-access 0' command is executed.
20:05:48 INFO  : ----------------XSDB Script----------------
connect -url tcp:127.0.0.1:3121
targets -set -nocase -filter {name =~"APU*"}
rst -system
after 3000
targets -set -filter {jtag_cable_name =~ "Digilent Cora Z7 - 7010 210370AD525DA" && level==0 && jtag_device_ctx=="jsn-Cora Z7 - 7010-210370AD525DA-13722093-0"}
fpga -file C:/Users/33651/Desktop/projet_ajc/dma_vitis/dma/_ide/bitstream/design_1_wrapper.bit
targets -set -nocase -filter {name =~"APU*"}
loadhw -hw C:/Users/33651/Desktop/projet_ajc/dma_vitis/dma_test_46/export/dma_test_46/hw/design_1_wrapper.xsa -mem-ranges [list {0x40000000 0xbfffffff}] -regs
configparams force-mem-access 1
targets -set -nocase -filter {name =~"APU*"}
source C:/Users/33651/Desktop/projet_ajc/dma_vitis/dma/_ide/psinit/ps7_init.tcl
ps7_init
ps7_post_config
targets -set -nocase -filter {name =~ "*A9*#0"}
dow C:/Users/33651/Desktop/projet_ajc/dma_vitis/dma/Debug/dma.elf
configparams force-mem-access 0
----------------End of Script----------------

20:05:48 INFO  : Context for processor 'ps7_cortexa9_0' is selected.
20:05:48 INFO  : 'con' command is executed.
20:05:48 INFO  : ----------------XSDB Script (After Launch)----------------
targets -set -nocase -filter {name =~ "*A9*#0"}
con
----------------End of Script----------------

20:05:48 INFO  : Launch script is exported to file 'C:\Users\33651\Desktop\projet_ajc\dma_vitis\dma_system\_ide\scripts\systemdebugger_dma_system_standalone.tcl'
20:35:43 INFO  : Result from executing command 'getProjects': dma_test_29;dma_test_32;dma_test_37;dma_test_41;dma_test_46;dma_test_47
20:35:43 INFO  : Result from executing command 'getPlatforms': dma_test_29|C:/Users/33651/Desktop/projet_ajc/dma_vitis/dma_test_29/export/dma_test_29/dma_test_29.xpfm;dma_test_2|C:/Users/33651/Desktop/projet_ajc/dma_vitis/dma_test_2/export/dma_test_2/dma_test_2.xpfm;dma_test_32|C:/Users/33651/Desktop/projet_ajc/dma_vitis/dma_test_32/export/dma_test_32/dma_test_32.xpfm;dma_test_37|C:/Users/33651/Desktop/projet_ajc/dma_vitis/dma_test_37/export/dma_test_37/dma_test_37.xpfm;dma_test_41|C:/Users/33651/Desktop/projet_ajc/dma_vitis/dma_test_41/export/dma_test_41/dma_test_41.xpfm;dma_test_6|C:/Users/33651/Desktop/projet_ajc/dma_vitis/dma_test_6/export/dma_test_6/dma_test_6.xpfm;dma_test_8|C:/Users/33651/Desktop/projet_ajc/dma_vitis/dma_test_8/export/dma_test_8/dma_test_8.xpfm
20:36:00 INFO  : The hardware specfication used by project 'dma' is out of sync with the platform. Resource files extracted from the hardware specfiication will be updated.
20:36:02 INFO  : The file 'C:\Users\33651\Desktop\projet_ajc\dma_vitis\dma\_ide\bitstream\design_1_wrapper.bit' stored in project is removed.
20:36:02 INFO  : The updated bitstream files are copied from platform to folder 'C:\Users\33651\Desktop\projet_ajc\dma_vitis\dma\_ide\bitstream' in project 'dma'.
20:36:02 INFO  : The file 'C:\Users\33651\Desktop\projet_ajc\dma_vitis\dma\_ide\psinit\ps7_init.tcl' stored in project is removed.
20:36:06 INFO  : The updated ps init files are copied from platform to folder 'C:\Users\33651\Desktop\projet_ajc\dma_vitis\dma\_ide\psinit' in project 'dma'.
20:36:11 ERROR : An unexpected exception occurred in the module 'reading platform'
20:36:34 INFO  : Result from executing command 'getProjects': dma_test_29;dma_test_32;dma_test_37;dma_test_41;dma_test_47
20:36:34 INFO  : Result from executing command 'getPlatforms': dma_test_29|C:/Users/33651/Desktop/projet_ajc/dma_vitis/dma_test_29/export/dma_test_29/dma_test_29.xpfm;dma_test_2|C:/Users/33651/Desktop/projet_ajc/dma_vitis/dma_test_2/export/dma_test_2/dma_test_2.xpfm;dma_test_32|C:/Users/33651/Desktop/projet_ajc/dma_vitis/dma_test_32/export/dma_test_32/dma_test_32.xpfm;dma_test_37|C:/Users/33651/Desktop/projet_ajc/dma_vitis/dma_test_37/export/dma_test_37/dma_test_37.xpfm;dma_test_41|C:/Users/33651/Desktop/projet_ajc/dma_vitis/dma_test_41/export/dma_test_41/dma_test_41.xpfm;dma_test_47|C:/Users/33651/Desktop/projet_ajc/dma_vitis/dma_test_47/export/dma_test_47/dma_test_47.xpfm;dma_test_6|C:/Users/33651/Desktop/projet_ajc/dma_vitis/dma_test_6/export/dma_test_6/dma_test_6.xpfm;dma_test_8|C:/Users/33651/Desktop/projet_ajc/dma_vitis/dma_test_8/export/dma_test_8/dma_test_8.xpfm
20:36:35 INFO  : Checking for BSP changes to sync application flags for project 'dma'...
20:37:29 INFO  : Disconnected from the channel tcfchan#57.
20:37:30 INFO  : Connected to target on host '127.0.0.1' and port '3121'.
20:37:30 INFO  : Jtag cable 'Digilent Cora Z7 - 7010 210370AD525DA' is selected.
20:37:30 INFO  : 'jtag frequency' command is executed.
20:37:30 INFO  : Context for 'APU' is selected.
20:37:30 INFO  : System reset is completed.
20:37:33 INFO  : 'after 3000' command is executed.
20:37:33 INFO  : 'targets -set -filter {jtag_cable_name =~ "Digilent Cora Z7 - 7010 210370AD525DA" && level==0 && jtag_device_ctx=="jsn-Cora Z7 - 7010-210370AD525DA-13722093-0"}' command is executed.
20:37:35 INFO  : Device configured successfully with "C:/Users/33651/Desktop/projet_ajc/dma_vitis/dma/_ide/bitstream/design_1_wrapper.bit"
20:37:35 INFO  : Context for 'APU' is selected.
20:37:35 INFO  : Hardware design and registers information is loaded from 'C:/Users/33651/Desktop/projet_ajc/dma_vitis/dma_test_47/export/dma_test_47/hw/design_1_wrapper.xsa'.
20:37:35 INFO  : 'configparams force-mem-access 1' command is executed.
20:37:35 INFO  : Context for 'APU' is selected.
20:37:35 INFO  : Sourcing of 'C:/Users/33651/Desktop/projet_ajc/dma_vitis/dma/_ide/psinit/ps7_init.tcl' is done.
20:37:35 INFO  : 'ps7_init' command is executed.
20:37:35 INFO  : 'ps7_post_config' command is executed.
20:37:35 INFO  : Context for processor 'ps7_cortexa9_0' is selected.
20:37:35 INFO  : The application 'C:/Users/33651/Desktop/projet_ajc/dma_vitis/dma/Debug/dma.elf' is downloaded to processor 'ps7_cortexa9_0'.
20:37:36 INFO  : 'configparams force-mem-access 0' command is executed.
20:37:36 INFO  : ----------------XSDB Script----------------
connect -url tcp:127.0.0.1:3121
targets -set -nocase -filter {name =~"APU*"}
rst -system
after 3000
targets -set -filter {jtag_cable_name =~ "Digilent Cora Z7 - 7010 210370AD525DA" && level==0 && jtag_device_ctx=="jsn-Cora Z7 - 7010-210370AD525DA-13722093-0"}
fpga -file C:/Users/33651/Desktop/projet_ajc/dma_vitis/dma/_ide/bitstream/design_1_wrapper.bit
targets -set -nocase -filter {name =~"APU*"}
loadhw -hw C:/Users/33651/Desktop/projet_ajc/dma_vitis/dma_test_47/export/dma_test_47/hw/design_1_wrapper.xsa -mem-ranges [list {0x40000000 0xbfffffff}] -regs
configparams force-mem-access 1
targets -set -nocase -filter {name =~"APU*"}
source C:/Users/33651/Desktop/projet_ajc/dma_vitis/dma/_ide/psinit/ps7_init.tcl
ps7_init
ps7_post_config
targets -set -nocase -filter {name =~ "*A9*#0"}
dow C:/Users/33651/Desktop/projet_ajc/dma_vitis/dma/Debug/dma.elf
configparams force-mem-access 0
----------------End of Script----------------

20:37:36 INFO  : Context for processor 'ps7_cortexa9_0' is selected.
20:37:36 INFO  : 'con' command is executed.
20:37:36 INFO  : ----------------XSDB Script (After Launch)----------------
targets -set -nocase -filter {name =~ "*A9*#0"}
con
----------------End of Script----------------

20:37:36 INFO  : Launch script is exported to file 'C:\Users\33651\Desktop\projet_ajc\dma_vitis\dma_system\_ide\scripts\systemdebugger_dma_system_standalone.tcl'
20:41:26 INFO  : Result from executing command 'getProjects': dma_test_29;dma_test_32;dma_test_37;dma_test_41;dma_test_47;dma_test_48
20:41:26 INFO  : Result from executing command 'getPlatforms': dma_test_29|C:/Users/33651/Desktop/projet_ajc/dma_vitis/dma_test_29/export/dma_test_29/dma_test_29.xpfm;dma_test_2|C:/Users/33651/Desktop/projet_ajc/dma_vitis/dma_test_2/export/dma_test_2/dma_test_2.xpfm;dma_test_32|C:/Users/33651/Desktop/projet_ajc/dma_vitis/dma_test_32/export/dma_test_32/dma_test_32.xpfm;dma_test_37|C:/Users/33651/Desktop/projet_ajc/dma_vitis/dma_test_37/export/dma_test_37/dma_test_37.xpfm;dma_test_41|C:/Users/33651/Desktop/projet_ajc/dma_vitis/dma_test_41/export/dma_test_41/dma_test_41.xpfm;dma_test_6|C:/Users/33651/Desktop/projet_ajc/dma_vitis/dma_test_6/export/dma_test_6/dma_test_6.xpfm;dma_test_8|C:/Users/33651/Desktop/projet_ajc/dma_vitis/dma_test_8/export/dma_test_8/dma_test_8.xpfm
20:41:38 INFO  : The hardware specfication used by project 'dma' is out of sync with the platform. Resource files extracted from the hardware specfiication will be updated.
20:41:40 INFO  : The file 'C:\Users\33651\Desktop\projet_ajc\dma_vitis\dma\_ide\bitstream\design_1_wrapper.bit' stored in project is removed.
20:41:40 INFO  : The updated bitstream files are copied from platform to folder 'C:\Users\33651\Desktop\projet_ajc\dma_vitis\dma\_ide\bitstream' in project 'dma'.
20:41:40 INFO  : The file 'C:\Users\33651\Desktop\projet_ajc\dma_vitis\dma\_ide\psinit\ps7_init.tcl' stored in project is removed.
20:41:45 INFO  : The updated ps init files are copied from platform to folder 'C:\Users\33651\Desktop\projet_ajc\dma_vitis\dma\_ide\psinit' in project 'dma'.
20:42:20 INFO  : Result from executing command 'getProjects': dma_test_29;dma_test_32;dma_test_37;dma_test_41;dma_test_47;dma_test_48
20:42:20 INFO  : Result from executing command 'getPlatforms': dma_test_29|C:/Users/33651/Desktop/projet_ajc/dma_vitis/dma_test_29/export/dma_test_29/dma_test_29.xpfm;dma_test_2|C:/Users/33651/Desktop/projet_ajc/dma_vitis/dma_test_2/export/dma_test_2/dma_test_2.xpfm;dma_test_32|C:/Users/33651/Desktop/projet_ajc/dma_vitis/dma_test_32/export/dma_test_32/dma_test_32.xpfm;dma_test_37|C:/Users/33651/Desktop/projet_ajc/dma_vitis/dma_test_37/export/dma_test_37/dma_test_37.xpfm;dma_test_41|C:/Users/33651/Desktop/projet_ajc/dma_vitis/dma_test_41/export/dma_test_41/dma_test_41.xpfm;dma_test_47|C:/Users/33651/Desktop/projet_ajc/dma_vitis/dma_test_47/export/dma_test_47/dma_test_47.xpfm;dma_test_48|C:/Users/33651/Desktop/projet_ajc/dma_vitis/dma_test_48/export/dma_test_48/dma_test_48.xpfm;dma_test_6|C:/Users/33651/Desktop/projet_ajc/dma_vitis/dma_test_6/export/dma_test_6/dma_test_6.xpfm;dma_test_8|C:/Users/33651/Desktop/projet_ajc/dma_vitis/dma_test_8/export/dma_test_8/dma_test_8.xpfm
20:42:20 INFO  : Checking for BSP changes to sync application flags for project 'dma'...
20:42:36 INFO  : Disconnected from the channel tcfchan#60.
20:42:36 INFO  : Connected to target on host '127.0.0.1' and port '3121'.
20:42:37 INFO  : Jtag cable 'Digilent Cora Z7 - 7010 210370AD525DA' is selected.
20:42:37 INFO  : 'jtag frequency' command is executed.
20:42:37 INFO  : Context for 'APU' is selected.
20:42:37 INFO  : System reset is completed.
20:42:40 INFO  : 'after 3000' command is executed.
20:42:40 INFO  : 'targets -set -filter {jtag_cable_name =~ "Digilent Cora Z7 - 7010 210370AD525DA" && level==0 && jtag_device_ctx=="jsn-Cora Z7 - 7010-210370AD525DA-13722093-0"}' command is executed.
20:42:41 INFO  : Device configured successfully with "C:/Users/33651/Desktop/projet_ajc/dma_vitis/dma/_ide/bitstream/design_1_wrapper.bit"
20:42:41 INFO  : Context for 'APU' is selected.
20:42:41 INFO  : Hardware design and registers information is loaded from 'C:/Users/33651/Desktop/projet_ajc/dma_vitis/dma_test_48/export/dma_test_48/hw/design_1_wrapper.xsa'.
20:42:41 INFO  : 'configparams force-mem-access 1' command is executed.
20:42:41 INFO  : Context for 'APU' is selected.
20:42:41 INFO  : Sourcing of 'C:/Users/33651/Desktop/projet_ajc/dma_vitis/dma/_ide/psinit/ps7_init.tcl' is done.
20:42:41 INFO  : 'ps7_init' command is executed.
20:42:41 INFO  : 'ps7_post_config' command is executed.
20:42:41 INFO  : Context for processor 'ps7_cortexa9_0' is selected.
20:42:42 INFO  : The application 'C:/Users/33651/Desktop/projet_ajc/dma_vitis/dma/Debug/dma.elf' is downloaded to processor 'ps7_cortexa9_0'.
20:42:42 INFO  : 'configparams force-mem-access 0' command is executed.
20:42:42 INFO  : ----------------XSDB Script----------------
connect -url tcp:127.0.0.1:3121
targets -set -nocase -filter {name =~"APU*"}
rst -system
after 3000
targets -set -filter {jtag_cable_name =~ "Digilent Cora Z7 - 7010 210370AD525DA" && level==0 && jtag_device_ctx=="jsn-Cora Z7 - 7010-210370AD525DA-13722093-0"}
fpga -file C:/Users/33651/Desktop/projet_ajc/dma_vitis/dma/_ide/bitstream/design_1_wrapper.bit
targets -set -nocase -filter {name =~"APU*"}
loadhw -hw C:/Users/33651/Desktop/projet_ajc/dma_vitis/dma_test_48/export/dma_test_48/hw/design_1_wrapper.xsa -mem-ranges [list {0x40000000 0xbfffffff}] -regs
configparams force-mem-access 1
targets -set -nocase -filter {name =~"APU*"}
source C:/Users/33651/Desktop/projet_ajc/dma_vitis/dma/_ide/psinit/ps7_init.tcl
ps7_init
ps7_post_config
targets -set -nocase -filter {name =~ "*A9*#0"}
dow C:/Users/33651/Desktop/projet_ajc/dma_vitis/dma/Debug/dma.elf
configparams force-mem-access 0
----------------End of Script----------------

20:42:42 INFO  : Context for processor 'ps7_cortexa9_0' is selected.
20:42:42 INFO  : 'con' command is executed.
20:42:42 INFO  : ----------------XSDB Script (After Launch)----------------
targets -set -nocase -filter {name =~ "*A9*#0"}
con
----------------End of Script----------------

20:42:42 INFO  : Launch script is exported to file 'C:\Users\33651\Desktop\projet_ajc\dma_vitis\dma_system\_ide\scripts\systemdebugger_dma_system_standalone.tcl'
20:52:08 INFO  : Result from executing command 'getProjects': dma_test_29;dma_test_32;dma_test_37;dma_test_41;dma_test_47;dma_test_48;dma_test_49
20:52:08 INFO  : Result from executing command 'getPlatforms': dma_test_29|C:/Users/33651/Desktop/projet_ajc/dma_vitis/dma_test_29/export/dma_test_29/dma_test_29.xpfm;dma_test_2|C:/Users/33651/Desktop/projet_ajc/dma_vitis/dma_test_2/export/dma_test_2/dma_test_2.xpfm;dma_test_32|C:/Users/33651/Desktop/projet_ajc/dma_vitis/dma_test_32/export/dma_test_32/dma_test_32.xpfm;dma_test_37|C:/Users/33651/Desktop/projet_ajc/dma_vitis/dma_test_37/export/dma_test_37/dma_test_37.xpfm;dma_test_41|C:/Users/33651/Desktop/projet_ajc/dma_vitis/dma_test_41/export/dma_test_41/dma_test_41.xpfm;dma_test_47|C:/Users/33651/Desktop/projet_ajc/dma_vitis/dma_test_47/export/dma_test_47/dma_test_47.xpfm;dma_test_48|C:/Users/33651/Desktop/projet_ajc/dma_vitis/dma_test_48/export/dma_test_48/dma_test_48.xpfm;dma_test_6|C:/Users/33651/Desktop/projet_ajc/dma_vitis/dma_test_6/export/dma_test_6/dma_test_6.xpfm;dma_test_8|C:/Users/33651/Desktop/projet_ajc/dma_vitis/dma_test_8/export/dma_test_8/dma_test_8.xpfm
20:52:19 INFO  : The hardware specfication used by project 'dma' is out of sync with the platform. Resource files extracted from the hardware specfiication will be updated.
20:52:21 INFO  : The file 'C:\Users\33651\Desktop\projet_ajc\dma_vitis\dma\_ide\bitstream\design_1_wrapper.bit' stored in project is removed.
20:52:21 INFO  : The updated bitstream files are copied from platform to folder 'C:\Users\33651\Desktop\projet_ajc\dma_vitis\dma\_ide\bitstream' in project 'dma'.
20:52:21 INFO  : The file 'C:\Users\33651\Desktop\projet_ajc\dma_vitis\dma\_ide\psinit\ps7_init.tcl' stored in project is removed.
20:52:25 INFO  : The updated ps init files are copied from platform to folder 'C:\Users\33651\Desktop\projet_ajc\dma_vitis\dma\_ide\psinit' in project 'dma'.
20:52:48 INFO  : Result from executing command 'getProjects': dma_test_29;dma_test_32;dma_test_37;dma_test_41;dma_test_47;dma_test_48;dma_test_49
20:52:48 INFO  : Result from executing command 'getPlatforms': dma_test_29|C:/Users/33651/Desktop/projet_ajc/dma_vitis/dma_test_29/export/dma_test_29/dma_test_29.xpfm;dma_test_2|C:/Users/33651/Desktop/projet_ajc/dma_vitis/dma_test_2/export/dma_test_2/dma_test_2.xpfm;dma_test_32|C:/Users/33651/Desktop/projet_ajc/dma_vitis/dma_test_32/export/dma_test_32/dma_test_32.xpfm;dma_test_37|C:/Users/33651/Desktop/projet_ajc/dma_vitis/dma_test_37/export/dma_test_37/dma_test_37.xpfm;dma_test_41|C:/Users/33651/Desktop/projet_ajc/dma_vitis/dma_test_41/export/dma_test_41/dma_test_41.xpfm;dma_test_47|C:/Users/33651/Desktop/projet_ajc/dma_vitis/dma_test_47/export/dma_test_47/dma_test_47.xpfm;dma_test_48|C:/Users/33651/Desktop/projet_ajc/dma_vitis/dma_test_48/export/dma_test_48/dma_test_48.xpfm;dma_test_49|C:/Users/33651/Desktop/projet_ajc/dma_vitis/dma_test_49/export/dma_test_49/dma_test_49.xpfm;dma_test_6|C:/Users/33651/Desktop/projet_ajc/dma_vitis/dma_test_6/export/dma_test_6/dma_test_6.xpfm;dma_test_8|C:/Users/33651/Desktop/projet_ajc/dma_vitis/dma_test_8/export/dma_test_8/dma_test_8.xpfm
20:52:48 INFO  : Checking for BSP changes to sync application flags for project 'dma'...
20:52:58 INFO  : Disconnected from the channel tcfchan#63.
20:52:58 INFO  : Connected to target on host '127.0.0.1' and port '3121'.
20:52:59 INFO  : Jtag cable 'Digilent Cora Z7 - 7010 210370AD525DA' is selected.
20:52:59 INFO  : 'jtag frequency' command is executed.
20:52:59 INFO  : Context for 'APU' is selected.
20:52:59 INFO  : System reset is completed.
20:53:02 INFO  : 'after 3000' command is executed.
20:53:02 INFO  : 'targets -set -filter {jtag_cable_name =~ "Digilent Cora Z7 - 7010 210370AD525DA" && level==0 && jtag_device_ctx=="jsn-Cora Z7 - 7010-210370AD525DA-13722093-0"}' command is executed.
20:53:03 INFO  : Device configured successfully with "C:/Users/33651/Desktop/projet_ajc/dma_vitis/dma/_ide/bitstream/design_1_wrapper.bit"
20:53:03 INFO  : Context for 'APU' is selected.
20:53:03 INFO  : Hardware design and registers information is loaded from 'C:/Users/33651/Desktop/projet_ajc/dma_vitis/dma_test_49/export/dma_test_49/hw/design_1_wrapper.xsa'.
20:53:03 INFO  : 'configparams force-mem-access 1' command is executed.
20:53:03 INFO  : Context for 'APU' is selected.
20:53:03 INFO  : Sourcing of 'C:/Users/33651/Desktop/projet_ajc/dma_vitis/dma/_ide/psinit/ps7_init.tcl' is done.
20:53:04 INFO  : 'ps7_init' command is executed.
20:53:04 INFO  : 'ps7_post_config' command is executed.
20:53:04 INFO  : Context for processor 'ps7_cortexa9_0' is selected.
20:53:04 INFO  : The application 'C:/Users/33651/Desktop/projet_ajc/dma_vitis/dma/Debug/dma.elf' is downloaded to processor 'ps7_cortexa9_0'.
20:53:04 INFO  : 'configparams force-mem-access 0' command is executed.
20:53:04 INFO  : ----------------XSDB Script----------------
connect -url tcp:127.0.0.1:3121
targets -set -nocase -filter {name =~"APU*"}
rst -system
after 3000
targets -set -filter {jtag_cable_name =~ "Digilent Cora Z7 - 7010 210370AD525DA" && level==0 && jtag_device_ctx=="jsn-Cora Z7 - 7010-210370AD525DA-13722093-0"}
fpga -file C:/Users/33651/Desktop/projet_ajc/dma_vitis/dma/_ide/bitstream/design_1_wrapper.bit
targets -set -nocase -filter {name =~"APU*"}
loadhw -hw C:/Users/33651/Desktop/projet_ajc/dma_vitis/dma_test_49/export/dma_test_49/hw/design_1_wrapper.xsa -mem-ranges [list {0x40000000 0xbfffffff}] -regs
configparams force-mem-access 1
targets -set -nocase -filter {name =~"APU*"}
source C:/Users/33651/Desktop/projet_ajc/dma_vitis/dma/_ide/psinit/ps7_init.tcl
ps7_init
ps7_post_config
targets -set -nocase -filter {name =~ "*A9*#0"}
dow C:/Users/33651/Desktop/projet_ajc/dma_vitis/dma/Debug/dma.elf
configparams force-mem-access 0
----------------End of Script----------------

20:53:04 INFO  : Context for processor 'ps7_cortexa9_0' is selected.
20:53:04 INFO  : 'con' command is executed.
20:53:04 INFO  : ----------------XSDB Script (After Launch)----------------
targets -set -nocase -filter {name =~ "*A9*#0"}
con
----------------End of Script----------------

20:53:04 INFO  : Launch script is exported to file 'C:\Users\33651\Desktop\projet_ajc\dma_vitis\dma_system\_ide\scripts\systemdebugger_dma_system_standalone.tcl'
22:40:52 INFO  : Result from executing command 'getProjects': dma_test_29;dma_test_32;dma_test_37;dma_test_41;dma_test_47;dma_test_48;dma_test_49;dma_test_50
22:40:52 INFO  : Result from executing command 'getPlatforms': dma_test_29|C:/Users/33651/Desktop/projet_ajc/dma_vitis/dma_test_29/export/dma_test_29/dma_test_29.xpfm;dma_test_2|C:/Users/33651/Desktop/projet_ajc/dma_vitis/dma_test_2/export/dma_test_2/dma_test_2.xpfm;dma_test_32|C:/Users/33651/Desktop/projet_ajc/dma_vitis/dma_test_32/export/dma_test_32/dma_test_32.xpfm;dma_test_37|C:/Users/33651/Desktop/projet_ajc/dma_vitis/dma_test_37/export/dma_test_37/dma_test_37.xpfm;dma_test_41|C:/Users/33651/Desktop/projet_ajc/dma_vitis/dma_test_41/export/dma_test_41/dma_test_41.xpfm;dma_test_47|C:/Users/33651/Desktop/projet_ajc/dma_vitis/dma_test_47/export/dma_test_47/dma_test_47.xpfm;dma_test_48|C:/Users/33651/Desktop/projet_ajc/dma_vitis/dma_test_48/export/dma_test_48/dma_test_48.xpfm;dma_test_6|C:/Users/33651/Desktop/projet_ajc/dma_vitis/dma_test_6/export/dma_test_6/dma_test_6.xpfm;dma_test_8|C:/Users/33651/Desktop/projet_ajc/dma_vitis/dma_test_8/export/dma_test_8/dma_test_8.xpfm
22:41:03 INFO  : The hardware specfication used by project 'dma' is out of sync with the platform. Resource files extracted from the hardware specfiication will be updated.
22:41:06 INFO  : The file 'C:\Users\33651\Desktop\projet_ajc\dma_vitis\dma\_ide\bitstream\design_1_wrapper.bit' stored in project is removed.
22:41:06 INFO  : The updated bitstream files are copied from platform to folder 'C:\Users\33651\Desktop\projet_ajc\dma_vitis\dma\_ide\bitstream' in project 'dma'.
22:41:06 INFO  : The file 'C:\Users\33651\Desktop\projet_ajc\dma_vitis\dma\_ide\psinit\ps7_init.tcl' stored in project is removed.
22:41:11 INFO  : The updated ps init files are copied from platform to folder 'C:\Users\33651\Desktop\projet_ajc\dma_vitis\dma\_ide\psinit' in project 'dma'.
22:41:46 INFO  : Result from executing command 'getProjects': dma_test_29;dma_test_32;dma_test_37;dma_test_41;dma_test_47;dma_test_48;dma_test_49;dma_test_50
22:41:46 INFO  : Result from executing command 'getPlatforms': dma_test_29|C:/Users/33651/Desktop/projet_ajc/dma_vitis/dma_test_29/export/dma_test_29/dma_test_29.xpfm;dma_test_2|C:/Users/33651/Desktop/projet_ajc/dma_vitis/dma_test_2/export/dma_test_2/dma_test_2.xpfm;dma_test_32|C:/Users/33651/Desktop/projet_ajc/dma_vitis/dma_test_32/export/dma_test_32/dma_test_32.xpfm;dma_test_37|C:/Users/33651/Desktop/projet_ajc/dma_vitis/dma_test_37/export/dma_test_37/dma_test_37.xpfm;dma_test_41|C:/Users/33651/Desktop/projet_ajc/dma_vitis/dma_test_41/export/dma_test_41/dma_test_41.xpfm;dma_test_47|C:/Users/33651/Desktop/projet_ajc/dma_vitis/dma_test_47/export/dma_test_47/dma_test_47.xpfm;dma_test_48|C:/Users/33651/Desktop/projet_ajc/dma_vitis/dma_test_48/export/dma_test_48/dma_test_48.xpfm;dma_test_49|C:/Users/33651/Desktop/projet_ajc/dma_vitis/dma_test_49/export/dma_test_49/dma_test_49.xpfm;dma_test_50|C:/Users/33651/Desktop/projet_ajc/dma_vitis/dma_test_50/export/dma_test_50/dma_test_50.xpfm;dma_test_6|C:/Users/33651/Desktop/projet_ajc/dma_vitis/dma_test_6/export/dma_test_6/dma_test_6.xpfm;dma_test_8|C:/Users/33651/Desktop/projet_ajc/dma_vitis/dma_test_8/export/dma_test_8/dma_test_8.xpfm
22:41:47 INFO  : Checking for BSP changes to sync application flags for project 'dma'...
22:42:34 INFO  : Disconnected from the channel tcfchan#66.
22:42:34 INFO  : Connected to target on host '127.0.0.1' and port '3121'.
22:42:35 INFO  : Jtag cable 'Digilent Cora Z7 - 7010 210370AD525DA' is selected.
22:42:35 INFO  : 'jtag frequency' command is executed.
22:42:35 INFO  : Context for 'APU' is selected.
22:42:35 INFO  : System reset is completed.
22:42:38 INFO  : 'after 3000' command is executed.
22:42:38 INFO  : 'targets -set -filter {jtag_cable_name =~ "Digilent Cora Z7 - 7010 210370AD525DA" && level==0 && jtag_device_ctx=="jsn-Cora Z7 - 7010-210370AD525DA-13722093-0"}' command is executed.
22:42:39 INFO  : Device configured successfully with "C:/Users/33651/Desktop/projet_ajc/dma_vitis/dma/_ide/bitstream/design_1_wrapper.bit"
22:42:39 INFO  : Context for 'APU' is selected.
22:42:39 INFO  : Hardware design and registers information is loaded from 'C:/Users/33651/Desktop/projet_ajc/dma_vitis/dma_test_50/export/dma_test_50/hw/design_1_wrapper.xsa'.
22:42:39 INFO  : 'configparams force-mem-access 1' command is executed.
22:42:39 INFO  : Context for 'APU' is selected.
22:42:39 INFO  : Sourcing of 'C:/Users/33651/Desktop/projet_ajc/dma_vitis/dma/_ide/psinit/ps7_init.tcl' is done.
22:42:40 INFO  : 'ps7_init' command is executed.
22:42:40 INFO  : 'ps7_post_config' command is executed.
22:42:40 INFO  : Context for processor 'ps7_cortexa9_0' is selected.
22:42:40 INFO  : The application 'C:/Users/33651/Desktop/projet_ajc/dma_vitis/dma/Debug/dma.elf' is downloaded to processor 'ps7_cortexa9_0'.
22:42:40 INFO  : 'configparams force-mem-access 0' command is executed.
22:42:40 INFO  : ----------------XSDB Script----------------
connect -url tcp:127.0.0.1:3121
targets -set -nocase -filter {name =~"APU*"}
rst -system
after 3000
targets -set -filter {jtag_cable_name =~ "Digilent Cora Z7 - 7010 210370AD525DA" && level==0 && jtag_device_ctx=="jsn-Cora Z7 - 7010-210370AD525DA-13722093-0"}
fpga -file C:/Users/33651/Desktop/projet_ajc/dma_vitis/dma/_ide/bitstream/design_1_wrapper.bit
targets -set -nocase -filter {name =~"APU*"}
loadhw -hw C:/Users/33651/Desktop/projet_ajc/dma_vitis/dma_test_50/export/dma_test_50/hw/design_1_wrapper.xsa -mem-ranges [list {0x40000000 0xbfffffff}] -regs
configparams force-mem-access 1
targets -set -nocase -filter {name =~"APU*"}
source C:/Users/33651/Desktop/projet_ajc/dma_vitis/dma/_ide/psinit/ps7_init.tcl
ps7_init
ps7_post_config
targets -set -nocase -filter {name =~ "*A9*#0"}
dow C:/Users/33651/Desktop/projet_ajc/dma_vitis/dma/Debug/dma.elf
configparams force-mem-access 0
----------------End of Script----------------

22:42:40 INFO  : Context for processor 'ps7_cortexa9_0' is selected.
22:42:40 INFO  : 'con' command is executed.
22:42:40 INFO  : ----------------XSDB Script (After Launch)----------------
targets -set -nocase -filter {name =~ "*A9*#0"}
con
----------------End of Script----------------

22:42:40 INFO  : Launch script is exported to file 'C:\Users\33651\Desktop\projet_ajc\dma_vitis\dma_system\_ide\scripts\systemdebugger_dma_system_standalone.tcl'
22:58:54 INFO  : Result from executing command 'getProjects': dma_test_29;dma_test_32;dma_test_37;dma_test_41;dma_test_47;dma_test_48;dma_test_49;dma_test_50;dma_test_51
22:58:54 INFO  : Result from executing command 'getPlatforms': dma_test_29|C:/Users/33651/Desktop/projet_ajc/dma_vitis/dma_test_29/export/dma_test_29/dma_test_29.xpfm;dma_test_2|C:/Users/33651/Desktop/projet_ajc/dma_vitis/dma_test_2/export/dma_test_2/dma_test_2.xpfm;dma_test_32|C:/Users/33651/Desktop/projet_ajc/dma_vitis/dma_test_32/export/dma_test_32/dma_test_32.xpfm;dma_test_37|C:/Users/33651/Desktop/projet_ajc/dma_vitis/dma_test_37/export/dma_test_37/dma_test_37.xpfm;dma_test_41|C:/Users/33651/Desktop/projet_ajc/dma_vitis/dma_test_41/export/dma_test_41/dma_test_41.xpfm;dma_test_47|C:/Users/33651/Desktop/projet_ajc/dma_vitis/dma_test_47/export/dma_test_47/dma_test_47.xpfm;dma_test_48|C:/Users/33651/Desktop/projet_ajc/dma_vitis/dma_test_48/export/dma_test_48/dma_test_48.xpfm;dma_test_49|C:/Users/33651/Desktop/projet_ajc/dma_vitis/dma_test_49/export/dma_test_49/dma_test_49.xpfm;dma_test_6|C:/Users/33651/Desktop/projet_ajc/dma_vitis/dma_test_6/export/dma_test_6/dma_test_6.xpfm;dma_test_8|C:/Users/33651/Desktop/projet_ajc/dma_vitis/dma_test_8/export/dma_test_8/dma_test_8.xpfm
22:59:19 INFO  : The hardware specfication used by project 'dma' is out of sync with the platform. Resource files extracted from the hardware specfiication will be updated.
22:59:22 INFO  : The file 'C:\Users\33651\Desktop\projet_ajc\dma_vitis\dma\_ide\bitstream\design_1_wrapper.bit' stored in project is removed.
22:59:22 INFO  : The updated bitstream files are copied from platform to folder 'C:\Users\33651\Desktop\projet_ajc\dma_vitis\dma\_ide\bitstream' in project 'dma'.
22:59:22 INFO  : The file 'C:\Users\33651\Desktop\projet_ajc\dma_vitis\dma\_ide\psinit\ps7_init.tcl' stored in project is removed.
22:59:30 INFO  : The updated ps init files are copied from platform to folder 'C:\Users\33651\Desktop\projet_ajc\dma_vitis\dma\_ide\psinit' in project 'dma'.
23:00:35 INFO  : Result from executing command 'getProjects': dma_test_29;dma_test_32;dma_test_37;dma_test_41;dma_test_47;dma_test_48;dma_test_49;dma_test_50;dma_test_51
23:00:35 INFO  : Result from executing command 'getPlatforms': dma_test_29|C:/Users/33651/Desktop/projet_ajc/dma_vitis/dma_test_29/export/dma_test_29/dma_test_29.xpfm;dma_test_2|C:/Users/33651/Desktop/projet_ajc/dma_vitis/dma_test_2/export/dma_test_2/dma_test_2.xpfm;dma_test_32|C:/Users/33651/Desktop/projet_ajc/dma_vitis/dma_test_32/export/dma_test_32/dma_test_32.xpfm;dma_test_37|C:/Users/33651/Desktop/projet_ajc/dma_vitis/dma_test_37/export/dma_test_37/dma_test_37.xpfm;dma_test_41|C:/Users/33651/Desktop/projet_ajc/dma_vitis/dma_test_41/export/dma_test_41/dma_test_41.xpfm;dma_test_47|C:/Users/33651/Desktop/projet_ajc/dma_vitis/dma_test_47/export/dma_test_47/dma_test_47.xpfm;dma_test_48|C:/Users/33651/Desktop/projet_ajc/dma_vitis/dma_test_48/export/dma_test_48/dma_test_48.xpfm;dma_test_49|C:/Users/33651/Desktop/projet_ajc/dma_vitis/dma_test_49/export/dma_test_49/dma_test_49.xpfm;dma_test_50|C:/Users/33651/Desktop/projet_ajc/dma_vitis/dma_test_50/export/dma_test_50/dma_test_50.xpfm;dma_test_51|C:/Users/33651/Desktop/projet_ajc/dma_vitis/dma_test_51/export/dma_test_51/dma_test_51.xpfm;dma_test_6|C:/Users/33651/Desktop/projet_ajc/dma_vitis/dma_test_6/export/dma_test_6/dma_test_6.xpfm;dma_test_8|C:/Users/33651/Desktop/projet_ajc/dma_vitis/dma_test_8/export/dma_test_8/dma_test_8.xpfm
23:00:36 INFO  : Checking for BSP changes to sync application flags for project 'dma'...
23:00:36 INFO  : Updating application flags with new BSP settings...
23:00:36 INFO  : Successfully updated application flags for project dma.
23:00:49 ERROR : An unexpected exception occurred in the module 'reading platform'
23:01:42 INFO  : Checking for BSP changes to sync application flags for project 'dma'...
23:04:11 INFO  : Checking for BSP changes to sync application flags for project 'dma'...
23:05:43 INFO  : Result from executing command 'getProjects': dma_test_29;dma_test_32;dma_test_37;dma_test_41;dma_test_47;dma_test_48;dma_test_49;dma_test_51
23:05:43 INFO  : Result from executing command 'getPlatforms': dma_test_29|C:/Users/33651/Desktop/projet_ajc/dma_vitis/dma_test_29/export/dma_test_29/dma_test_29.xpfm;dma_test_2|C:/Users/33651/Desktop/projet_ajc/dma_vitis/dma_test_2/export/dma_test_2/dma_test_2.xpfm;dma_test_32|C:/Users/33651/Desktop/projet_ajc/dma_vitis/dma_test_32/export/dma_test_32/dma_test_32.xpfm;dma_test_37|C:/Users/33651/Desktop/projet_ajc/dma_vitis/dma_test_37/export/dma_test_37/dma_test_37.xpfm;dma_test_41|C:/Users/33651/Desktop/projet_ajc/dma_vitis/dma_test_41/export/dma_test_41/dma_test_41.xpfm;dma_test_47|C:/Users/33651/Desktop/projet_ajc/dma_vitis/dma_test_47/export/dma_test_47/dma_test_47.xpfm;dma_test_48|C:/Users/33651/Desktop/projet_ajc/dma_vitis/dma_test_48/export/dma_test_48/dma_test_48.xpfm;dma_test_49|C:/Users/33651/Desktop/projet_ajc/dma_vitis/dma_test_49/export/dma_test_49/dma_test_49.xpfm;dma_test_51|C:/Users/33651/Desktop/projet_ajc/dma_vitis/dma_test_51/export/dma_test_51/dma_test_51.xpfm;dma_test_6|C:/Users/33651/Desktop/projet_ajc/dma_vitis/dma_test_6/export/dma_test_6/dma_test_6.xpfm;dma_test_8|C:/Users/33651/Desktop/projet_ajc/dma_vitis/dma_test_8/export/dma_test_8/dma_test_8.xpfm
23:05:44 INFO  : Checking for BSP changes to sync application flags for project 'dma'...
23:07:55 INFO  : Checking for BSP changes to sync application flags for project 'dma'...
23:08:12 INFO  : Checking for BSP changes to sync application flags for project 'dma'...
23:08:35 INFO  : Disconnected from the channel tcfchan#69.
23:08:37 INFO  : Connected to target on host '127.0.0.1' and port '3121'.
23:08:37 INFO  : Jtag cable 'Digilent Cora Z7 - 7010 210370AD525DA' is selected.
23:08:37 INFO  : 'jtag frequency' command is executed.
23:08:37 INFO  : Context for 'APU' is selected.
23:08:37 INFO  : System reset is completed.
23:08:40 INFO  : 'after 3000' command is executed.
23:08:40 INFO  : 'targets -set -filter {jtag_cable_name =~ "Digilent Cora Z7 - 7010 210370AD525DA" && level==0 && jtag_device_ctx=="jsn-Cora Z7 - 7010-210370AD525DA-13722093-0"}' command is executed.
23:08:42 INFO  : Device configured successfully with "C:/Users/33651/Desktop/projet_ajc/dma_vitis/dma/_ide/bitstream/design_1_wrapper.bit"
23:08:42 INFO  : Context for 'APU' is selected.
23:08:42 INFO  : Hardware design and registers information is loaded from 'C:/Users/33651/Desktop/projet_ajc/dma_vitis/dma_test_51/export/dma_test_51/hw/design_1_wrapper.xsa'.
23:08:42 INFO  : 'configparams force-mem-access 1' command is executed.
23:08:42 INFO  : Context for 'APU' is selected.
23:08:42 INFO  : Sourcing of 'C:/Users/33651/Desktop/projet_ajc/dma_vitis/dma/_ide/psinit/ps7_init.tcl' is done.
23:08:42 INFO  : 'ps7_init' command is executed.
23:08:42 INFO  : 'ps7_post_config' command is executed.
23:08:43 INFO  : Context for processor 'ps7_cortexa9_0' is selected.
23:08:43 INFO  : The application 'C:/Users/33651/Desktop/projet_ajc/dma_vitis/dma/Debug/dma.elf' is downloaded to processor 'ps7_cortexa9_0'.
23:08:43 INFO  : 'configparams force-mem-access 0' command is executed.
23:08:43 INFO  : ----------------XSDB Script----------------
connect -url tcp:127.0.0.1:3121
targets -set -nocase -filter {name =~"APU*"}
rst -system
after 3000
targets -set -filter {jtag_cable_name =~ "Digilent Cora Z7 - 7010 210370AD525DA" && level==0 && jtag_device_ctx=="jsn-Cora Z7 - 7010-210370AD525DA-13722093-0"}
fpga -file C:/Users/33651/Desktop/projet_ajc/dma_vitis/dma/_ide/bitstream/design_1_wrapper.bit
targets -set -nocase -filter {name =~"APU*"}
loadhw -hw C:/Users/33651/Desktop/projet_ajc/dma_vitis/dma_test_51/export/dma_test_51/hw/design_1_wrapper.xsa -mem-ranges [list {0x40000000 0xbfffffff}] -regs
configparams force-mem-access 1
targets -set -nocase -filter {name =~"APU*"}
source C:/Users/33651/Desktop/projet_ajc/dma_vitis/dma/_ide/psinit/ps7_init.tcl
ps7_init
ps7_post_config
targets -set -nocase -filter {name =~ "*A9*#0"}
dow C:/Users/33651/Desktop/projet_ajc/dma_vitis/dma/Debug/dma.elf
configparams force-mem-access 0
----------------End of Script----------------

23:08:43 INFO  : Context for processor 'ps7_cortexa9_0' is selected.
23:08:43 INFO  : 'con' command is executed.
23:08:43 INFO  : ----------------XSDB Script (After Launch)----------------
targets -set -nocase -filter {name =~ "*A9*#0"}
con
----------------End of Script----------------

23:08:43 INFO  : Launch script is exported to file 'C:\Users\33651\Desktop\projet_ajc\dma_vitis\dma_system\_ide\scripts\systemdebugger_dma_system_standalone.tcl'
23:10:05 INFO  : Disconnected from the channel tcfchan#79.
23:10:06 INFO  : Connected to target on host '127.0.0.1' and port '3121'.
23:10:07 INFO  : Jtag cable 'Digilent Cora Z7 - 7010 210370AD525DA' is selected.
23:10:07 INFO  : 'jtag frequency' command is executed.
23:10:07 INFO  : Context for 'APU' is selected.
23:10:07 INFO  : System reset is completed.
23:10:10 INFO  : 'after 3000' command is executed.
23:10:10 INFO  : 'targets -set -filter {jtag_cable_name =~ "Digilent Cora Z7 - 7010 210370AD525DA" && level==0 && jtag_device_ctx=="jsn-Cora Z7 - 7010-210370AD525DA-13722093-0"}' command is executed.
23:10:11 INFO  : Device configured successfully with "C:/Users/33651/Desktop/projet_ajc/dma_vitis/dma/_ide/bitstream/design_1_wrapper.bit"
23:10:12 INFO  : Context for 'APU' is selected.
23:10:12 INFO  : Hardware design and registers information is loaded from 'C:/Users/33651/Desktop/projet_ajc/dma_vitis/dma_test_51/export/dma_test_51/hw/design_1_wrapper.xsa'.
23:10:12 INFO  : 'configparams force-mem-access 1' command is executed.
23:10:12 INFO  : Context for 'APU' is selected.
23:10:12 INFO  : Sourcing of 'C:/Users/33651/Desktop/projet_ajc/dma_vitis/dma/_ide/psinit/ps7_init.tcl' is done.
23:10:12 INFO  : 'ps7_init' command is executed.
23:10:12 INFO  : 'ps7_post_config' command is executed.
23:10:12 INFO  : Context for processor 'ps7_cortexa9_0' is selected.
23:10:12 INFO  : The application 'C:/Users/33651/Desktop/projet_ajc/dma_vitis/dma/Debug/dma.elf' is downloaded to processor 'ps7_cortexa9_0'.
23:10:12 INFO  : 'configparams force-mem-access 0' command is executed.
23:10:12 INFO  : ----------------XSDB Script----------------
connect -url tcp:127.0.0.1:3121
targets -set -nocase -filter {name =~"APU*"}
rst -system
after 3000
targets -set -filter {jtag_cable_name =~ "Digilent Cora Z7 - 7010 210370AD525DA" && level==0 && jtag_device_ctx=="jsn-Cora Z7 - 7010-210370AD525DA-13722093-0"}
fpga -file C:/Users/33651/Desktop/projet_ajc/dma_vitis/dma/_ide/bitstream/design_1_wrapper.bit
targets -set -nocase -filter {name =~"APU*"}
loadhw -hw C:/Users/33651/Desktop/projet_ajc/dma_vitis/dma_test_51/export/dma_test_51/hw/design_1_wrapper.xsa -mem-ranges [list {0x40000000 0xbfffffff}] -regs
configparams force-mem-access 1
targets -set -nocase -filter {name =~"APU*"}
source C:/Users/33651/Desktop/projet_ajc/dma_vitis/dma/_ide/psinit/ps7_init.tcl
ps7_init
ps7_post_config
targets -set -nocase -filter {name =~ "*A9*#0"}
dow C:/Users/33651/Desktop/projet_ajc/dma_vitis/dma/Debug/dma.elf
configparams force-mem-access 0
----------------End of Script----------------

23:10:13 INFO  : Context for processor 'ps7_cortexa9_0' is selected.
23:10:13 INFO  : 'con' command is executed.
23:10:13 INFO  : ----------------XSDB Script (After Launch)----------------
targets -set -nocase -filter {name =~ "*A9*#0"}
con
----------------End of Script----------------

23:10:13 INFO  : Launch script is exported to file 'C:\Users\33651\Desktop\projet_ajc\dma_vitis\dma_system\_ide\scripts\systemdebugger_dma_system_standalone.tcl'
23:12:03 INFO  : Disconnected from the channel tcfchan#80.
23:12:04 INFO  : Connected to target on host '127.0.0.1' and port '3121'.
23:12:05 INFO  : Jtag cable 'Digilent Cora Z7 - 7010 210370AD525DA' is selected.
23:12:05 INFO  : 'jtag frequency' command is executed.
23:12:05 INFO  : Context for 'APU' is selected.
23:12:05 INFO  : System reset is completed.
23:12:08 INFO  : 'after 3000' command is executed.
23:12:08 INFO  : 'targets -set -filter {jtag_cable_name =~ "Digilent Cora Z7 - 7010 210370AD525DA" && level==0 && jtag_device_ctx=="jsn-Cora Z7 - 7010-210370AD525DA-13722093-0"}' command is executed.
23:12:09 INFO  : Device configured successfully with "C:/Users/33651/Desktop/projet_ajc/dma_vitis/dma/_ide/bitstream/design_1_wrapper.bit"
23:12:09 INFO  : Context for 'APU' is selected.
23:12:09 INFO  : Hardware design and registers information is loaded from 'C:/Users/33651/Desktop/projet_ajc/dma_vitis/dma_test_51/export/dma_test_51/hw/design_1_wrapper.xsa'.
23:12:09 INFO  : 'configparams force-mem-access 1' command is executed.
23:12:09 INFO  : Context for 'APU' is selected.
23:12:09 INFO  : Sourcing of 'C:/Users/33651/Desktop/projet_ajc/dma_vitis/dma/_ide/psinit/ps7_init.tcl' is done.
23:12:10 INFO  : 'ps7_init' command is executed.
23:12:10 INFO  : 'ps7_post_config' command is executed.
23:12:10 INFO  : Context for processor 'ps7_cortexa9_0' is selected.
23:12:10 INFO  : The application 'C:/Users/33651/Desktop/projet_ajc/dma_vitis/dma/Debug/dma.elf' is downloaded to processor 'ps7_cortexa9_0'.
23:12:10 INFO  : 'configparams force-mem-access 0' command is executed.
23:12:10 INFO  : ----------------XSDB Script----------------
connect -url tcp:127.0.0.1:3121
targets -set -nocase -filter {name =~"APU*"}
rst -system
after 3000
targets -set -filter {jtag_cable_name =~ "Digilent Cora Z7 - 7010 210370AD525DA" && level==0 && jtag_device_ctx=="jsn-Cora Z7 - 7010-210370AD525DA-13722093-0"}
fpga -file C:/Users/33651/Desktop/projet_ajc/dma_vitis/dma/_ide/bitstream/design_1_wrapper.bit
targets -set -nocase -filter {name =~"APU*"}
loadhw -hw C:/Users/33651/Desktop/projet_ajc/dma_vitis/dma_test_51/export/dma_test_51/hw/design_1_wrapper.xsa -mem-ranges [list {0x40000000 0xbfffffff}] -regs
configparams force-mem-access 1
targets -set -nocase -filter {name =~"APU*"}
source C:/Users/33651/Desktop/projet_ajc/dma_vitis/dma/_ide/psinit/ps7_init.tcl
ps7_init
ps7_post_config
targets -set -nocase -filter {name =~ "*A9*#0"}
dow C:/Users/33651/Desktop/projet_ajc/dma_vitis/dma/Debug/dma.elf
configparams force-mem-access 0
----------------End of Script----------------

23:12:10 INFO  : Context for processor 'ps7_cortexa9_0' is selected.
23:12:10 INFO  : 'con' command is executed.
23:12:10 INFO  : ----------------XSDB Script (After Launch)----------------
targets -set -nocase -filter {name =~ "*A9*#0"}
con
----------------End of Script----------------

23:12:10 INFO  : Launch script is exported to file 'C:\Users\33651\Desktop\projet_ajc\dma_vitis\dma_system\_ide\scripts\systemdebugger_dma_system_standalone.tcl'
23:13:11 INFO  : The hardware specfication used by project 'dma' is out of sync with the platform. Resource files extracted from the hardware specfiication will be updated.
23:13:11 INFO  : The file 'C:\Users\33651\Desktop\projet_ajc\dma_vitis\dma\_ide\bitstream\design_1_wrapper.bit' stored in project is removed.
23:13:11 INFO  : The updated bitstream files are copied from platform to folder 'C:\Users\33651\Desktop\projet_ajc\dma_vitis\dma\_ide\bitstream' in project 'dma'.
23:13:11 INFO  : The file 'C:\Users\33651\Desktop\projet_ajc\dma_vitis\dma\_ide\psinit\ps7_init.tcl' stored in project is removed.
23:13:19 INFO  : The updated ps init files are copied from platform to folder 'C:\Users\33651\Desktop\projet_ajc\dma_vitis\dma\_ide\psinit' in project 'dma'.
23:13:36 INFO  : Checking for BSP changes to sync application flags for project 'dma'...
23:13:36 INFO  : Updating application flags with new BSP settings...
23:13:37 INFO  : Successfully updated application flags for project dma.
23:13:55 INFO  : Checking for BSP changes to sync application flags for project 'dma'...
23:14:08 INFO  : Disconnected from the channel tcfchan#81.
23:14:09 INFO  : Connected to target on host '127.0.0.1' and port '3121'.
23:14:09 INFO  : Jtag cable 'Digilent Cora Z7 - 7010 210370AD525DA' is selected.
23:14:09 INFO  : 'jtag frequency' command is executed.
23:14:09 INFO  : Context for 'APU' is selected.
23:14:09 INFO  : System reset is completed.
23:14:12 INFO  : 'after 3000' command is executed.
23:14:12 INFO  : 'targets -set -filter {jtag_cable_name =~ "Digilent Cora Z7 - 7010 210370AD525DA" && level==0 && jtag_device_ctx=="jsn-Cora Z7 - 7010-210370AD525DA-13722093-0"}' command is executed.
23:14:13 INFO  : Device configured successfully with "C:/Users/33651/Desktop/projet_ajc/dma_vitis/dma/_ide/bitstream/design_1_wrapper.bit"
23:14:14 INFO  : Context for 'APU' is selected.
23:14:14 INFO  : Hardware design and registers information is loaded from 'C:/Users/33651/Desktop/projet_ajc/dma_vitis/dma_test_49/export/dma_test_49/hw/design_1_wrapper.xsa'.
23:14:14 INFO  : 'configparams force-mem-access 1' command is executed.
23:14:14 INFO  : Context for 'APU' is selected.
23:14:14 INFO  : Sourcing of 'C:/Users/33651/Desktop/projet_ajc/dma_vitis/dma/_ide/psinit/ps7_init.tcl' is done.
23:14:14 INFO  : 'ps7_init' command is executed.
23:14:14 INFO  : 'ps7_post_config' command is executed.
23:14:14 INFO  : Context for processor 'ps7_cortexa9_0' is selected.
23:14:14 INFO  : The application 'C:/Users/33651/Desktop/projet_ajc/dma_vitis/dma/Debug/dma.elf' is downloaded to processor 'ps7_cortexa9_0'.
23:14:14 INFO  : 'configparams force-mem-access 0' command is executed.
23:14:14 INFO  : ----------------XSDB Script----------------
connect -url tcp:127.0.0.1:3121
targets -set -nocase -filter {name =~"APU*"}
rst -system
after 3000
targets -set -filter {jtag_cable_name =~ "Digilent Cora Z7 - 7010 210370AD525DA" && level==0 && jtag_device_ctx=="jsn-Cora Z7 - 7010-210370AD525DA-13722093-0"}
fpga -file C:/Users/33651/Desktop/projet_ajc/dma_vitis/dma/_ide/bitstream/design_1_wrapper.bit
targets -set -nocase -filter {name =~"APU*"}
loadhw -hw C:/Users/33651/Desktop/projet_ajc/dma_vitis/dma_test_49/export/dma_test_49/hw/design_1_wrapper.xsa -mem-ranges [list {0x40000000 0xbfffffff}] -regs
configparams force-mem-access 1
targets -set -nocase -filter {name =~"APU*"}
source C:/Users/33651/Desktop/projet_ajc/dma_vitis/dma/_ide/psinit/ps7_init.tcl
ps7_init
ps7_post_config
targets -set -nocase -filter {name =~ "*A9*#0"}
dow C:/Users/33651/Desktop/projet_ajc/dma_vitis/dma/Debug/dma.elf
configparams force-mem-access 0
----------------End of Script----------------

23:14:14 INFO  : Context for processor 'ps7_cortexa9_0' is selected.
23:14:14 INFO  : 'con' command is executed.
23:14:14 INFO  : ----------------XSDB Script (After Launch)----------------
targets -set -nocase -filter {name =~ "*A9*#0"}
con
----------------End of Script----------------

23:14:14 INFO  : Launch script is exported to file 'C:\Users\33651\Desktop\projet_ajc\dma_vitis\dma_system\_ide\scripts\systemdebugger_dma_system_standalone.tcl'
23:14:39 ERROR : (XSDB Server)AP transaction error, DAP status 0xF0000021

23:14:39 ERROR : (XSDB Server)AP transaction error, DAP status 0xF0000021

23:14:39 ERROR : (XSDB Server)AP transaction error, DAP status 0xF0000021

23:14:39 ERROR : (XSDB Server)AP transaction error, DAP status 0xF0000021

23:14:39 ERROR : (XSDB Server)AP transaction error, DAP status 0xF0000021

23:14:44 ERROR : (XSDB Server)AP transaction error, DAP status 0xF0000021

23:14:53 ERROR : (XSDB Server)AP transaction error, DAP status 0xF0000021

23:15:52 ERROR : An unexpected exception occurred in the module 'reading platform'
23:16:37 INFO  : Checking for BSP changes to sync application flags for project 'dma'...
23:17:03 INFO  : Checking for BSP changes to sync application flags for project 'dma'...
23:17:23 INFO  : Disconnected from the channel tcfchan#84.
23:17:24 INFO  : Connected to target on host '127.0.0.1' and port '3121'.
23:17:24 INFO  : Jtag cable 'Digilent Cora Z7 - 7010 210370AD525DA' is selected.
23:17:24 INFO  : 'jtag frequency' command is executed.
23:17:24 INFO  : Context for 'APU' is selected.
23:17:24 ERROR : Cannot reset APU. AP transaction error, DAP status 0xF0000021
23:17:24 INFO  : ----------------XSDB Script----------------
connect -url tcp:127.0.0.1:3121
targets -set -nocase -filter {name =~"APU*"}
rst -system
after 3000
----------------End of Script----------------

23:17:24 ERROR : Cannot reset APU. AP transaction error, DAP status 0xF0000021
23:17:50 INFO  : Connected to target on host '127.0.0.1' and port '3121'.
23:17:51 INFO  : Jtag cable 'Digilent Cora Z7 - 7010 210370AD525DA' is selected.
23:17:51 INFO  : 'jtag frequency' command is executed.
23:17:52 INFO  : Context for 'APU' is selected.
23:17:52 INFO  : System reset is completed.
23:17:55 INFO  : 'after 3000' command is executed.
23:17:56 INFO  : 'targets -set -filter {jtag_cable_name =~ "Digilent Cora Z7 - 7010 210370AD525DA" && level==0 && jtag_device_ctx=="jsn-Cora Z7 - 7010-210370AD525DA-13722093-0"}' command is executed.
23:17:57 INFO  : Device configured successfully with "C:/Users/33651/Desktop/projet_ajc/dma_vitis/dma/_ide/bitstream/design_1_wrapper.bit"
23:17:58 INFO  : Context for 'APU' is selected.
23:17:58 INFO  : Hardware design and registers information is loaded from 'C:/Users/33651/Desktop/projet_ajc/dma_vitis/dma_test_49/export/dma_test_49/hw/design_1_wrapper.xsa'.
23:17:58 INFO  : 'configparams force-mem-access 1' command is executed.
23:17:58 INFO  : Context for 'APU' is selected.
23:17:58 INFO  : Sourcing of 'C:/Users/33651/Desktop/projet_ajc/dma_vitis/dma/_ide/psinit/ps7_init.tcl' is done.
23:17:58 INFO  : 'ps7_init' command is executed.
23:17:58 INFO  : 'ps7_post_config' command is executed.
23:17:58 INFO  : Context for processor 'ps7_cortexa9_0' is selected.
23:17:58 INFO  : The application 'C:/Users/33651/Desktop/projet_ajc/dma_vitis/dma/Debug/dma.elf' is downloaded to processor 'ps7_cortexa9_0'.
23:17:58 INFO  : 'configparams force-mem-access 0' command is executed.
23:17:58 INFO  : ----------------XSDB Script----------------
connect -url tcp:127.0.0.1:3121
targets -set -nocase -filter {name =~"APU*"}
rst -system
after 3000
targets -set -filter {jtag_cable_name =~ "Digilent Cora Z7 - 7010 210370AD525DA" && level==0 && jtag_device_ctx=="jsn-Cora Z7 - 7010-210370AD525DA-13722093-0"}
fpga -file C:/Users/33651/Desktop/projet_ajc/dma_vitis/dma/_ide/bitstream/design_1_wrapper.bit
targets -set -nocase -filter {name =~"APU*"}
loadhw -hw C:/Users/33651/Desktop/projet_ajc/dma_vitis/dma_test_49/export/dma_test_49/hw/design_1_wrapper.xsa -mem-ranges [list {0x40000000 0xbfffffff}] -regs
configparams force-mem-access 1
targets -set -nocase -filter {name =~"APU*"}
source C:/Users/33651/Desktop/projet_ajc/dma_vitis/dma/_ide/psinit/ps7_init.tcl
ps7_init
ps7_post_config
targets -set -nocase -filter {name =~ "*A9*#0"}
dow C:/Users/33651/Desktop/projet_ajc/dma_vitis/dma/Debug/dma.elf
configparams force-mem-access 0
----------------End of Script----------------

23:17:59 INFO  : Context for processor 'ps7_cortexa9_0' is selected.
23:17:59 INFO  : 'con' command is executed.
23:17:59 INFO  : ----------------XSDB Script (After Launch)----------------
targets -set -nocase -filter {name =~ "*A9*#0"}
con
----------------End of Script----------------

23:17:59 INFO  : Launch script is exported to file 'C:\Users\33651\Desktop\projet_ajc\dma_vitis\dma_system\_ide\scripts\systemdebugger_dma_system_standalone.tcl'
23:18:57 INFO  : Result from executing command 'getProjects': dma_test_29;dma_test_32;dma_test_37;dma_test_41;dma_test_47;dma_test_48;dma_test_49;dma_test_52
23:18:57 INFO  : Result from executing command 'getPlatforms': dma_test_29|C:/Users/33651/Desktop/projet_ajc/dma_vitis/dma_test_29/export/dma_test_29/dma_test_29.xpfm;dma_test_2|C:/Users/33651/Desktop/projet_ajc/dma_vitis/dma_test_2/export/dma_test_2/dma_test_2.xpfm;dma_test_32|C:/Users/33651/Desktop/projet_ajc/dma_vitis/dma_test_32/export/dma_test_32/dma_test_32.xpfm;dma_test_37|C:/Users/33651/Desktop/projet_ajc/dma_vitis/dma_test_37/export/dma_test_37/dma_test_37.xpfm;dma_test_41|C:/Users/33651/Desktop/projet_ajc/dma_vitis/dma_test_41/export/dma_test_41/dma_test_41.xpfm;dma_test_47|C:/Users/33651/Desktop/projet_ajc/dma_vitis/dma_test_47/export/dma_test_47/dma_test_47.xpfm;dma_test_48|C:/Users/33651/Desktop/projet_ajc/dma_vitis/dma_test_48/export/dma_test_48/dma_test_48.xpfm;dma_test_49|C:/Users/33651/Desktop/projet_ajc/dma_vitis/dma_test_49/export/dma_test_49/dma_test_49.xpfm;dma_test_6|C:/Users/33651/Desktop/projet_ajc/dma_vitis/dma_test_6/export/dma_test_6/dma_test_6.xpfm;dma_test_8|C:/Users/33651/Desktop/projet_ajc/dma_vitis/dma_test_8/export/dma_test_8/dma_test_8.xpfm
23:19:07 INFO  : The hardware specfication used by project 'dma' is out of sync with the platform. Resource files extracted from the hardware specfiication will be updated.
23:19:08 INFO  : The file 'C:\Users\33651\Desktop\projet_ajc\dma_vitis\dma\_ide\bitstream\design_1_wrapper.bit' stored in project is removed.
23:19:08 INFO  : The updated bitstream files are copied from platform to folder 'C:\Users\33651\Desktop\projet_ajc\dma_vitis\dma\_ide\bitstream' in project 'dma'.
23:19:08 INFO  : The file 'C:\Users\33651\Desktop\projet_ajc\dma_vitis\dma\_ide\psinit\ps7_init.tcl' stored in project is removed.
23:19:12 INFO  : The updated ps init files are copied from platform to folder 'C:\Users\33651\Desktop\projet_ajc\dma_vitis\dma\_ide\psinit' in project 'dma'.
23:19:31 INFO  : Result from executing command 'getProjects': dma_test_29;dma_test_32;dma_test_37;dma_test_41;dma_test_47;dma_test_48;dma_test_49;dma_test_52
23:19:31 INFO  : Result from executing command 'getPlatforms': dma_test_29|C:/Users/33651/Desktop/projet_ajc/dma_vitis/dma_test_29/export/dma_test_29/dma_test_29.xpfm;dma_test_2|C:/Users/33651/Desktop/projet_ajc/dma_vitis/dma_test_2/export/dma_test_2/dma_test_2.xpfm;dma_test_32|C:/Users/33651/Desktop/projet_ajc/dma_vitis/dma_test_32/export/dma_test_32/dma_test_32.xpfm;dma_test_37|C:/Users/33651/Desktop/projet_ajc/dma_vitis/dma_test_37/export/dma_test_37/dma_test_37.xpfm;dma_test_41|C:/Users/33651/Desktop/projet_ajc/dma_vitis/dma_test_41/export/dma_test_41/dma_test_41.xpfm;dma_test_48|C:/Users/33651/Desktop/projet_ajc/dma_vitis/dma_test_48/export/dma_test_48/dma_test_48.xpfm;dma_test_49|C:/Users/33651/Desktop/projet_ajc/dma_vitis/dma_test_49/export/dma_test_49/dma_test_49.xpfm;dma_test_52|C:/Users/33651/Desktop/projet_ajc/dma_vitis/dma_test_52/export/dma_test_52/dma_test_52.xpfm;dma_test_6|C:/Users/33651/Desktop/projet_ajc/dma_vitis/dma_test_6/export/dma_test_6/dma_test_6.xpfm;dma_test_8|C:/Users/33651/Desktop/projet_ajc/dma_vitis/dma_test_8/export/dma_test_8/dma_test_8.xpfm
23:19:32 INFO  : Checking for BSP changes to sync application flags for project 'dma'...
23:19:46 INFO  : Disconnected from the channel tcfchan#88.
23:19:47 INFO  : Connected to target on host '127.0.0.1' and port '3121'.
23:19:48 INFO  : Jtag cable 'Digilent Cora Z7 - 7010 210370AD525DA' is selected.
23:19:48 INFO  : 'jtag frequency' command is executed.
23:19:48 INFO  : Context for 'APU' is selected.
23:19:48 INFO  : System reset is completed.
23:19:51 INFO  : 'after 3000' command is executed.
23:19:51 INFO  : 'targets -set -filter {jtag_cable_name =~ "Digilent Cora Z7 - 7010 210370AD525DA" && level==0 && jtag_device_ctx=="jsn-Cora Z7 - 7010-210370AD525DA-13722093-0"}' command is executed.
23:19:52 INFO  : Device configured successfully with "C:/Users/33651/Desktop/projet_ajc/dma_vitis/dma/_ide/bitstream/design_1_wrapper.bit"
23:19:52 INFO  : Context for 'APU' is selected.
23:19:52 INFO  : Hardware design and registers information is loaded from 'C:/Users/33651/Desktop/projet_ajc/dma_vitis/dma_test_52/export/dma_test_52/hw/design_1_wrapper.xsa'.
23:19:52 INFO  : 'configparams force-mem-access 1' command is executed.
23:19:52 INFO  : Context for 'APU' is selected.
23:19:52 INFO  : Sourcing of 'C:/Users/33651/Desktop/projet_ajc/dma_vitis/dma/_ide/psinit/ps7_init.tcl' is done.
23:19:52 INFO  : 'ps7_init' command is executed.
23:19:52 INFO  : 'ps7_post_config' command is executed.
23:19:52 INFO  : Context for processor 'ps7_cortexa9_0' is selected.
23:19:53 INFO  : The application 'C:/Users/33651/Desktop/projet_ajc/dma_vitis/dma/Debug/dma.elf' is downloaded to processor 'ps7_cortexa9_0'.
23:19:53 INFO  : 'configparams force-mem-access 0' command is executed.
23:19:53 INFO  : ----------------XSDB Script----------------
connect -url tcp:127.0.0.1:3121
targets -set -nocase -filter {name =~"APU*"}
rst -system
after 3000
targets -set -filter {jtag_cable_name =~ "Digilent Cora Z7 - 7010 210370AD525DA" && level==0 && jtag_device_ctx=="jsn-Cora Z7 - 7010-210370AD525DA-13722093-0"}
fpga -file C:/Users/33651/Desktop/projet_ajc/dma_vitis/dma/_ide/bitstream/design_1_wrapper.bit
targets -set -nocase -filter {name =~"APU*"}
loadhw -hw C:/Users/33651/Desktop/projet_ajc/dma_vitis/dma_test_52/export/dma_test_52/hw/design_1_wrapper.xsa -mem-ranges [list {0x40000000 0xbfffffff}] -regs
configparams force-mem-access 1
targets -set -nocase -filter {name =~"APU*"}
source C:/Users/33651/Desktop/projet_ajc/dma_vitis/dma/_ide/psinit/ps7_init.tcl
ps7_init
ps7_post_config
targets -set -nocase -filter {name =~ "*A9*#0"}
dow C:/Users/33651/Desktop/projet_ajc/dma_vitis/dma/Debug/dma.elf
configparams force-mem-access 0
----------------End of Script----------------

23:19:53 INFO  : Context for processor 'ps7_cortexa9_0' is selected.
23:19:53 INFO  : 'con' command is executed.
23:19:53 INFO  : ----------------XSDB Script (After Launch)----------------
targets -set -nocase -filter {name =~ "*A9*#0"}
con
----------------End of Script----------------

23:19:53 INFO  : Launch script is exported to file 'C:\Users\33651\Desktop\projet_ajc\dma_vitis\dma_system\_ide\scripts\systemdebugger_dma_system_standalone.tcl'
23:34:43 INFO  : Result from executing command 'getProjects': dma_test_29;dma_test_32;dma_test_37;dma_test_41;dma_test_47;dma_test_48;dma_test_49;dma_test_52;dma_test_53
23:34:43 INFO  : Result from executing command 'getPlatforms': dma_test_29|C:/Users/33651/Desktop/projet_ajc/dma_vitis/dma_test_29/export/dma_test_29/dma_test_29.xpfm;dma_test_2|C:/Users/33651/Desktop/projet_ajc/dma_vitis/dma_test_2/export/dma_test_2/dma_test_2.xpfm;dma_test_32|C:/Users/33651/Desktop/projet_ajc/dma_vitis/dma_test_32/export/dma_test_32/dma_test_32.xpfm;dma_test_37|C:/Users/33651/Desktop/projet_ajc/dma_vitis/dma_test_37/export/dma_test_37/dma_test_37.xpfm;dma_test_41|C:/Users/33651/Desktop/projet_ajc/dma_vitis/dma_test_41/export/dma_test_41/dma_test_41.xpfm;dma_test_48|C:/Users/33651/Desktop/projet_ajc/dma_vitis/dma_test_48/export/dma_test_48/dma_test_48.xpfm;dma_test_49|C:/Users/33651/Desktop/projet_ajc/dma_vitis/dma_test_49/export/dma_test_49/dma_test_49.xpfm;dma_test_6|C:/Users/33651/Desktop/projet_ajc/dma_vitis/dma_test_6/export/dma_test_6/dma_test_6.xpfm;dma_test_8|C:/Users/33651/Desktop/projet_ajc/dma_vitis/dma_test_8/export/dma_test_8/dma_test_8.xpfm
23:35:05 INFO  : The hardware specfication used by project 'dma' is out of sync with the platform. Resource files extracted from the hardware specfiication will be updated.
23:35:06 INFO  : The file 'C:\Users\33651\Desktop\projet_ajc\dma_vitis\dma\_ide\bitstream\design_1_wrapper.bit' stored in project is removed.
23:35:06 INFO  : The updated bitstream files are copied from platform to folder 'C:\Users\33651\Desktop\projet_ajc\dma_vitis\dma\_ide\bitstream' in project 'dma'.
23:35:06 INFO  : The file 'C:\Users\33651\Desktop\projet_ajc\dma_vitis\dma\_ide\psinit\ps7_init.tcl' stored in project is removed.
23:35:11 INFO  : The updated ps init files are copied from platform to folder 'C:\Users\33651\Desktop\projet_ajc\dma_vitis\dma\_ide\psinit' in project 'dma'.
23:35:18 ERROR : An unexpected exception occurred in the module 'reading platform'
23:35:45 INFO  : Result from executing command 'getProjects': dma_test_29;dma_test_32;dma_test_37;dma_test_41;dma_test_47;dma_test_48;dma_test_49;dma_test_53
23:35:45 INFO  : Result from executing command 'getPlatforms': dma_test_29|C:/Users/33651/Desktop/projet_ajc/dma_vitis/dma_test_29/export/dma_test_29/dma_test_29.xpfm;dma_test_2|C:/Users/33651/Desktop/projet_ajc/dma_vitis/dma_test_2/export/dma_test_2/dma_test_2.xpfm;dma_test_32|C:/Users/33651/Desktop/projet_ajc/dma_vitis/dma_test_32/export/dma_test_32/dma_test_32.xpfm;dma_test_37|C:/Users/33651/Desktop/projet_ajc/dma_vitis/dma_test_37/export/dma_test_37/dma_test_37.xpfm;dma_test_41|C:/Users/33651/Desktop/projet_ajc/dma_vitis/dma_test_41/export/dma_test_41/dma_test_41.xpfm;dma_test_48|C:/Users/33651/Desktop/projet_ajc/dma_vitis/dma_test_48/export/dma_test_48/dma_test_48.xpfm;dma_test_49|C:/Users/33651/Desktop/projet_ajc/dma_vitis/dma_test_49/export/dma_test_49/dma_test_49.xpfm;dma_test_53|C:/Users/33651/Desktop/projet_ajc/dma_vitis/dma_test_53/export/dma_test_53/dma_test_53.xpfm;dma_test_6|C:/Users/33651/Desktop/projet_ajc/dma_vitis/dma_test_6/export/dma_test_6/dma_test_6.xpfm;dma_test_8|C:/Users/33651/Desktop/projet_ajc/dma_vitis/dma_test_8/export/dma_test_8/dma_test_8.xpfm
23:35:46 INFO  : Checking for BSP changes to sync application flags for project 'dma'...
23:36:09 INFO  : Checking for BSP changes to sync application flags for project 'dma'...
23:36:22 INFO  : Disconnected from the channel tcfchan#91.
23:36:23 INFO  : Connected to target on host '127.0.0.1' and port '3121'.
23:36:23 INFO  : Jtag cable 'Digilent Cora Z7 - 7010 210370AD525DA' is selected.
23:36:23 INFO  : 'jtag frequency' command is executed.
23:36:23 INFO  : Context for 'APU' is selected.
23:36:23 INFO  : System reset is completed.
23:36:26 INFO  : 'after 3000' command is executed.
23:36:27 INFO  : 'targets -set -filter {jtag_cable_name =~ "Digilent Cora Z7 - 7010 210370AD525DA" && level==0 && jtag_device_ctx=="jsn-Cora Z7 - 7010-210370AD525DA-13722093-0"}' command is executed.
23:36:28 INFO  : Device configured successfully with "C:/Users/33651/Desktop/projet_ajc/dma_vitis/dma/_ide/bitstream/design_1_wrapper.bit"
23:36:28 INFO  : Context for 'APU' is selected.
23:36:28 INFO  : Hardware design and registers information is loaded from 'C:/Users/33651/Desktop/projet_ajc/dma_vitis/dma_test_53/export/dma_test_53/hw/design_1_wrapper.xsa'.
23:36:28 INFO  : 'configparams force-mem-access 1' command is executed.
23:36:28 INFO  : Context for 'APU' is selected.
23:36:28 INFO  : Sourcing of 'C:/Users/33651/Desktop/projet_ajc/dma_vitis/dma/_ide/psinit/ps7_init.tcl' is done.
23:36:28 INFO  : 'ps7_init' command is executed.
23:36:28 INFO  : 'ps7_post_config' command is executed.
23:36:28 INFO  : Context for processor 'ps7_cortexa9_0' is selected.
23:36:29 INFO  : The application 'C:/Users/33651/Desktop/projet_ajc/dma_vitis/dma/Debug/dma.elf' is downloaded to processor 'ps7_cortexa9_0'.
23:36:29 INFO  : 'configparams force-mem-access 0' command is executed.
23:36:29 INFO  : ----------------XSDB Script----------------
connect -url tcp:127.0.0.1:3121
targets -set -nocase -filter {name =~"APU*"}
rst -system
after 3000
targets -set -filter {jtag_cable_name =~ "Digilent Cora Z7 - 7010 210370AD525DA" && level==0 && jtag_device_ctx=="jsn-Cora Z7 - 7010-210370AD525DA-13722093-0"}
fpga -file C:/Users/33651/Desktop/projet_ajc/dma_vitis/dma/_ide/bitstream/design_1_wrapper.bit
targets -set -nocase -filter {name =~"APU*"}
loadhw -hw C:/Users/33651/Desktop/projet_ajc/dma_vitis/dma_test_53/export/dma_test_53/hw/design_1_wrapper.xsa -mem-ranges [list {0x40000000 0xbfffffff}] -regs
configparams force-mem-access 1
targets -set -nocase -filter {name =~"APU*"}
source C:/Users/33651/Desktop/projet_ajc/dma_vitis/dma/_ide/psinit/ps7_init.tcl
ps7_init
ps7_post_config
targets -set -nocase -filter {name =~ "*A9*#0"}
dow C:/Users/33651/Desktop/projet_ajc/dma_vitis/dma/Debug/dma.elf
configparams force-mem-access 0
----------------End of Script----------------

23:36:29 INFO  : Context for processor 'ps7_cortexa9_0' is selected.
23:36:29 INFO  : 'con' command is executed.
23:36:29 INFO  : ----------------XSDB Script (After Launch)----------------
targets -set -nocase -filter {name =~ "*A9*#0"}
con
----------------End of Script----------------

23:36:29 INFO  : Launch script is exported to file 'C:\Users\33651\Desktop\projet_ajc\dma_vitis\dma_system\_ide\scripts\systemdebugger_dma_system_standalone.tcl'
00:03:23 ERROR : An unexpected exception occurred in the module 'reading platform'
00:05:15 INFO  : Result from executing command 'getProjects': dma_test_29;dma_test_32;dma_test_37;dma_test_41;dma_test_47;dma_test_48;dma_test_49;dma_test_54
00:05:15 INFO  : Result from executing command 'getPlatforms': dma_test_29|C:/Users/33651/Desktop/projet_ajc/dma_vitis/dma_test_29/export/dma_test_29/dma_test_29.xpfm;dma_test_2|C:/Users/33651/Desktop/projet_ajc/dma_vitis/dma_test_2/export/dma_test_2/dma_test_2.xpfm;dma_test_32|C:/Users/33651/Desktop/projet_ajc/dma_vitis/dma_test_32/export/dma_test_32/dma_test_32.xpfm;dma_test_37|C:/Users/33651/Desktop/projet_ajc/dma_vitis/dma_test_37/export/dma_test_37/dma_test_37.xpfm;dma_test_41|C:/Users/33651/Desktop/projet_ajc/dma_vitis/dma_test_41/export/dma_test_41/dma_test_41.xpfm;dma_test_48|C:/Users/33651/Desktop/projet_ajc/dma_vitis/dma_test_48/export/dma_test_48/dma_test_48.xpfm;dma_test_49|C:/Users/33651/Desktop/projet_ajc/dma_vitis/dma_test_49/export/dma_test_49/dma_test_49.xpfm;dma_test_6|C:/Users/33651/Desktop/projet_ajc/dma_vitis/dma_test_6/export/dma_test_6/dma_test_6.xpfm;dma_test_8|C:/Users/33651/Desktop/projet_ajc/dma_vitis/dma_test_8/export/dma_test_8/dma_test_8.xpfm
00:06:01 INFO  : The hardware specfication used by project 'dma' is out of sync with the platform. Resource files extracted from the hardware specfiication will be updated.
00:06:03 INFO  : The file 'C:\Users\33651\Desktop\projet_ajc\dma_vitis\dma\_ide\bitstream\design_1_wrapper.bit' stored in project is removed.
00:06:03 INFO  : The updated bitstream files are copied from platform to folder 'C:\Users\33651\Desktop\projet_ajc\dma_vitis\dma\_ide\bitstream' in project 'dma'.
00:06:03 INFO  : The file 'C:\Users\33651\Desktop\projet_ajc\dma_vitis\dma\_ide\psinit\ps7_init.tcl' stored in project is removed.
00:06:08 INFO  : The updated ps init files are copied from platform to folder 'C:\Users\33651\Desktop\projet_ajc\dma_vitis\dma\_ide\psinit' in project 'dma'.
00:09:04 INFO  : Result from executing command 'getProjects': dma_test_29;dma_test_32;dma_test_37;dma_test_41;dma_test_47;dma_test_48;dma_test_49;dma_test_54
00:09:04 INFO  : Result from executing command 'getPlatforms': dma_test_29|C:/Users/33651/Desktop/projet_ajc/dma_vitis/dma_test_29/export/dma_test_29/dma_test_29.xpfm;dma_test_2|C:/Users/33651/Desktop/projet_ajc/dma_vitis/dma_test_2/export/dma_test_2/dma_test_2.xpfm;dma_test_32|C:/Users/33651/Desktop/projet_ajc/dma_vitis/dma_test_32/export/dma_test_32/dma_test_32.xpfm;dma_test_37|C:/Users/33651/Desktop/projet_ajc/dma_vitis/dma_test_37/export/dma_test_37/dma_test_37.xpfm;dma_test_41|C:/Users/33651/Desktop/projet_ajc/dma_vitis/dma_test_41/export/dma_test_41/dma_test_41.xpfm;dma_test_48|C:/Users/33651/Desktop/projet_ajc/dma_vitis/dma_test_48/export/dma_test_48/dma_test_48.xpfm;dma_test_49|C:/Users/33651/Desktop/projet_ajc/dma_vitis/dma_test_49/export/dma_test_49/dma_test_49.xpfm;dma_test_54|C:/Users/33651/Desktop/projet_ajc/dma_vitis/dma_test_54/export/dma_test_54/dma_test_54.xpfm;dma_test_6|C:/Users/33651/Desktop/projet_ajc/dma_vitis/dma_test_6/export/dma_test_6/dma_test_6.xpfm;dma_test_8|C:/Users/33651/Desktop/projet_ajc/dma_vitis/dma_test_8/export/dma_test_8/dma_test_8.xpfm
00:09:04 INFO  : Checking for BSP changes to sync application flags for project 'dma'...
00:10:00 INFO  : Checking for BSP changes to sync application flags for project 'dma'...
00:10:59 INFO  : Disconnected from the channel tcfchan#95.
00:11:00 INFO  : Connected to target on host '127.0.0.1' and port '3121'.
00:11:00 INFO  : Jtag cable 'Digilent Cora Z7 - 7010 210370AD525DA' is selected.
00:11:00 INFO  : 'jtag frequency' command is executed.
00:11:00 INFO  : Context for 'APU' is selected.
00:11:00 INFO  : System reset is completed.
00:11:03 INFO  : 'after 3000' command is executed.
00:11:04 INFO  : 'targets -set -filter {jtag_cable_name =~ "Digilent Cora Z7 - 7010 210370AD525DA" && level==0 && jtag_device_ctx=="jsn-Cora Z7 - 7010-210370AD525DA-13722093-0"}' command is executed.
00:11:05 INFO  : Device configured successfully with "C:/Users/33651/Desktop/projet_ajc/dma_vitis/dma/_ide/bitstream/design_1_wrapper.bit"
00:11:05 INFO  : Context for 'APU' is selected.
00:11:05 INFO  : Hardware design and registers information is loaded from 'C:/Users/33651/Desktop/projet_ajc/dma_vitis/dma_test_54/export/dma_test_54/hw/design_1_wrapper.xsa'.
00:11:05 INFO  : 'configparams force-mem-access 1' command is executed.
00:11:05 INFO  : Context for 'APU' is selected.
00:11:05 INFO  : Sourcing of 'C:/Users/33651/Desktop/projet_ajc/dma_vitis/dma/_ide/psinit/ps7_init.tcl' is done.
00:11:05 INFO  : 'ps7_init' command is executed.
00:11:05 INFO  : 'ps7_post_config' command is executed.
00:11:05 INFO  : Context for processor 'ps7_cortexa9_0' is selected.
00:11:06 INFO  : The application 'C:/Users/33651/Desktop/projet_ajc/dma_vitis/dma/Debug/dma.elf' is downloaded to processor 'ps7_cortexa9_0'.
00:11:06 INFO  : 'configparams force-mem-access 0' command is executed.
00:11:06 INFO  : ----------------XSDB Script----------------
connect -url tcp:127.0.0.1:3121
targets -set -nocase -filter {name =~"APU*"}
rst -system
after 3000
targets -set -filter {jtag_cable_name =~ "Digilent Cora Z7 - 7010 210370AD525DA" && level==0 && jtag_device_ctx=="jsn-Cora Z7 - 7010-210370AD525DA-13722093-0"}
fpga -file C:/Users/33651/Desktop/projet_ajc/dma_vitis/dma/_ide/bitstream/design_1_wrapper.bit
targets -set -nocase -filter {name =~"APU*"}
loadhw -hw C:/Users/33651/Desktop/projet_ajc/dma_vitis/dma_test_54/export/dma_test_54/hw/design_1_wrapper.xsa -mem-ranges [list {0x40000000 0xbfffffff}] -regs
configparams force-mem-access 1
targets -set -nocase -filter {name =~"APU*"}
source C:/Users/33651/Desktop/projet_ajc/dma_vitis/dma/_ide/psinit/ps7_init.tcl
ps7_init
ps7_post_config
targets -set -nocase -filter {name =~ "*A9*#0"}
dow C:/Users/33651/Desktop/projet_ajc/dma_vitis/dma/Debug/dma.elf
configparams force-mem-access 0
----------------End of Script----------------

00:11:06 INFO  : Context for processor 'ps7_cortexa9_0' is selected.
00:11:06 INFO  : 'con' command is executed.
00:11:06 INFO  : ----------------XSDB Script (After Launch)----------------
targets -set -nocase -filter {name =~ "*A9*#0"}
con
----------------End of Script----------------

00:11:06 INFO  : Launch script is exported to file 'C:\Users\33651\Desktop\projet_ajc\dma_vitis\dma_system\_ide\scripts\systemdebugger_dma_system_standalone.tcl'
00:24:36 INFO  : Result from executing command 'getProjects': dma_test_29;dma_test_32;dma_test_37;dma_test_41;dma_test_47;dma_test_48;dma_test_49;dma_test_54;dma_test_55
00:24:36 INFO  : Result from executing command 'getPlatforms': dma_test_29|C:/Users/33651/Desktop/projet_ajc/dma_vitis/dma_test_29/export/dma_test_29/dma_test_29.xpfm;dma_test_2|C:/Users/33651/Desktop/projet_ajc/dma_vitis/dma_test_2/export/dma_test_2/dma_test_2.xpfm;dma_test_32|C:/Users/33651/Desktop/projet_ajc/dma_vitis/dma_test_32/export/dma_test_32/dma_test_32.xpfm;dma_test_37|C:/Users/33651/Desktop/projet_ajc/dma_vitis/dma_test_37/export/dma_test_37/dma_test_37.xpfm;dma_test_41|C:/Users/33651/Desktop/projet_ajc/dma_vitis/dma_test_41/export/dma_test_41/dma_test_41.xpfm;dma_test_48|C:/Users/33651/Desktop/projet_ajc/dma_vitis/dma_test_48/export/dma_test_48/dma_test_48.xpfm;dma_test_49|C:/Users/33651/Desktop/projet_ajc/dma_vitis/dma_test_49/export/dma_test_49/dma_test_49.xpfm;dma_test_6|C:/Users/33651/Desktop/projet_ajc/dma_vitis/dma_test_6/export/dma_test_6/dma_test_6.xpfm;dma_test_8|C:/Users/33651/Desktop/projet_ajc/dma_vitis/dma_test_8/export/dma_test_8/dma_test_8.xpfm
00:24:50 INFO  : The hardware specfication used by project 'dma' is out of sync with the platform. Resource files extracted from the hardware specfiication will be updated.
00:24:51 INFO  : The file 'C:\Users\33651\Desktop\projet_ajc\dma_vitis\dma\_ide\bitstream\design_1_wrapper.bit' stored in project is removed.
00:24:51 INFO  : The updated bitstream files are copied from platform to folder 'C:\Users\33651\Desktop\projet_ajc\dma_vitis\dma\_ide\bitstream' in project 'dma'.
00:24:51 INFO  : The file 'C:\Users\33651\Desktop\projet_ajc\dma_vitis\dma\_ide\psinit\ps7_init.tcl' stored in project is removed.
00:24:55 INFO  : The updated ps init files are copied from platform to folder 'C:\Users\33651\Desktop\projet_ajc\dma_vitis\dma\_ide\psinit' in project 'dma'.
00:25:14 INFO  : Result from executing command 'getProjects': dma_test_29;dma_test_32;dma_test_37;dma_test_41;dma_test_47;dma_test_48;dma_test_49;dma_test_54;dma_test_55
00:25:14 INFO  : Result from executing command 'getPlatforms': dma_test_29|C:/Users/33651/Desktop/projet_ajc/dma_vitis/dma_test_29/export/dma_test_29/dma_test_29.xpfm;dma_test_2|C:/Users/33651/Desktop/projet_ajc/dma_vitis/dma_test_2/export/dma_test_2/dma_test_2.xpfm;dma_test_32|C:/Users/33651/Desktop/projet_ajc/dma_vitis/dma_test_32/export/dma_test_32/dma_test_32.xpfm;dma_test_37|C:/Users/33651/Desktop/projet_ajc/dma_vitis/dma_test_37/export/dma_test_37/dma_test_37.xpfm;dma_test_41|C:/Users/33651/Desktop/projet_ajc/dma_vitis/dma_test_41/export/dma_test_41/dma_test_41.xpfm;dma_test_48|C:/Users/33651/Desktop/projet_ajc/dma_vitis/dma_test_48/export/dma_test_48/dma_test_48.xpfm;dma_test_49|C:/Users/33651/Desktop/projet_ajc/dma_vitis/dma_test_49/export/dma_test_49/dma_test_49.xpfm;dma_test_54|C:/Users/33651/Desktop/projet_ajc/dma_vitis/dma_test_54/export/dma_test_54/dma_test_54.xpfm;dma_test_55|C:/Users/33651/Desktop/projet_ajc/dma_vitis/dma_test_55/export/dma_test_55/dma_test_55.xpfm;dma_test_6|C:/Users/33651/Desktop/projet_ajc/dma_vitis/dma_test_6/export/dma_test_6/dma_test_6.xpfm;dma_test_8|C:/Users/33651/Desktop/projet_ajc/dma_vitis/dma_test_8/export/dma_test_8/dma_test_8.xpfm
00:25:15 INFO  : Checking for BSP changes to sync application flags for project 'dma'...
00:26:07 INFO  : Checking for BSP changes to sync application flags for project 'dma'...
00:26:19 INFO  : Disconnected from the channel tcfchan#99.
00:26:20 INFO  : Connected to target on host '127.0.0.1' and port '3121'.
00:26:20 INFO  : Jtag cable 'Digilent Cora Z7 - 7010 210370AD525DA' is selected.
00:26:20 INFO  : 'jtag frequency' command is executed.
00:26:20 INFO  : Context for 'APU' is selected.
00:26:20 INFO  : System reset is completed.
00:26:23 INFO  : 'after 3000' command is executed.
00:26:24 INFO  : 'targets -set -filter {jtag_cable_name =~ "Digilent Cora Z7 - 7010 210370AD525DA" && level==0 && jtag_device_ctx=="jsn-Cora Z7 - 7010-210370AD525DA-13722093-0"}' command is executed.
00:26:25 INFO  : Device configured successfully with "C:/Users/33651/Desktop/projet_ajc/dma_vitis/dma/_ide/bitstream/design_1_wrapper.bit"
00:26:25 INFO  : Context for 'APU' is selected.
00:26:25 INFO  : Hardware design and registers information is loaded from 'C:/Users/33651/Desktop/projet_ajc/dma_vitis/dma_test_55/export/dma_test_55/hw/design_1_wrapper.xsa'.
00:26:25 INFO  : 'configparams force-mem-access 1' command is executed.
00:26:25 INFO  : Context for 'APU' is selected.
00:26:25 INFO  : Sourcing of 'C:/Users/33651/Desktop/projet_ajc/dma_vitis/dma/_ide/psinit/ps7_init.tcl' is done.
00:26:25 INFO  : 'ps7_init' command is executed.
00:26:25 INFO  : 'ps7_post_config' command is executed.
00:26:25 INFO  : Context for processor 'ps7_cortexa9_0' is selected.
00:26:26 INFO  : The application 'C:/Users/33651/Desktop/projet_ajc/dma_vitis/dma/Debug/dma.elf' is downloaded to processor 'ps7_cortexa9_0'.
00:26:26 INFO  : 'configparams force-mem-access 0' command is executed.
00:26:26 INFO  : ----------------XSDB Script----------------
connect -url tcp:127.0.0.1:3121
targets -set -nocase -filter {name =~"APU*"}
rst -system
after 3000
targets -set -filter {jtag_cable_name =~ "Digilent Cora Z7 - 7010 210370AD525DA" && level==0 && jtag_device_ctx=="jsn-Cora Z7 - 7010-210370AD525DA-13722093-0"}
fpga -file C:/Users/33651/Desktop/projet_ajc/dma_vitis/dma/_ide/bitstream/design_1_wrapper.bit
targets -set -nocase -filter {name =~"APU*"}
loadhw -hw C:/Users/33651/Desktop/projet_ajc/dma_vitis/dma_test_55/export/dma_test_55/hw/design_1_wrapper.xsa -mem-ranges [list {0x40000000 0xbfffffff}] -regs
configparams force-mem-access 1
targets -set -nocase -filter {name =~"APU*"}
source C:/Users/33651/Desktop/projet_ajc/dma_vitis/dma/_ide/psinit/ps7_init.tcl
ps7_init
ps7_post_config
targets -set -nocase -filter {name =~ "*A9*#0"}
dow C:/Users/33651/Desktop/projet_ajc/dma_vitis/dma/Debug/dma.elf
configparams force-mem-access 0
----------------End of Script----------------

00:26:26 INFO  : Context for processor 'ps7_cortexa9_0' is selected.
00:26:26 INFO  : 'con' command is executed.
00:26:26 INFO  : ----------------XSDB Script (After Launch)----------------
targets -set -nocase -filter {name =~ "*A9*#0"}
con
----------------End of Script----------------

00:26:26 INFO  : Launch script is exported to file 'C:\Users\33651\Desktop\projet_ajc\dma_vitis\dma_system\_ide\scripts\systemdebugger_dma_system_standalone.tcl'
00:27:42 INFO  : Disconnected from the channel tcfchan#103.
00:27:43 INFO  : Connected to target on host '127.0.0.1' and port '3121'.
00:27:43 INFO  : Jtag cable 'Digilent Cora Z7 - 7010 210370AD525DA' is selected.
00:27:43 INFO  : 'jtag frequency' command is executed.
00:27:43 INFO  : Context for 'APU' is selected.
00:27:43 INFO  : System reset is completed.
00:27:46 INFO  : 'after 3000' command is executed.
00:27:46 INFO  : 'targets -set -filter {jtag_cable_name =~ "Digilent Cora Z7 - 7010 210370AD525DA" && level==0 && jtag_device_ctx=="jsn-Cora Z7 - 7010-210370AD525DA-13722093-0"}' command is executed.
00:27:47 INFO  : Device configured successfully with "C:/Users/33651/Desktop/projet_ajc/dma_vitis/dma/_ide/bitstream/design_1_wrapper.bit"
00:27:47 INFO  : Context for 'APU' is selected.
00:27:47 INFO  : Hardware design and registers information is loaded from 'C:/Users/33651/Desktop/projet_ajc/dma_vitis/dma_test_55/export/dma_test_55/hw/design_1_wrapper.xsa'.
00:27:47 INFO  : 'configparams force-mem-access 1' command is executed.
00:27:47 INFO  : Context for 'APU' is selected.
00:27:47 INFO  : Sourcing of 'C:/Users/33651/Desktop/projet_ajc/dma_vitis/dma/_ide/psinit/ps7_init.tcl' is done.
00:27:48 INFO  : 'ps7_init' command is executed.
00:27:48 INFO  : 'ps7_post_config' command is executed.
00:27:48 INFO  : Context for processor 'ps7_cortexa9_0' is selected.
00:27:48 INFO  : The application 'C:/Users/33651/Desktop/projet_ajc/dma_vitis/dma/Debug/dma.elf' is downloaded to processor 'ps7_cortexa9_0'.
00:27:48 INFO  : 'configparams force-mem-access 0' command is executed.
00:27:48 INFO  : ----------------XSDB Script----------------
connect -url tcp:127.0.0.1:3121
targets -set -nocase -filter {name =~"APU*"}
rst -system
after 3000
targets -set -filter {jtag_cable_name =~ "Digilent Cora Z7 - 7010 210370AD525DA" && level==0 && jtag_device_ctx=="jsn-Cora Z7 - 7010-210370AD525DA-13722093-0"}
fpga -file C:/Users/33651/Desktop/projet_ajc/dma_vitis/dma/_ide/bitstream/design_1_wrapper.bit
targets -set -nocase -filter {name =~"APU*"}
loadhw -hw C:/Users/33651/Desktop/projet_ajc/dma_vitis/dma_test_55/export/dma_test_55/hw/design_1_wrapper.xsa -mem-ranges [list {0x40000000 0xbfffffff}] -regs
configparams force-mem-access 1
targets -set -nocase -filter {name =~"APU*"}
source C:/Users/33651/Desktop/projet_ajc/dma_vitis/dma/_ide/psinit/ps7_init.tcl
ps7_init
ps7_post_config
targets -set -nocase -filter {name =~ "*A9*#0"}
dow C:/Users/33651/Desktop/projet_ajc/dma_vitis/dma/Debug/dma.elf
configparams force-mem-access 0
----------------End of Script----------------

00:27:48 INFO  : Context for processor 'ps7_cortexa9_0' is selected.
00:27:48 INFO  : 'con' command is executed.
00:27:48 INFO  : ----------------XSDB Script (After Launch)----------------
targets -set -nocase -filter {name =~ "*A9*#0"}
con
----------------End of Script----------------

00:27:48 INFO  : Launch script is exported to file 'C:\Users\33651\Desktop\projet_ajc\dma_vitis\dma_system\_ide\scripts\systemdebugger_dma_system_standalone.tcl'
00:43:36 INFO  : Result from executing command 'getProjects': dma_test_29;dma_test_32;dma_test_37;dma_test_41;dma_test_47;dma_test_48;dma_test_49;dma_test_54;dma_test_56
00:43:36 INFO  : Result from executing command 'getPlatforms': dma_test_29|C:/Users/33651/Desktop/projet_ajc/dma_vitis/dma_test_29/export/dma_test_29/dma_test_29.xpfm;dma_test_2|C:/Users/33651/Desktop/projet_ajc/dma_vitis/dma_test_2/export/dma_test_2/dma_test_2.xpfm;dma_test_32|C:/Users/33651/Desktop/projet_ajc/dma_vitis/dma_test_32/export/dma_test_32/dma_test_32.xpfm;dma_test_37|C:/Users/33651/Desktop/projet_ajc/dma_vitis/dma_test_37/export/dma_test_37/dma_test_37.xpfm;dma_test_41|C:/Users/33651/Desktop/projet_ajc/dma_vitis/dma_test_41/export/dma_test_41/dma_test_41.xpfm;dma_test_48|C:/Users/33651/Desktop/projet_ajc/dma_vitis/dma_test_48/export/dma_test_48/dma_test_48.xpfm;dma_test_49|C:/Users/33651/Desktop/projet_ajc/dma_vitis/dma_test_49/export/dma_test_49/dma_test_49.xpfm;dma_test_54|C:/Users/33651/Desktop/projet_ajc/dma_vitis/dma_test_54/export/dma_test_54/dma_test_54.xpfm;dma_test_55|C:/Users/33651/Desktop/projet_ajc/dma_vitis/dma_test_55/export/dma_test_55/dma_test_55.xpfm;dma_test_6|C:/Users/33651/Desktop/projet_ajc/dma_vitis/dma_test_6/export/dma_test_6/dma_test_6.xpfm;dma_test_8|C:/Users/33651/Desktop/projet_ajc/dma_vitis/dma_test_8/export/dma_test_8/dma_test_8.xpfm
00:45:58 INFO  : The hardware specfication used by project 'dma' is out of sync with the platform. Resource files extracted from the hardware specfiication will be updated.
00:45:59 INFO  : The file 'C:\Users\33651\Desktop\projet_ajc\dma_vitis\dma\_ide\bitstream\design_1_wrapper.bit' stored in project is removed.
00:45:59 INFO  : The updated bitstream files are copied from platform to folder 'C:\Users\33651\Desktop\projet_ajc\dma_vitis\dma\_ide\bitstream' in project 'dma'.
00:45:59 INFO  : The file 'C:\Users\33651\Desktop\projet_ajc\dma_vitis\dma\_ide\psinit\ps7_init.tcl' stored in project is removed.
00:46:04 INFO  : The updated ps init files are copied from platform to folder 'C:\Users\33651\Desktop\projet_ajc\dma_vitis\dma\_ide\psinit' in project 'dma'.
01:08:21 INFO  : Result from executing command 'getProjects': dma_test_29;dma_test_32;dma_test_37;dma_test_41;dma_test_47;dma_test_48;dma_test_49;dma_test_54;dma_test_56
01:08:21 INFO  : Result from executing command 'getPlatforms': dma_test_29|C:/Users/33651/Desktop/projet_ajc/dma_vitis/dma_test_29/export/dma_test_29/dma_test_29.xpfm;dma_test_2|C:/Users/33651/Desktop/projet_ajc/dma_vitis/dma_test_2/export/dma_test_2/dma_test_2.xpfm;dma_test_32|C:/Users/33651/Desktop/projet_ajc/dma_vitis/dma_test_32/export/dma_test_32/dma_test_32.xpfm;dma_test_37|C:/Users/33651/Desktop/projet_ajc/dma_vitis/dma_test_37/export/dma_test_37/dma_test_37.xpfm;dma_test_41|C:/Users/33651/Desktop/projet_ajc/dma_vitis/dma_test_41/export/dma_test_41/dma_test_41.xpfm;dma_test_48|C:/Users/33651/Desktop/projet_ajc/dma_vitis/dma_test_48/export/dma_test_48/dma_test_48.xpfm;dma_test_49|C:/Users/33651/Desktop/projet_ajc/dma_vitis/dma_test_49/export/dma_test_49/dma_test_49.xpfm;dma_test_54|C:/Users/33651/Desktop/projet_ajc/dma_vitis/dma_test_54/export/dma_test_54/dma_test_54.xpfm;dma_test_55|C:/Users/33651/Desktop/projet_ajc/dma_vitis/dma_test_55/export/dma_test_55/dma_test_55.xpfm;dma_test_56|C:/Users/33651/Desktop/projet_ajc/dma_vitis/dma_test_56/export/dma_test_56/dma_test_56.xpfm;dma_test_6|C:/Users/33651/Desktop/projet_ajc/dma_vitis/dma_test_6/export/dma_test_6/dma_test_6.xpfm;dma_test_8|C:/Users/33651/Desktop/projet_ajc/dma_vitis/dma_test_8/export/dma_test_8/dma_test_8.xpfm
01:08:21 INFO  : Checking for BSP changes to sync application flags for project 'dma'...
01:11:33 INFO  : Disconnected from the channel tcfchan#104.
01:11:34 INFO  : Connected to target on host '127.0.0.1' and port '3121'.
01:11:34 INFO  : Jtag cable 'Digilent Cora Z7 - 7010 210370AD525DA' is selected.
01:11:34 INFO  : 'jtag frequency' command is executed.
01:11:34 INFO  : Context for 'APU' is selected.
01:11:34 INFO  : System reset is completed.
01:11:37 INFO  : 'after 3000' command is executed.
01:11:37 INFO  : 'targets -set -filter {jtag_cable_name =~ "Digilent Cora Z7 - 7010 210370AD525DA" && level==0 && jtag_device_ctx=="jsn-Cora Z7 - 7010-210370AD525DA-13722093-0"}' command is executed.
01:11:39 INFO  : Device configured successfully with "C:/Users/33651/Desktop/projet_ajc/dma_vitis/dma/_ide/bitstream/design_1_wrapper.bit"
01:11:39 INFO  : Context for 'APU' is selected.
01:11:39 INFO  : Hardware design and registers information is loaded from 'C:/Users/33651/Desktop/projet_ajc/dma_vitis/dma_test_56/export/dma_test_56/hw/design_1_wrapper.xsa'.
01:11:39 INFO  : 'configparams force-mem-access 1' command is executed.
01:11:39 INFO  : Context for 'APU' is selected.
01:11:39 INFO  : Sourcing of 'C:/Users/33651/Desktop/projet_ajc/dma_vitis/dma/_ide/psinit/ps7_init.tcl' is done.
01:11:39 INFO  : 'ps7_init' command is executed.
01:11:39 INFO  : 'ps7_post_config' command is executed.
01:11:39 INFO  : Context for processor 'ps7_cortexa9_0' is selected.
01:11:39 INFO  : The application 'C:/Users/33651/Desktop/projet_ajc/dma_vitis/dma/Debug/dma.elf' is downloaded to processor 'ps7_cortexa9_0'.
01:11:39 INFO  : 'configparams force-mem-access 0' command is executed.
01:11:39 INFO  : ----------------XSDB Script----------------
connect -url tcp:127.0.0.1:3121
targets -set -nocase -filter {name =~"APU*"}
rst -system
after 3000
targets -set -filter {jtag_cable_name =~ "Digilent Cora Z7 - 7010 210370AD525DA" && level==0 && jtag_device_ctx=="jsn-Cora Z7 - 7010-210370AD525DA-13722093-0"}
fpga -file C:/Users/33651/Desktop/projet_ajc/dma_vitis/dma/_ide/bitstream/design_1_wrapper.bit
targets -set -nocase -filter {name =~"APU*"}
loadhw -hw C:/Users/33651/Desktop/projet_ajc/dma_vitis/dma_test_56/export/dma_test_56/hw/design_1_wrapper.xsa -mem-ranges [list {0x40000000 0xbfffffff}] -regs
configparams force-mem-access 1
targets -set -nocase -filter {name =~"APU*"}
source C:/Users/33651/Desktop/projet_ajc/dma_vitis/dma/_ide/psinit/ps7_init.tcl
ps7_init
ps7_post_config
targets -set -nocase -filter {name =~ "*A9*#0"}
dow C:/Users/33651/Desktop/projet_ajc/dma_vitis/dma/Debug/dma.elf
configparams force-mem-access 0
----------------End of Script----------------

01:11:39 INFO  : Context for processor 'ps7_cortexa9_0' is selected.
01:11:40 INFO  : 'con' command is executed.
01:11:40 INFO  : ----------------XSDB Script (After Launch)----------------
targets -set -nocase -filter {name =~ "*A9*#0"}
con
----------------End of Script----------------

01:11:40 INFO  : Launch script is exported to file 'C:\Users\33651\Desktop\projet_ajc\dma_vitis\dma_system\_ide\scripts\systemdebugger_dma_system_standalone.tcl'
01:19:22 ERROR : An unexpected exception occurred in the module 'reading platform'
01:20:15 INFO  : Result from executing command 'getProjects': dma_test_29;dma_test_32;dma_test_37;dma_test_41;dma_test_47;dma_test_48;dma_test_49;dma_test_54;dma_test_57
01:20:15 INFO  : Result from executing command 'getPlatforms': dma_test_29|C:/Users/33651/Desktop/projet_ajc/dma_vitis/dma_test_29/export/dma_test_29/dma_test_29.xpfm;dma_test_2|C:/Users/33651/Desktop/projet_ajc/dma_vitis/dma_test_2/export/dma_test_2/dma_test_2.xpfm;dma_test_32|C:/Users/33651/Desktop/projet_ajc/dma_vitis/dma_test_32/export/dma_test_32/dma_test_32.xpfm;dma_test_37|C:/Users/33651/Desktop/projet_ajc/dma_vitis/dma_test_37/export/dma_test_37/dma_test_37.xpfm;dma_test_41|C:/Users/33651/Desktop/projet_ajc/dma_vitis/dma_test_41/export/dma_test_41/dma_test_41.xpfm;dma_test_48|C:/Users/33651/Desktop/projet_ajc/dma_vitis/dma_test_48/export/dma_test_48/dma_test_48.xpfm;dma_test_49|C:/Users/33651/Desktop/projet_ajc/dma_vitis/dma_test_49/export/dma_test_49/dma_test_49.xpfm;dma_test_54|C:/Users/33651/Desktop/projet_ajc/dma_vitis/dma_test_54/export/dma_test_54/dma_test_54.xpfm;dma_test_55|C:/Users/33651/Desktop/projet_ajc/dma_vitis/dma_test_55/export/dma_test_55/dma_test_55.xpfm;dma_test_6|C:/Users/33651/Desktop/projet_ajc/dma_vitis/dma_test_6/export/dma_test_6/dma_test_6.xpfm;dma_test_8|C:/Users/33651/Desktop/projet_ajc/dma_vitis/dma_test_8/export/dma_test_8/dma_test_8.xpfm
01:21:17 INFO  : The hardware specfication used by project 'dma' is out of sync with the platform. Resource files extracted from the hardware specfiication will be updated.
01:21:19 INFO  : The file 'C:\Users\33651\Desktop\projet_ajc\dma_vitis\dma\_ide\bitstream\design_1_wrapper.bit' stored in project is removed.
01:21:19 INFO  : The updated bitstream files are copied from platform to folder 'C:\Users\33651\Desktop\projet_ajc\dma_vitis\dma\_ide\bitstream' in project 'dma'.
01:21:19 INFO  : The file 'C:\Users\33651\Desktop\projet_ajc\dma_vitis\dma\_ide\psinit\ps7_init.tcl' stored in project is removed.
01:21:23 INFO  : The updated ps init files are copied from platform to folder 'C:\Users\33651\Desktop\projet_ajc\dma_vitis\dma\_ide\psinit' in project 'dma'.
01:25:41 INFO  : Result from executing command 'getProjects': dma_test_29;dma_test_32;dma_test_37;dma_test_41;dma_test_47;dma_test_48;dma_test_49;dma_test_54;dma_test_57
01:25:41 INFO  : Result from executing command 'getPlatforms': dma_test_29|C:/Users/33651/Desktop/projet_ajc/dma_vitis/dma_test_29/export/dma_test_29/dma_test_29.xpfm;dma_test_2|C:/Users/33651/Desktop/projet_ajc/dma_vitis/dma_test_2/export/dma_test_2/dma_test_2.xpfm;dma_test_32|C:/Users/33651/Desktop/projet_ajc/dma_vitis/dma_test_32/export/dma_test_32/dma_test_32.xpfm;dma_test_37|C:/Users/33651/Desktop/projet_ajc/dma_vitis/dma_test_37/export/dma_test_37/dma_test_37.xpfm;dma_test_41|C:/Users/33651/Desktop/projet_ajc/dma_vitis/dma_test_41/export/dma_test_41/dma_test_41.xpfm;dma_test_48|C:/Users/33651/Desktop/projet_ajc/dma_vitis/dma_test_48/export/dma_test_48/dma_test_48.xpfm;dma_test_49|C:/Users/33651/Desktop/projet_ajc/dma_vitis/dma_test_49/export/dma_test_49/dma_test_49.xpfm;dma_test_54|C:/Users/33651/Desktop/projet_ajc/dma_vitis/dma_test_54/export/dma_test_54/dma_test_54.xpfm;dma_test_55|C:/Users/33651/Desktop/projet_ajc/dma_vitis/dma_test_55/export/dma_test_55/dma_test_55.xpfm;dma_test_57|C:/Users/33651/Desktop/projet_ajc/dma_vitis/dma_test_57/export/dma_test_57/dma_test_57.xpfm;dma_test_6|C:/Users/33651/Desktop/projet_ajc/dma_vitis/dma_test_6/export/dma_test_6/dma_test_6.xpfm;dma_test_8|C:/Users/33651/Desktop/projet_ajc/dma_vitis/dma_test_8/export/dma_test_8/dma_test_8.xpfm
01:25:41 INFO  : Checking for BSP changes to sync application flags for project 'dma'...
01:25:53 INFO  : Checking for BSP changes to sync application flags for project 'dma'...
01:31:55 INFO  : Disconnected from the channel tcfchan#107.
01:31:56 INFO  : Connected to target on host '127.0.0.1' and port '3121'.
01:31:56 INFO  : Jtag cable 'Digilent Cora Z7 - 7010 210370AD525DA' is selected.
01:31:56 INFO  : 'jtag frequency' command is executed.
01:31:56 INFO  : Context for 'APU' is selected.
01:31:56 INFO  : System reset is completed.
01:31:59 INFO  : 'after 3000' command is executed.
01:31:59 INFO  : 'targets -set -filter {jtag_cable_name =~ "Digilent Cora Z7 - 7010 210370AD525DA" && level==0 && jtag_device_ctx=="jsn-Cora Z7 - 7010-210370AD525DA-13722093-0"}' command is executed.
01:32:01 INFO  : Device configured successfully with "C:/Users/33651/Desktop/projet_ajc/dma_vitis/dma/_ide/bitstream/design_1_wrapper.bit"
01:32:01 INFO  : Context for 'APU' is selected.
01:32:01 INFO  : Hardware design and registers information is loaded from 'C:/Users/33651/Desktop/projet_ajc/dma_vitis/dma_test_57/export/dma_test_57/hw/design_1_wrapper.xsa'.
01:32:01 INFO  : 'configparams force-mem-access 1' command is executed.
01:32:01 INFO  : Context for 'APU' is selected.
01:32:01 INFO  : Sourcing of 'C:/Users/33651/Desktop/projet_ajc/dma_vitis/dma/_ide/psinit/ps7_init.tcl' is done.
01:32:01 INFO  : 'ps7_init' command is executed.
01:32:01 INFO  : 'ps7_post_config' command is executed.
01:32:01 INFO  : Context for processor 'ps7_cortexa9_0' is selected.
01:32:02 INFO  : The application 'C:/Users/33651/Desktop/projet_ajc/dma_vitis/dma/Debug/dma.elf' is downloaded to processor 'ps7_cortexa9_0'.
01:32:02 INFO  : 'configparams force-mem-access 0' command is executed.
01:32:02 INFO  : ----------------XSDB Script----------------
connect -url tcp:127.0.0.1:3121
targets -set -nocase -filter {name =~"APU*"}
rst -system
after 3000
targets -set -filter {jtag_cable_name =~ "Digilent Cora Z7 - 7010 210370AD525DA" && level==0 && jtag_device_ctx=="jsn-Cora Z7 - 7010-210370AD525DA-13722093-0"}
fpga -file C:/Users/33651/Desktop/projet_ajc/dma_vitis/dma/_ide/bitstream/design_1_wrapper.bit
targets -set -nocase -filter {name =~"APU*"}
loadhw -hw C:/Users/33651/Desktop/projet_ajc/dma_vitis/dma_test_57/export/dma_test_57/hw/design_1_wrapper.xsa -mem-ranges [list {0x40000000 0xbfffffff}] -regs
configparams force-mem-access 1
targets -set -nocase -filter {name =~"APU*"}
source C:/Users/33651/Desktop/projet_ajc/dma_vitis/dma/_ide/psinit/ps7_init.tcl
ps7_init
ps7_post_config
targets -set -nocase -filter {name =~ "*A9*#0"}
dow C:/Users/33651/Desktop/projet_ajc/dma_vitis/dma/Debug/dma.elf
configparams force-mem-access 0
----------------End of Script----------------

01:32:02 INFO  : Context for processor 'ps7_cortexa9_0' is selected.
01:32:02 INFO  : 'con' command is executed.
01:32:02 INFO  : ----------------XSDB Script (After Launch)----------------
targets -set -nocase -filter {name =~ "*A9*#0"}
con
----------------End of Script----------------

01:32:02 INFO  : Launch script is exported to file 'C:\Users\33651\Desktop\projet_ajc\dma_vitis\dma_system\_ide\scripts\systemdebugger_dma_system_standalone.tcl'
01:43:16 INFO  : Result from executing command 'getProjects': dma_test_29;dma_test_32;dma_test_37;dma_test_41;dma_test_47;dma_test_48;dma_test_49;dma_test_54;dma_test_57;dma_test_58
01:43:16 INFO  : Result from executing command 'getPlatforms': dma_test_29|C:/Users/33651/Desktop/projet_ajc/dma_vitis/dma_test_29/export/dma_test_29/dma_test_29.xpfm;dma_test_2|C:/Users/33651/Desktop/projet_ajc/dma_vitis/dma_test_2/export/dma_test_2/dma_test_2.xpfm;dma_test_32|C:/Users/33651/Desktop/projet_ajc/dma_vitis/dma_test_32/export/dma_test_32/dma_test_32.xpfm;dma_test_37|C:/Users/33651/Desktop/projet_ajc/dma_vitis/dma_test_37/export/dma_test_37/dma_test_37.xpfm;dma_test_41|C:/Users/33651/Desktop/projet_ajc/dma_vitis/dma_test_41/export/dma_test_41/dma_test_41.xpfm;dma_test_48|C:/Users/33651/Desktop/projet_ajc/dma_vitis/dma_test_48/export/dma_test_48/dma_test_48.xpfm;dma_test_49|C:/Users/33651/Desktop/projet_ajc/dma_vitis/dma_test_49/export/dma_test_49/dma_test_49.xpfm;dma_test_54|C:/Users/33651/Desktop/projet_ajc/dma_vitis/dma_test_54/export/dma_test_54/dma_test_54.xpfm;dma_test_55|C:/Users/33651/Desktop/projet_ajc/dma_vitis/dma_test_55/export/dma_test_55/dma_test_55.xpfm;dma_test_57|C:/Users/33651/Desktop/projet_ajc/dma_vitis/dma_test_57/export/dma_test_57/dma_test_57.xpfm;dma_test_6|C:/Users/33651/Desktop/projet_ajc/dma_vitis/dma_test_6/export/dma_test_6/dma_test_6.xpfm;dma_test_8|C:/Users/33651/Desktop/projet_ajc/dma_vitis/dma_test_8/export/dma_test_8/dma_test_8.xpfm
01:43:42 INFO  : The hardware specfication used by project 'dma' is out of sync with the platform. Resource files extracted from the hardware specfiication will be updated.
01:43:43 INFO  : The file 'C:\Users\33651\Desktop\projet_ajc\dma_vitis\dma\_ide\bitstream\design_1_wrapper.bit' stored in project is removed.
01:43:43 INFO  : The updated bitstream files are copied from platform to folder 'C:\Users\33651\Desktop\projet_ajc\dma_vitis\dma\_ide\bitstream' in project 'dma'.
01:43:44 INFO  : The file 'C:\Users\33651\Desktop\projet_ajc\dma_vitis\dma\_ide\psinit\ps7_init.tcl' stored in project is removed.
01:43:48 INFO  : The updated ps init files are copied from platform to folder 'C:\Users\33651\Desktop\projet_ajc\dma_vitis\dma\_ide\psinit' in project 'dma'.
01:47:33 INFO  : Result from executing command 'getProjects': dma_test_29;dma_test_32;dma_test_37;dma_test_41;dma_test_47;dma_test_48;dma_test_49;dma_test_54;dma_test_57;dma_test_58
01:47:33 INFO  : Result from executing command 'getPlatforms': dma_test_29|C:/Users/33651/Desktop/projet_ajc/dma_vitis/dma_test_29/export/dma_test_29/dma_test_29.xpfm;dma_test_2|C:/Users/33651/Desktop/projet_ajc/dma_vitis/dma_test_2/export/dma_test_2/dma_test_2.xpfm;dma_test_32|C:/Users/33651/Desktop/projet_ajc/dma_vitis/dma_test_32/export/dma_test_32/dma_test_32.xpfm;dma_test_37|C:/Users/33651/Desktop/projet_ajc/dma_vitis/dma_test_37/export/dma_test_37/dma_test_37.xpfm;dma_test_41|C:/Users/33651/Desktop/projet_ajc/dma_vitis/dma_test_41/export/dma_test_41/dma_test_41.xpfm;dma_test_48|C:/Users/33651/Desktop/projet_ajc/dma_vitis/dma_test_48/export/dma_test_48/dma_test_48.xpfm;dma_test_49|C:/Users/33651/Desktop/projet_ajc/dma_vitis/dma_test_49/export/dma_test_49/dma_test_49.xpfm;dma_test_54|C:/Users/33651/Desktop/projet_ajc/dma_vitis/dma_test_54/export/dma_test_54/dma_test_54.xpfm;dma_test_55|C:/Users/33651/Desktop/projet_ajc/dma_vitis/dma_test_55/export/dma_test_55/dma_test_55.xpfm;dma_test_57|C:/Users/33651/Desktop/projet_ajc/dma_vitis/dma_test_57/export/dma_test_57/dma_test_57.xpfm;dma_test_58|C:/Users/33651/Desktop/projet_ajc/dma_vitis/dma_test_58/export/dma_test_58/dma_test_58.xpfm;dma_test_6|C:/Users/33651/Desktop/projet_ajc/dma_vitis/dma_test_6/export/dma_test_6/dma_test_6.xpfm;dma_test_8|C:/Users/33651/Desktop/projet_ajc/dma_vitis/dma_test_8/export/dma_test_8/dma_test_8.xpfm
01:47:34 INFO  : Checking for BSP changes to sync application flags for project 'dma'...
01:48:33 INFO  : Disconnected from the channel tcfchan#111.
01:48:34 INFO  : Connected to target on host '127.0.0.1' and port '3121'.
01:48:34 INFO  : Jtag cable 'Digilent Cora Z7 - 7010 210370AD525DA' is selected.
01:48:34 INFO  : 'jtag frequency' command is executed.
01:48:34 INFO  : Context for 'APU' is selected.
01:48:34 INFO  : System reset is completed.
01:48:37 INFO  : 'after 3000' command is executed.
01:48:37 INFO  : 'targets -set -filter {jtag_cable_name =~ "Digilent Cora Z7 - 7010 210370AD525DA" && level==0 && jtag_device_ctx=="jsn-Cora Z7 - 7010-210370AD525DA-13722093-0"}' command is executed.
01:48:38 INFO  : Device configured successfully with "C:/Users/33651/Desktop/projet_ajc/dma_vitis/dma/_ide/bitstream/design_1_wrapper.bit"
01:48:38 INFO  : Context for 'APU' is selected.
01:48:39 INFO  : Hardware design and registers information is loaded from 'C:/Users/33651/Desktop/projet_ajc/dma_vitis/dma_test_58/export/dma_test_58/hw/design_1_wrapper.xsa'.
01:48:39 INFO  : 'configparams force-mem-access 1' command is executed.
01:48:39 INFO  : Context for 'APU' is selected.
01:48:39 INFO  : Sourcing of 'C:/Users/33651/Desktop/projet_ajc/dma_vitis/dma/_ide/psinit/ps7_init.tcl' is done.
01:48:39 INFO  : 'ps7_init' command is executed.
01:48:39 INFO  : 'ps7_post_config' command is executed.
01:48:39 INFO  : Context for processor 'ps7_cortexa9_0' is selected.
01:48:39 INFO  : The application 'C:/Users/33651/Desktop/projet_ajc/dma_vitis/dma/Debug/dma.elf' is downloaded to processor 'ps7_cortexa9_0'.
01:48:39 INFO  : 'configparams force-mem-access 0' command is executed.
01:48:39 INFO  : ----------------XSDB Script----------------
connect -url tcp:127.0.0.1:3121
targets -set -nocase -filter {name =~"APU*"}
rst -system
after 3000
targets -set -filter {jtag_cable_name =~ "Digilent Cora Z7 - 7010 210370AD525DA" && level==0 && jtag_device_ctx=="jsn-Cora Z7 - 7010-210370AD525DA-13722093-0"}
fpga -file C:/Users/33651/Desktop/projet_ajc/dma_vitis/dma/_ide/bitstream/design_1_wrapper.bit
targets -set -nocase -filter {name =~"APU*"}
loadhw -hw C:/Users/33651/Desktop/projet_ajc/dma_vitis/dma_test_58/export/dma_test_58/hw/design_1_wrapper.xsa -mem-ranges [list {0x40000000 0xbfffffff}] -regs
configparams force-mem-access 1
targets -set -nocase -filter {name =~"APU*"}
source C:/Users/33651/Desktop/projet_ajc/dma_vitis/dma/_ide/psinit/ps7_init.tcl
ps7_init
ps7_post_config
targets -set -nocase -filter {name =~ "*A9*#0"}
dow C:/Users/33651/Desktop/projet_ajc/dma_vitis/dma/Debug/dma.elf
configparams force-mem-access 0
----------------End of Script----------------

01:48:39 INFO  : Context for processor 'ps7_cortexa9_0' is selected.
01:48:39 INFO  : 'con' command is executed.
01:48:39 INFO  : ----------------XSDB Script (After Launch)----------------
targets -set -nocase -filter {name =~ "*A9*#0"}
con
----------------End of Script----------------

01:48:39 INFO  : Launch script is exported to file 'C:\Users\33651\Desktop\projet_ajc\dma_vitis\dma_system\_ide\scripts\systemdebugger_dma_system_standalone.tcl'
02:00:05 INFO  : The hardware specfication used by project 'dma' is out of sync with the platform. Resource files extracted from the hardware specfiication will be updated.
02:00:05 INFO  : The file 'C:\Users\33651\Desktop\projet_ajc\dma_vitis\dma\_ide\bitstream\design_1_wrapper.bit' stored in project is removed.
02:00:05 INFO  : The updated bitstream files are copied from platform to folder 'C:\Users\33651\Desktop\projet_ajc\dma_vitis\dma\_ide\bitstream' in project 'dma'.
02:00:05 INFO  : The file 'C:\Users\33651\Desktop\projet_ajc\dma_vitis\dma\_ide\psinit\ps7_init.tcl' stored in project is removed.
02:00:09 INFO  : The updated ps init files are copied from platform to folder 'C:\Users\33651\Desktop\projet_ajc\dma_vitis\dma\_ide\psinit' in project 'dma'.
02:01:59 ERROR : An unexpected exception occurred in the module 'reading platform'
02:19:38 INFO  : Result from executing command 'getProjects': dma_test_29;dma_test_32;dma_test_37;dma_test_41;dma_test_47;dma_test_48;dma_test_49;dma_test_54;dma_test_58;dma_test_59
02:19:38 INFO  : Result from executing command 'getPlatforms': dma_test_29|C:/Users/33651/Desktop/projet_ajc/dma_vitis/dma_test_29/export/dma_test_29/dma_test_29.xpfm;dma_test_2|C:/Users/33651/Desktop/projet_ajc/dma_vitis/dma_test_2/export/dma_test_2/dma_test_2.xpfm;dma_test_32|C:/Users/33651/Desktop/projet_ajc/dma_vitis/dma_test_32/export/dma_test_32/dma_test_32.xpfm;dma_test_37|C:/Users/33651/Desktop/projet_ajc/dma_vitis/dma_test_37/export/dma_test_37/dma_test_37.xpfm;dma_test_41|C:/Users/33651/Desktop/projet_ajc/dma_vitis/dma_test_41/export/dma_test_41/dma_test_41.xpfm;dma_test_48|C:/Users/33651/Desktop/projet_ajc/dma_vitis/dma_test_48/export/dma_test_48/dma_test_48.xpfm;dma_test_49|C:/Users/33651/Desktop/projet_ajc/dma_vitis/dma_test_49/export/dma_test_49/dma_test_49.xpfm;dma_test_54|C:/Users/33651/Desktop/projet_ajc/dma_vitis/dma_test_54/export/dma_test_54/dma_test_54.xpfm;dma_test_55|C:/Users/33651/Desktop/projet_ajc/dma_vitis/dma_test_55/export/dma_test_55/dma_test_55.xpfm;dma_test_58|C:/Users/33651/Desktop/projet_ajc/dma_vitis/dma_test_58/export/dma_test_58/dma_test_58.xpfm;dma_test_6|C:/Users/33651/Desktop/projet_ajc/dma_vitis/dma_test_6/export/dma_test_6/dma_test_6.xpfm;dma_test_8|C:/Users/33651/Desktop/projet_ajc/dma_vitis/dma_test_8/export/dma_test_8/dma_test_8.xpfm
02:19:57 INFO  : The hardware specfication used by project 'dma' is out of sync with the platform. Resource files extracted from the hardware specfiication will be updated.
02:19:59 INFO  : The file 'C:\Users\33651\Desktop\projet_ajc\dma_vitis\dma\_ide\bitstream\design_1_wrapper.bit' stored in project is removed.
02:19:59 INFO  : The updated bitstream files are copied from platform to folder 'C:\Users\33651\Desktop\projet_ajc\dma_vitis\dma\_ide\bitstream' in project 'dma'.
02:19:59 INFO  : The file 'C:\Users\33651\Desktop\projet_ajc\dma_vitis\dma\_ide\psinit\ps7_init.tcl' stored in project is removed.
02:20:04 INFO  : The updated ps init files are copied from platform to folder 'C:\Users\33651\Desktop\projet_ajc\dma_vitis\dma\_ide\psinit' in project 'dma'.
02:26:32 INFO  : Result from executing command 'getProjects': dma_test_29;dma_test_32;dma_test_37;dma_test_41;dma_test_47;dma_test_48;dma_test_49;dma_test_54;dma_test_58;dma_test_59
02:26:32 INFO  : Result from executing command 'getPlatforms': dma_test_29|C:/Users/33651/Desktop/projet_ajc/dma_vitis/dma_test_29/export/dma_test_29/dma_test_29.xpfm;dma_test_2|C:/Users/33651/Desktop/projet_ajc/dma_vitis/dma_test_2/export/dma_test_2/dma_test_2.xpfm;dma_test_32|C:/Users/33651/Desktop/projet_ajc/dma_vitis/dma_test_32/export/dma_test_32/dma_test_32.xpfm;dma_test_37|C:/Users/33651/Desktop/projet_ajc/dma_vitis/dma_test_37/export/dma_test_37/dma_test_37.xpfm;dma_test_41|C:/Users/33651/Desktop/projet_ajc/dma_vitis/dma_test_41/export/dma_test_41/dma_test_41.xpfm;dma_test_48|C:/Users/33651/Desktop/projet_ajc/dma_vitis/dma_test_48/export/dma_test_48/dma_test_48.xpfm;dma_test_49|C:/Users/33651/Desktop/projet_ajc/dma_vitis/dma_test_49/export/dma_test_49/dma_test_49.xpfm;dma_test_54|C:/Users/33651/Desktop/projet_ajc/dma_vitis/dma_test_54/export/dma_test_54/dma_test_54.xpfm;dma_test_55|C:/Users/33651/Desktop/projet_ajc/dma_vitis/dma_test_55/export/dma_test_55/dma_test_55.xpfm;dma_test_58|C:/Users/33651/Desktop/projet_ajc/dma_vitis/dma_test_58/export/dma_test_58/dma_test_58.xpfm;dma_test_59|C:/Users/33651/Desktop/projet_ajc/dma_vitis/dma_test_59/export/dma_test_59/dma_test_59.xpfm;dma_test_6|C:/Users/33651/Desktop/projet_ajc/dma_vitis/dma_test_6/export/dma_test_6/dma_test_6.xpfm;dma_test_8|C:/Users/33651/Desktop/projet_ajc/dma_vitis/dma_test_8/export/dma_test_8/dma_test_8.xpfm
02:26:33 INFO  : Checking for BSP changes to sync application flags for project 'dma'...
02:47:36 INFO  : Checking for BSP changes to sync application flags for project 'dma'...
02:55:42 INFO  : Disconnected from the channel tcfchan#114.
02:55:43 INFO  : Connected to target on host '127.0.0.1' and port '3121'.
02:55:43 INFO  : Jtag cable 'Digilent Cora Z7 - 7010 210370AD525DA' is selected.
02:55:43 INFO  : 'jtag frequency' command is executed.
02:55:43 INFO  : Context for 'APU' is selected.
02:55:43 INFO  : System reset is completed.
02:55:46 INFO  : 'after 3000' command is executed.
02:55:46 INFO  : 'targets -set -filter {jtag_cable_name =~ "Digilent Cora Z7 - 7010 210370AD525DA" && level==0 && jtag_device_ctx=="jsn-Cora Z7 - 7010-210370AD525DA-13722093-0"}' command is executed.
02:55:47 INFO  : Device configured successfully with "C:/Users/33651/Desktop/projet_ajc/dma_vitis/dma/_ide/bitstream/design_1_wrapper.bit"
02:55:47 INFO  : Context for 'APU' is selected.
02:55:48 INFO  : Hardware design and registers information is loaded from 'C:/Users/33651/Desktop/projet_ajc/dma_vitis/dma_test_59/export/dma_test_59/hw/design_1_wrapper.xsa'.
02:55:48 INFO  : 'configparams force-mem-access 1' command is executed.
02:55:48 INFO  : Context for 'APU' is selected.
02:55:48 INFO  : Sourcing of 'C:/Users/33651/Desktop/projet_ajc/dma_vitis/dma/_ide/psinit/ps7_init.tcl' is done.
02:55:48 INFO  : 'ps7_init' command is executed.
02:55:48 INFO  : 'ps7_post_config' command is executed.
02:55:48 INFO  : Context for processor 'ps7_cortexa9_0' is selected.
02:55:48 INFO  : The application 'C:/Users/33651/Desktop/projet_ajc/dma_vitis/dma/Debug/dma.elf' is downloaded to processor 'ps7_cortexa9_0'.
02:55:48 INFO  : 'configparams force-mem-access 0' command is executed.
02:55:48 INFO  : ----------------XSDB Script----------------
connect -url tcp:127.0.0.1:3121
targets -set -nocase -filter {name =~"APU*"}
rst -system
after 3000
targets -set -filter {jtag_cable_name =~ "Digilent Cora Z7 - 7010 210370AD525DA" && level==0 && jtag_device_ctx=="jsn-Cora Z7 - 7010-210370AD525DA-13722093-0"}
fpga -file C:/Users/33651/Desktop/projet_ajc/dma_vitis/dma/_ide/bitstream/design_1_wrapper.bit
targets -set -nocase -filter {name =~"APU*"}
loadhw -hw C:/Users/33651/Desktop/projet_ajc/dma_vitis/dma_test_59/export/dma_test_59/hw/design_1_wrapper.xsa -mem-ranges [list {0x40000000 0xbfffffff}] -regs
configparams force-mem-access 1
targets -set -nocase -filter {name =~"APU*"}
source C:/Users/33651/Desktop/projet_ajc/dma_vitis/dma/_ide/psinit/ps7_init.tcl
ps7_init
ps7_post_config
targets -set -nocase -filter {name =~ "*A9*#0"}
dow C:/Users/33651/Desktop/projet_ajc/dma_vitis/dma/Debug/dma.elf
configparams force-mem-access 0
----------------End of Script----------------

02:55:48 INFO  : Context for processor 'ps7_cortexa9_0' is selected.
02:55:48 INFO  : 'con' command is executed.
02:55:48 INFO  : ----------------XSDB Script (After Launch)----------------
targets -set -nocase -filter {name =~ "*A9*#0"}
con
----------------End of Script----------------

02:55:48 INFO  : Launch script is exported to file 'C:\Users\33651\Desktop\projet_ajc\dma_vitis\dma_system\_ide\scripts\systemdebugger_dma_system_standalone.tcl'
04:06:37 ERROR : An unexpected exception occurred in the module 'reading platform'
04:06:42 ERROR : An unexpected exception occurred in the module 'reading platform'
04:06:44 ERROR : An unexpected exception occurred in the module 'reading platform'
04:06:46 ERROR : An unexpected exception occurred in the module 'reading platform'
04:07:06 ERROR : An unexpected exception occurred in the module 'reading platform'
04:07:09 ERROR : An unexpected exception occurred in the module 'reading platform'
04:07:41 ERROR : An unexpected exception occurred in the module 'reading platform'
04:07:46 ERROR : An unexpected exception occurred in the module 'reading platform'
04:07:48 ERROR : An unexpected exception occurred in the module 'reading platform'
04:08:54 INFO  : Disconnected from the channel tcfchan#118.
04:08:55 INFO  : Connected to target on host '127.0.0.1' and port '3121'.
04:08:55 INFO  : Jtag cable 'Digilent Cora Z7 - 7010 210370AD525DA' is selected.
04:08:55 INFO  : 'jtag frequency' command is executed.
04:08:55 INFO  : Context for 'APU' is selected.
04:08:55 INFO  : System reset is completed.
04:08:58 INFO  : 'after 3000' command is executed.
04:08:58 INFO  : 'targets -set -filter {jtag_cable_name =~ "Digilent Cora Z7 - 7010 210370AD525DA" && level==0 && jtag_device_ctx=="jsn-Cora Z7 - 7010-210370AD525DA-13722093-0"}' command is executed.
04:09:00 INFO  : Device configured successfully with "C:/Users/33651/Desktop/projet_ajc/dma_vitis/dma/_ide/bitstream/design_1_wrapper.bit"
04:09:00 INFO  : Context for 'APU' is selected.
04:09:00 INFO  : Hardware design and registers information is loaded from 'C:/Users/33651/Desktop/projet_ajc/dma_vitis/dma_test_59/export/dma_test_59/hw/design_1_wrapper.xsa'.
04:09:00 INFO  : 'configparams force-mem-access 1' command is executed.
04:09:00 INFO  : Context for 'APU' is selected.
04:09:00 INFO  : Sourcing of 'C:/Users/33651/Desktop/projet_ajc/dma_vitis/dma/_ide/psinit/ps7_init.tcl' is done.
04:09:00 INFO  : 'ps7_init' command is executed.
04:09:00 INFO  : 'ps7_post_config' command is executed.
04:09:00 INFO  : Context for processor 'ps7_cortexa9_0' is selected.
04:09:00 INFO  : The application 'C:/Users/33651/Desktop/projet_ajc/dma_vitis/dma/Debug/dma.elf' is downloaded to processor 'ps7_cortexa9_0'.
04:09:00 INFO  : 'configparams force-mem-access 0' command is executed.
04:09:00 INFO  : ----------------XSDB Script----------------
connect -url tcp:127.0.0.1:3121
targets -set -nocase -filter {name =~"APU*"}
rst -system
after 3000
targets -set -filter {jtag_cable_name =~ "Digilent Cora Z7 - 7010 210370AD525DA" && level==0 && jtag_device_ctx=="jsn-Cora Z7 - 7010-210370AD525DA-13722093-0"}
fpga -file C:/Users/33651/Desktop/projet_ajc/dma_vitis/dma/_ide/bitstream/design_1_wrapper.bit
targets -set -nocase -filter {name =~"APU*"}
loadhw -hw C:/Users/33651/Desktop/projet_ajc/dma_vitis/dma_test_59/export/dma_test_59/hw/design_1_wrapper.xsa -mem-ranges [list {0x40000000 0xbfffffff}] -regs
configparams force-mem-access 1
targets -set -nocase -filter {name =~"APU*"}
source C:/Users/33651/Desktop/projet_ajc/dma_vitis/dma/_ide/psinit/ps7_init.tcl
ps7_init
ps7_post_config
targets -set -nocase -filter {name =~ "*A9*#0"}
dow C:/Users/33651/Desktop/projet_ajc/dma_vitis/dma/Debug/dma.elf
configparams force-mem-access 0
----------------End of Script----------------

04:09:00 INFO  : Context for processor 'ps7_cortexa9_0' is selected.
04:09:00 INFO  : 'con' command is executed.
04:09:00 INFO  : ----------------XSDB Script (After Launch)----------------
targets -set -nocase -filter {name =~ "*A9*#0"}
con
----------------End of Script----------------

04:09:00 INFO  : Launch script is exported to file 'C:\Users\33651\Desktop\projet_ajc\dma_vitis\dma_system\_ide\scripts\systemdebugger_dma_system_standalone.tcl'
04:15:16 WARN  : channel "tcfchan#119" closed
04:54:47 INFO  : Connected to target on host '127.0.0.1' and port '3121'.
04:54:47 WARN  : IDE version '2020.2' doesn't match hw_server version '2023.2'. Some debug features may not work.
04:54:48 INFO  : Jtag cable 'Digilent Cora Z7 - 7010 210370AD525DA' is selected.
04:54:48 INFO  : 'jtag frequency' command is executed.
04:54:48 INFO  : Context for 'APU' is selected.
04:54:48 INFO  : System reset is completed.
04:54:51 INFO  : 'after 3000' command is executed.
04:54:51 INFO  : 'targets -set -filter {jtag_cable_name =~ "Digilent Cora Z7 - 7010 210370AD525DA" && level==0 && jtag_device_ctx=="jsn-Cora Z7 - 7010-210370AD525DA-13722093-0"}' command is executed.
04:54:52 INFO  : Device configured successfully with "C:/Users/33651/Desktop/projet_ajc/dma_vitis/dma/_ide/bitstream/design_1_wrapper.bit"
04:54:52 INFO  : Context for 'APU' is selected.
04:54:52 INFO  : Hardware design and registers information is loaded from 'C:/Users/33651/Desktop/projet_ajc/dma_vitis/dma_test_59/export/dma_test_59/hw/design_1_wrapper.xsa'.
04:54:52 INFO  : 'configparams force-mem-access 1' command is executed.
04:54:52 INFO  : Context for 'APU' is selected.
04:54:52 INFO  : Sourcing of 'C:/Users/33651/Desktop/projet_ajc/dma_vitis/dma/_ide/psinit/ps7_init.tcl' is done.
04:54:52 INFO  : 'ps7_init' command is executed.
04:54:52 INFO  : 'ps7_post_config' command is executed.
04:54:52 INFO  : Context for processor 'ps7_cortexa9_0' is selected.
04:54:53 INFO  : The application 'C:/Users/33651/Desktop/projet_ajc/dma_vitis/dma/Debug/dma.elf' is downloaded to processor 'ps7_cortexa9_0'.
04:54:53 INFO  : 'configparams force-mem-access 0' command is executed.
04:54:53 INFO  : ----------------XSDB Script----------------
connect -url tcp:127.0.0.1:3121
targets -set -nocase -filter {name =~"APU*"}
rst -system
after 3000
targets -set -filter {jtag_cable_name =~ "Digilent Cora Z7 - 7010 210370AD525DA" && level==0 && jtag_device_ctx=="jsn-Cora Z7 - 7010-210370AD525DA-13722093-0"}
fpga -file C:/Users/33651/Desktop/projet_ajc/dma_vitis/dma/_ide/bitstream/design_1_wrapper.bit
targets -set -nocase -filter {name =~"APU*"}
loadhw -hw C:/Users/33651/Desktop/projet_ajc/dma_vitis/dma_test_59/export/dma_test_59/hw/design_1_wrapper.xsa -mem-ranges [list {0x40000000 0xbfffffff}] -regs
configparams force-mem-access 1
targets -set -nocase -filter {name =~"APU*"}
source C:/Users/33651/Desktop/projet_ajc/dma_vitis/dma/_ide/psinit/ps7_init.tcl
ps7_init
ps7_post_config
targets -set -nocase -filter {name =~ "*A9*#0"}
dow C:/Users/33651/Desktop/projet_ajc/dma_vitis/dma/Debug/dma.elf
configparams force-mem-access 0
----------------End of Script----------------

04:54:53 INFO  : Context for processor 'ps7_cortexa9_0' is selected.
04:54:53 INFO  : 'con' command is executed.
04:54:53 INFO  : ----------------XSDB Script (After Launch)----------------
targets -set -nocase -filter {name =~ "*A9*#0"}
con
----------------End of Script----------------

04:54:53 INFO  : Launch script is exported to file 'C:\Users\33651\Desktop\projet_ajc\dma_vitis\dma_system\_ide\scripts\systemdebugger_dma_system_standalone.tcl'
