Copyright 1986-2020 Xilinx, Inc. All Rights Reserved.
--------------------------------------------------------------------------------------------------------------------------------------------------------------------------------
| Tool Version : Vivado v.2020.2 (win64) Build 3064766 Wed Nov 18 09:12:45 MST 2020
| Date         : Fri Aug 14 15:07:14 2026
| Host         : LAPTOP-9066CLLC running 64-bit major release  (build 9200)
| Command      : report_timing_summary -max_paths 10 -file FSM_timing_summary_routed.rpt -pb FSM_timing_summary_routed.pb -rpx FSM_timing_summary_routed.rpx -warn_on_violation
| Design       : FSM
| Device       : 7z010-clg400
| Speed File   : -1  PRODUCTION 1.12 2019-11-22
--------------------------------------------------------------------------------------------------------------------------------------------------------------------------------

Timing Summary Report

------------------------------------------------------------------------------------------------
| Timer Settings
| --------------
------------------------------------------------------------------------------------------------

  Enable Multi Corner Analysis               :  Yes
  Enable Pessimism Removal                   :  Yes
  Pessimism Removal Resolution               :  Nearest Common Node
  Enable Input Delay Default Clock           :  No
  Enable Preset / Clear Arcs                 :  No
  Disable Flight Delays                      :  No
  Ignore I/O Paths                           :  No
  Timing Early Launch at Borrowing Latches   :  No
  Borrow Time for Max Delay Exceptions       :  Yes
  Merge Timing Exceptions                    :  Yes

  Corner  Analyze    Analyze    
  Name    Max Paths  Min Paths  
  ------  ---------  ---------  
  Slow    Yes        Yes        
  Fast    Yes        Yes        



check_timing report

Table of Contents
-----------------
1. checking no_clock (4)
2. checking constant_clock (0)
3. checking pulse_width_clock (0)
4. checking unconstrained_internal_endpoints (2)
5. checking no_input_delay (2)
6. checking no_output_delay (4)
7. checking multiple_clock (0)
8. checking generated_clocks (0)
9. checking loops (0)
10. checking partial_input_delay (0)
11. checking partial_output_delay (0)
12. checking latch_loops (0)

1. checking no_clock (4)
------------------------
 There are 2 register/latch pins with no clock driven by root clock pin: current_color_reg[0]/Q (HIGH)

 There are 2 register/latch pins with no clock driven by root clock pin: current_color_reg[1]/Q (HIGH)


2. checking constant_clock (0)
------------------------------
 There are 0 register/latch pins with constant_clock.


3. checking pulse_width_clock (0)
---------------------------------
 There are 0 register/latch pins which need pulse_width check


4. checking unconstrained_internal_endpoints (2)
------------------------------------------------
 There are 2 pins that are not constrained for maximum delay. (HIGH)

 There are 0 pins that are not constrained for maximum delay due to constant clock.


5. checking no_input_delay (2)
------------------------------
 There are 2 input ports with no input delay specified. (HIGH)

 There are 0 input ports with no input delay but user has a false path constraint.


6. checking no_output_delay (4)
-------------------------------
 There are 4 ports with no output delay specified. (HIGH)

 There are 0 ports with no output delay but user has a false path constraint

 There are 0 ports with no output delay but with a timing clock defined on it or propagating through it


7. checking multiple_clock (0)
------------------------------
 There are 0 register/latch pins with multiple clocks.


8. checking generated_clocks (0)
--------------------------------
 There are 0 generated clocks that are not connected to a clock source.


9. checking loops (0)
---------------------
 There are 0 combinational loops in the design.


10. checking partial_input_delay (0)
------------------------------------
 There are 0 input ports with partial input delay specified.


11. checking partial_output_delay (0)
-------------------------------------
 There are 0 ports with partial output delay specified.


12. checking latch_loops (0)
----------------------------
 There are 0 combinational latch loops in the design through latch input



------------------------------------------------------------------------------------------------
| Design Timing Summary
| ---------------------
------------------------------------------------------------------------------------------------

    WNS(ns)      TNS(ns)  TNS Failing Endpoints  TNS Total Endpoints      WHS(ns)      THS(ns)  THS Failing Endpoints  THS Total Endpoints     WPWS(ns)     TPWS(ns)  TPWS Failing Endpoints  TPWS Total Endpoints  
    -------      -------  ---------------------  -------------------      -------      -------  ---------------------  -------------------     --------     --------  ----------------------  --------------------  
      4.768        0.000                      0                  113        0.086        0.000                      0                  113        4.500        0.000                       0                    57  


All user specified timing constraints are met.


------------------------------------------------------------------------------------------------
| Clock Summary
| -------------
------------------------------------------------------------------------------------------------

Clock  Waveform(ns)       Period(ns)      Frequency(MHz)
-----  ------------       ----------      --------------
clk    {0.000 5.000}      10.000          100.000         


------------------------------------------------------------------------------------------------
| Intra Clock Table
| -----------------
------------------------------------------------------------------------------------------------

Clock             WNS(ns)      TNS(ns)  TNS Failing Endpoints  TNS Total Endpoints      WHS(ns)      THS(ns)  THS Failing Endpoints  THS Total Endpoints     WPWS(ns)     TPWS(ns)  TPWS Failing Endpoints  TPWS Total Endpoints  
-----             -------      -------  ---------------------  -------------------      -------      -------  ---------------------  -------------------     --------     --------  ----------------------  --------------------  
clk                 4.768        0.000                      0                  113        0.086        0.000                      0                  113        4.500        0.000                       0                    57  


------------------------------------------------------------------------------------------------
| Inter Clock Table
| -----------------
------------------------------------------------------------------------------------------------

From Clock    To Clock          WNS(ns)      TNS(ns)  TNS Failing Endpoints  TNS Total Endpoints      WHS(ns)      THS(ns)  THS Failing Endpoints  THS Total Endpoints  
----------    --------          -------      -------  ---------------------  -------------------      -------      -------  ---------------------  -------------------  


------------------------------------------------------------------------------------------------
| Other Path Groups Table
| -----------------------
------------------------------------------------------------------------------------------------

Path Group    From Clock    To Clock          WNS(ns)      TNS(ns)  TNS Failing Endpoints  TNS Total Endpoints      WHS(ns)      THS(ns)  THS Failing Endpoints  THS Total Endpoints  
----------    ----------    --------          -------      -------  ---------------------  -------------------      -------      -------  ---------------------  -------------------  


------------------------------------------------------------------------------------------------
| Timing Details
| --------------
------------------------------------------------------------------------------------------------


---------------------------------------------------------------------------------------------------
From Clock:  clk
  To Clock:  clk

Setup :            0  Failing Endpoints,  Worst Slack        4.768ns,  Total Violation        0.000ns
Hold  :            0  Failing Endpoints,  Worst Slack        0.086ns,  Total Violation        0.000ns
PW    :            0  Failing Endpoints,  Worst Slack        4.500ns,  Total Violation        0.000ns
---------------------------------------------------------------------------------------------------


Max Delay Paths
--------------------------------------------------------------------------------------
Slack (MET) :             4.768ns  (required time - arrival time)
  Source:                 fifo/U0/inst_fifo_gen/gconvfifo.rf/grf.rf/gntv_or_sync_fifo.gl0.wr/wpntr/gcc0.gc0.count_reg[0]/C
                            (rising edge-triggered cell FDSE clocked by clk  {rise@0.000ns fall@5.000ns period=10.000ns})
  Destination:            fifo/U0/inst_fifo_gen/gconvfifo.rf/grf.rf/gntv_or_sync_fifo.gl0.wr/gwss.wsts/ram_full_i_reg/D
                            (rising edge-triggered cell FDRE clocked by clk  {rise@0.000ns fall@5.000ns period=10.000ns})
  Path Group:             clk
  Path Type:              Setup (Max at Slow Process Corner)
  Requirement:            10.000ns  (clk rise@10.000ns - clk rise@0.000ns)
  Data Path Delay:        4.848ns  (logic 1.094ns (22.566%)  route 3.754ns (77.434%))
  Logic Levels:           3  (LUT4=2 LUT6=1)
  Clock Path Skew:        -0.025ns (DCD - SCD + CPR)
    Destination Clock Delay (DCD):    4.913ns = ( 14.913 - 10.000 ) 
    Source Clock Delay      (SCD):    5.365ns
    Clock Pessimism Removal (CPR):    0.428ns
  Clock Uncertainty:      0.035ns  ((TSJ^2 + TIJ^2)^1/2 + DJ) / 2 + PE
    Total System Jitter     (TSJ):    0.071ns
    Total Input Jitter      (TIJ):    0.000ns
    Discrete Jitter          (DJ):    0.000ns
    Phase Error              (PE):    0.000ns

    Location             Delay type                Incr(ns)  Path(ns)    Netlist Resource(s)
  -------------------------------------------------------------------    -------------------
                         (clock clk rise edge)        0.000     0.000 r  
    H16                                               0.000     0.000 r  clk (IN)
                         net (fo=0)                   0.000     0.000    clk
    H16                  IBUF (Prop_ibuf_I_O)         1.457     1.457 r  clk_IBUF_inst/O
                         net (fo=1, routed)           2.076     3.533    clk_IBUF
    BUFGCTRL_X0Y16       BUFG (Prop_bufg_I_O)         0.101     3.634 r  clk_IBUF_BUFG_inst/O
                         net (fo=56, routed)          1.731     5.365    fifo/U0/inst_fifo_gen/gconvfifo.rf/grf.rf/gntv_or_sync_fifo.gl0.wr/wpntr/clk
    SLICE_X36Y65         FDSE                                         r  fifo/U0/inst_fifo_gen/gconvfifo.rf/grf.rf/gntv_or_sync_fifo.gl0.wr/wpntr/gcc0.gc0.count_reg[0]/C
  -------------------------------------------------------------------    -------------------
    SLICE_X36Y65         FDSE (Prop_fdse_C_Q)         0.456     5.821 r  fifo/U0/inst_fifo_gen/gconvfifo.rf/grf.rf/gntv_or_sync_fifo.gl0.wr/wpntr/gcc0.gc0.count_reg[0]/Q
                         net (fo=6, routed)           1.137     6.958    fifo/U0/inst_fifo_gen/gconvfifo.rf/grf.rf/gntv_or_sync_fifo.gl0.wr/wpntr/wr_pntr_plus1[0]
    SLICE_X34Y65         LUT6 (Prop_lut6_I1_O)        0.124     7.082 r  fifo/U0/inst_fifo_gen/gconvfifo.rf/grf.rf/gntv_or_sync_fifo.gl0.wr/wpntr/ram_full_fb_i_i_5/O
                         net (fo=1, routed)           1.160     8.242    fifo/U0/inst_fifo_gen/gconvfifo.rf/grf.rf/gntv_or_sync_fifo.gl0.wr/wpntr/ram_full_fb_i_i_5_n_0
    SLICE_X36Y66         LUT4 (Prop_lut4_I1_O)        0.152     8.394 r  fifo/U0/inst_fifo_gen/gconvfifo.rf/grf.rf/gntv_or_sync_fifo.gl0.wr/wpntr/ram_full_fb_i_i_3/O
                         net (fo=1, routed)           0.861     9.255    fifo/U0/inst_fifo_gen/gconvfifo.rf/grf.rf/gntv_or_sync_fifo.gl0.wr/wpntr/ram_full_fb_i_i_3_n_0
    SLICE_X36Y66         LUT4 (Prop_lut4_I3_O)        0.362     9.617 r  fifo/U0/inst_fifo_gen/gconvfifo.rf/grf.rf/gntv_or_sync_fifo.gl0.wr/wpntr/ram_full_fb_i_i_1/O
                         net (fo=2, routed)           0.596    10.213    fifo/U0/inst_fifo_gen/gconvfifo.rf/grf.rf/gntv_or_sync_fifo.gl0.wr/gwss.wsts/ram_full_fb_i_reg_0
    SLICE_X36Y66         FDRE                                         r  fifo/U0/inst_fifo_gen/gconvfifo.rf/grf.rf/gntv_or_sync_fifo.gl0.wr/gwss.wsts/ram_full_i_reg/D
  -------------------------------------------------------------------    -------------------

                         (clock clk rise edge)       10.000    10.000 r  
    H16                                               0.000    10.000 r  clk (IN)
                         net (fo=0)                   0.000    10.000    clk
    H16                  IBUF (Prop_ibuf_I_O)         1.387    11.387 r  clk_IBUF_inst/O
                         net (fo=1, routed)           1.880    13.267    clk_IBUF
    BUFGCTRL_X0Y16       BUFG (Prop_bufg_I_O)         0.091    13.358 r  clk_IBUF_BUFG_inst/O
                         net (fo=56, routed)          1.555    14.913    fifo/U0/inst_fifo_gen/gconvfifo.rf/grf.rf/gntv_or_sync_fifo.gl0.wr/gwss.wsts/clk
    SLICE_X36Y66         FDRE                                         r  fifo/U0/inst_fifo_gen/gconvfifo.rf/grf.rf/gntv_or_sync_fifo.gl0.wr/gwss.wsts/ram_full_i_reg/C
                         clock pessimism              0.428    15.340    
                         clock uncertainty           -0.035    15.305    
    SLICE_X36Y66         FDRE (Setup_fdre_C_D)       -0.324    14.981    fifo/U0/inst_fifo_gen/gconvfifo.rf/grf.rf/gntv_or_sync_fifo.gl0.wr/gwss.wsts/ram_full_i_reg
  -------------------------------------------------------------------
                         required time                         14.981    
                         arrival time                         -10.213    
  -------------------------------------------------------------------
                         slack                                  4.768    

Slack (MET) :             5.655ns  (required time - arrival time)
  Source:                 uut/Din_reg[14]/C
                            (rising edge-triggered cell FDRE clocked by clk  {rise@0.000ns fall@5.000ns period=10.000ns})
  Destination:            uut/Din_reg[0]/S
                            (rising edge-triggered cell FDSE clocked by clk  {rise@0.000ns fall@5.000ns period=10.000ns})
  Path Group:             clk
  Path Type:              Setup (Max at Slow Process Corner)
  Requirement:            10.000ns  (clk rise@10.000ns - clk rise@0.000ns)
  Data Path Delay:        3.859ns  (logic 0.828ns (21.456%)  route 3.031ns (78.544%))
  Logic Levels:           3  (LUT4=1 LUT6=2)
  Clock Path Skew:        -0.022ns (DCD - SCD + CPR)
    Destination Clock Delay (DCD):    4.840ns = ( 14.840 - 10.000 ) 
    Source Clock Delay      (SCD):    5.286ns
    Clock Pessimism Removal (CPR):    0.425ns
  Clock Uncertainty:      0.035ns  ((TSJ^2 + TIJ^2)^1/2 + DJ) / 2 + PE
    Total System Jitter     (TSJ):    0.071ns
    Total Input Jitter      (TIJ):    0.000ns
    Discrete Jitter          (DJ):    0.000ns
    Phase Error              (PE):    0.000ns

    Location             Delay type                Incr(ns)  Path(ns)    Netlist Resource(s)
  -------------------------------------------------------------------    -------------------
                         (clock clk rise edge)        0.000     0.000 r  
    H16                                               0.000     0.000 r  clk (IN)
                         net (fo=0)                   0.000     0.000    clk
    H16                  IBUF (Prop_ibuf_I_O)         1.457     1.457 r  clk_IBUF_inst/O
                         net (fo=1, routed)           2.076     3.533    clk_IBUF
    BUFGCTRL_X0Y16       BUFG (Prop_bufg_I_O)         0.101     3.634 r  clk_IBUF_BUFG_inst/O
                         net (fo=56, routed)          1.652     5.286    uut/clk_IBUF_BUFG
    SLICE_X35Y66         FDRE                                         r  uut/Din_reg[14]/C
  -------------------------------------------------------------------    -------------------
    SLICE_X35Y66         FDRE (Prop_fdre_C_Q)         0.456     5.742 r  uut/Din_reg[14]/Q
                         net (fo=2, routed)           0.944     6.687    uut/Din[14]
    SLICE_X34Y67         LUT4 (Prop_lut4_I3_O)        0.124     6.811 r  uut/current_color[1]_i_6/O
                         net (fo=3, routed)           0.679     7.490    uut/current_color[1]_i_6_n_0
    SLICE_X34Y66         LUT6 (Prop_lut6_I0_O)        0.124     7.614 f  uut/Din[0]_i_3/O
                         net (fo=1, routed)           0.306     7.920    uut/Din[0]_i_3_n_0
    SLICE_X34Y67         LUT6 (Prop_lut6_I3_O)        0.124     8.044 r  uut/Din[0]_i_1/O
                         net (fo=28, routed)          1.102     9.145    uut/Din[0]_i_1_n_0
    SLICE_X35Y63         FDSE                                         r  uut/Din_reg[0]/S
  -------------------------------------------------------------------    -------------------

                         (clock clk rise edge)       10.000    10.000 r  
    H16                                               0.000    10.000 r  clk (IN)
                         net (fo=0)                   0.000    10.000    clk
    H16                  IBUF (Prop_ibuf_I_O)         1.387    11.387 r  clk_IBUF_inst/O
                         net (fo=1, routed)           1.880    13.267    clk_IBUF
    BUFGCTRL_X0Y16       BUFG (Prop_bufg_I_O)         0.091    13.358 r  clk_IBUF_BUFG_inst/O
                         net (fo=56, routed)          1.482    14.840    uut/clk_IBUF_BUFG
    SLICE_X35Y63         FDSE                                         r  uut/Din_reg[0]/C
                         clock pessimism              0.425    15.264    
                         clock uncertainty           -0.035    15.229    
    SLICE_X35Y63         FDSE (Setup_fdse_C_S)       -0.429    14.800    uut/Din_reg[0]
  -------------------------------------------------------------------
                         required time                         14.800    
                         arrival time                          -9.145    
  -------------------------------------------------------------------
                         slack                                  5.655    

Slack (MET) :             5.655ns  (required time - arrival time)
  Source:                 uut/Din_reg[14]/C
                            (rising edge-triggered cell FDRE clocked by clk  {rise@0.000ns fall@5.000ns period=10.000ns})
  Destination:            uut/Din_reg[1]/R
                            (rising edge-triggered cell FDRE clocked by clk  {rise@0.000ns fall@5.000ns period=10.000ns})
  Path Group:             clk
  Path Type:              Setup (Max at Slow Process Corner)
  Requirement:            10.000ns  (clk rise@10.000ns - clk rise@0.000ns)
  Data Path Delay:        3.859ns  (logic 0.828ns (21.456%)  route 3.031ns (78.544%))
  Logic Levels:           3  (LUT4=1 LUT6=2)
  Clock Path Skew:        -0.022ns (DCD - SCD + CPR)
    Destination Clock Delay (DCD):    4.840ns = ( 14.840 - 10.000 ) 
    Source Clock Delay      (SCD):    5.286ns
    Clock Pessimism Removal (CPR):    0.425ns
  Clock Uncertainty:      0.035ns  ((TSJ^2 + TIJ^2)^1/2 + DJ) / 2 + PE
    Total System Jitter     (TSJ):    0.071ns
    Total Input Jitter      (TIJ):    0.000ns
    Discrete Jitter          (DJ):    0.000ns
    Phase Error              (PE):    0.000ns

    Location             Delay type                Incr(ns)  Path(ns)    Netlist Resource(s)
  -------------------------------------------------------------------    -------------------
                         (clock clk rise edge)        0.000     0.000 r  
    H16                                               0.000     0.000 r  clk (IN)
                         net (fo=0)                   0.000     0.000    clk
    H16                  IBUF (Prop_ibuf_I_O)         1.457     1.457 r  clk_IBUF_inst/O
                         net (fo=1, routed)           2.076     3.533    clk_IBUF
    BUFGCTRL_X0Y16       BUFG (Prop_bufg_I_O)         0.101     3.634 r  clk_IBUF_BUFG_inst/O
                         net (fo=56, routed)          1.652     5.286    uut/clk_IBUF_BUFG
    SLICE_X35Y66         FDRE                                         r  uut/Din_reg[14]/C
  -------------------------------------------------------------------    -------------------
    SLICE_X35Y66         FDRE (Prop_fdre_C_Q)         0.456     5.742 r  uut/Din_reg[14]/Q
                         net (fo=2, routed)           0.944     6.687    uut/Din[14]
    SLICE_X34Y67         LUT4 (Prop_lut4_I3_O)        0.124     6.811 r  uut/current_color[1]_i_6/O
                         net (fo=3, routed)           0.679     7.490    uut/current_color[1]_i_6_n_0
    SLICE_X34Y66         LUT6 (Prop_lut6_I0_O)        0.124     7.614 f  uut/Din[0]_i_3/O
                         net (fo=1, routed)           0.306     7.920    uut/Din[0]_i_3_n_0
    SLICE_X34Y67         LUT6 (Prop_lut6_I3_O)        0.124     8.044 r  uut/Din[0]_i_1/O
                         net (fo=28, routed)          1.102     9.145    uut/Din[0]_i_1_n_0
    SLICE_X35Y63         FDRE                                         r  uut/Din_reg[1]/R
  -------------------------------------------------------------------    -------------------

                         (clock clk rise edge)       10.000    10.000 r  
    H16                                               0.000    10.000 r  clk (IN)
                         net (fo=0)                   0.000    10.000    clk
    H16                  IBUF (Prop_ibuf_I_O)         1.387    11.387 r  clk_IBUF_inst/O
                         net (fo=1, routed)           1.880    13.267    clk_IBUF
    BUFGCTRL_X0Y16       BUFG (Prop_bufg_I_O)         0.091    13.358 r  clk_IBUF_BUFG_inst/O
                         net (fo=56, routed)          1.482    14.840    uut/clk_IBUF_BUFG
    SLICE_X35Y63         FDRE                                         r  uut/Din_reg[1]/C
                         clock pessimism              0.425    15.264    
                         clock uncertainty           -0.035    15.229    
    SLICE_X35Y63         FDRE (Setup_fdre_C_R)       -0.429    14.800    uut/Din_reg[1]
  -------------------------------------------------------------------
                         required time                         14.800    
                         arrival time                          -9.145    
  -------------------------------------------------------------------
                         slack                                  5.655    

Slack (MET) :             5.655ns  (required time - arrival time)
  Source:                 uut/Din_reg[14]/C
                            (rising edge-triggered cell FDRE clocked by clk  {rise@0.000ns fall@5.000ns period=10.000ns})
  Destination:            uut/Din_reg[2]/R
                            (rising edge-triggered cell FDRE clocked by clk  {rise@0.000ns fall@5.000ns period=10.000ns})
  Path Group:             clk
  Path Type:              Setup (Max at Slow Process Corner)
  Requirement:            10.000ns  (clk rise@10.000ns - clk rise@0.000ns)
  Data Path Delay:        3.859ns  (logic 0.828ns (21.456%)  route 3.031ns (78.544%))
  Logic Levels:           3  (LUT4=1 LUT6=2)
  Clock Path Skew:        -0.022ns (DCD - SCD + CPR)
    Destination Clock Delay (DCD):    4.840ns = ( 14.840 - 10.000 ) 
    Source Clock Delay      (SCD):    5.286ns
    Clock Pessimism Removal (CPR):    0.425ns
  Clock Uncertainty:      0.035ns  ((TSJ^2 + TIJ^2)^1/2 + DJ) / 2 + PE
    Total System Jitter     (TSJ):    0.071ns
    Total Input Jitter      (TIJ):    0.000ns
    Discrete Jitter          (DJ):    0.000ns
    Phase Error              (PE):    0.000ns

    Location             Delay type                Incr(ns)  Path(ns)    Netlist Resource(s)
  -------------------------------------------------------------------    -------------------
                         (clock clk rise edge)        0.000     0.000 r  
    H16                                               0.000     0.000 r  clk (IN)
                         net (fo=0)                   0.000     0.000    clk
    H16                  IBUF (Prop_ibuf_I_O)         1.457     1.457 r  clk_IBUF_inst/O
                         net (fo=1, routed)           2.076     3.533    clk_IBUF
    BUFGCTRL_X0Y16       BUFG (Prop_bufg_I_O)         0.101     3.634 r  clk_IBUF_BUFG_inst/O
                         net (fo=56, routed)          1.652     5.286    uut/clk_IBUF_BUFG
    SLICE_X35Y66         FDRE                                         r  uut/Din_reg[14]/C
  -------------------------------------------------------------------    -------------------
    SLICE_X35Y66         FDRE (Prop_fdre_C_Q)         0.456     5.742 r  uut/Din_reg[14]/Q
                         net (fo=2, routed)           0.944     6.687    uut/Din[14]
    SLICE_X34Y67         LUT4 (Prop_lut4_I3_O)        0.124     6.811 r  uut/current_color[1]_i_6/O
                         net (fo=3, routed)           0.679     7.490    uut/current_color[1]_i_6_n_0
    SLICE_X34Y66         LUT6 (Prop_lut6_I0_O)        0.124     7.614 f  uut/Din[0]_i_3/O
                         net (fo=1, routed)           0.306     7.920    uut/Din[0]_i_3_n_0
    SLICE_X34Y67         LUT6 (Prop_lut6_I3_O)        0.124     8.044 r  uut/Din[0]_i_1/O
                         net (fo=28, routed)          1.102     9.145    uut/Din[0]_i_1_n_0
    SLICE_X35Y63         FDRE                                         r  uut/Din_reg[2]/R
  -------------------------------------------------------------------    -------------------

                         (clock clk rise edge)       10.000    10.000 r  
    H16                                               0.000    10.000 r  clk (IN)
                         net (fo=0)                   0.000    10.000    clk
    H16                  IBUF (Prop_ibuf_I_O)         1.387    11.387 r  clk_IBUF_inst/O
                         net (fo=1, routed)           1.880    13.267    clk_IBUF
    BUFGCTRL_X0Y16       BUFG (Prop_bufg_I_O)         0.091    13.358 r  clk_IBUF_BUFG_inst/O
                         net (fo=56, routed)          1.482    14.840    uut/clk_IBUF_BUFG
    SLICE_X35Y63         FDRE                                         r  uut/Din_reg[2]/C
                         clock pessimism              0.425    15.264    
                         clock uncertainty           -0.035    15.229    
    SLICE_X35Y63         FDRE (Setup_fdre_C_R)       -0.429    14.800    uut/Din_reg[2]
  -------------------------------------------------------------------
                         required time                         14.800    
                         arrival time                          -9.145    
  -------------------------------------------------------------------
                         slack                                  5.655    

Slack (MET) :             5.655ns  (required time - arrival time)
  Source:                 uut/Din_reg[14]/C
                            (rising edge-triggered cell FDRE clocked by clk  {rise@0.000ns fall@5.000ns period=10.000ns})
  Destination:            uut/Din_reg[3]/R
                            (rising edge-triggered cell FDRE clocked by clk  {rise@0.000ns fall@5.000ns period=10.000ns})
  Path Group:             clk
  Path Type:              Setup (Max at Slow Process Corner)
  Requirement:            10.000ns  (clk rise@10.000ns - clk rise@0.000ns)
  Data Path Delay:        3.859ns  (logic 0.828ns (21.456%)  route 3.031ns (78.544%))
  Logic Levels:           3  (LUT4=1 LUT6=2)
  Clock Path Skew:        -0.022ns (DCD - SCD + CPR)
    Destination Clock Delay (DCD):    4.840ns = ( 14.840 - 10.000 ) 
    Source Clock Delay      (SCD):    5.286ns
    Clock Pessimism Removal (CPR):    0.425ns
  Clock Uncertainty:      0.035ns  ((TSJ^2 + TIJ^2)^1/2 + DJ) / 2 + PE
    Total System Jitter     (TSJ):    0.071ns
    Total Input Jitter      (TIJ):    0.000ns
    Discrete Jitter          (DJ):    0.000ns
    Phase Error              (PE):    0.000ns

    Location             Delay type                Incr(ns)  Path(ns)    Netlist Resource(s)
  -------------------------------------------------------------------    -------------------
                         (clock clk rise edge)        0.000     0.000 r  
    H16                                               0.000     0.000 r  clk (IN)
                         net (fo=0)                   0.000     0.000    clk
    H16                  IBUF (Prop_ibuf_I_O)         1.457     1.457 r  clk_IBUF_inst/O
                         net (fo=1, routed)           2.076     3.533    clk_IBUF
    BUFGCTRL_X0Y16       BUFG (Prop_bufg_I_O)         0.101     3.634 r  clk_IBUF_BUFG_inst/O
                         net (fo=56, routed)          1.652     5.286    uut/clk_IBUF_BUFG
    SLICE_X35Y66         FDRE                                         r  uut/Din_reg[14]/C
  -------------------------------------------------------------------    -------------------
    SLICE_X35Y66         FDRE (Prop_fdre_C_Q)         0.456     5.742 r  uut/Din_reg[14]/Q
                         net (fo=2, routed)           0.944     6.687    uut/Din[14]
    SLICE_X34Y67         LUT4 (Prop_lut4_I3_O)        0.124     6.811 r  uut/current_color[1]_i_6/O
                         net (fo=3, routed)           0.679     7.490    uut/current_color[1]_i_6_n_0
    SLICE_X34Y66         LUT6 (Prop_lut6_I0_O)        0.124     7.614 f  uut/Din[0]_i_3/O
                         net (fo=1, routed)           0.306     7.920    uut/Din[0]_i_3_n_0
    SLICE_X34Y67         LUT6 (Prop_lut6_I3_O)        0.124     8.044 r  uut/Din[0]_i_1/O
                         net (fo=28, routed)          1.102     9.145    uut/Din[0]_i_1_n_0
    SLICE_X35Y63         FDRE                                         r  uut/Din_reg[3]/R
  -------------------------------------------------------------------    -------------------

                         (clock clk rise edge)       10.000    10.000 r  
    H16                                               0.000    10.000 r  clk (IN)
                         net (fo=0)                   0.000    10.000    clk
    H16                  IBUF (Prop_ibuf_I_O)         1.387    11.387 r  clk_IBUF_inst/O
                         net (fo=1, routed)           1.880    13.267    clk_IBUF
    BUFGCTRL_X0Y16       BUFG (Prop_bufg_I_O)         0.091    13.358 r  clk_IBUF_BUFG_inst/O
                         net (fo=56, routed)          1.482    14.840    uut/clk_IBUF_BUFG
    SLICE_X35Y63         FDRE                                         r  uut/Din_reg[3]/C
                         clock pessimism              0.425    15.264    
                         clock uncertainty           -0.035    15.229    
    SLICE_X35Y63         FDRE (Setup_fdre_C_R)       -0.429    14.800    uut/Din_reg[3]
  -------------------------------------------------------------------
                         required time                         14.800    
                         arrival time                          -9.145    
  -------------------------------------------------------------------
                         slack                                  5.655    

Slack (MET) :             5.717ns  (required time - arrival time)
  Source:                 fifo/U0/inst_fifo_gen/gconvfifo.rf/grf.rf/gntv_or_sync_fifo.gl0.wr/wpntr/gcc0.gc0.count_reg[0]/C
                            (rising edge-triggered cell FDSE clocked by clk  {rise@0.000ns fall@5.000ns period=10.000ns})
  Destination:            fifo/U0/inst_fifo_gen/gconvfifo.rf/grf.rf/gntv_or_sync_fifo.gl0.wr/gwss.wsts/ram_full_fb_i_reg/D
                            (rising edge-triggered cell FDRE clocked by clk  {rise@0.000ns fall@5.000ns period=10.000ns})
  Path Group:             clk
  Path Type:              Setup (Max at Slow Process Corner)
  Requirement:            10.000ns  (clk rise@10.000ns - clk rise@0.000ns)
  Data Path Delay:        4.252ns  (logic 1.094ns (25.732%)  route 3.158ns (74.268%))
  Logic Levels:           3  (LUT4=2 LUT6=1)
  Clock Path Skew:        -0.025ns (DCD - SCD + CPR)
    Destination Clock Delay (DCD):    4.913ns = ( 14.913 - 10.000 ) 
    Source Clock Delay      (SCD):    5.365ns
    Clock Pessimism Removal (CPR):    0.428ns
  Clock Uncertainty:      0.035ns  ((TSJ^2 + TIJ^2)^1/2 + DJ) / 2 + PE
    Total System Jitter     (TSJ):    0.071ns
    Total Input Jitter      (TIJ):    0.000ns
    Discrete Jitter          (DJ):    0.000ns
    Phase Error              (PE):    0.000ns

    Location             Delay type                Incr(ns)  Path(ns)    Netlist Resource(s)
  -------------------------------------------------------------------    -------------------
                         (clock clk rise edge)        0.000     0.000 r  
    H16                                               0.000     0.000 r  clk (IN)
                         net (fo=0)                   0.000     0.000    clk
    H16                  IBUF (Prop_ibuf_I_O)         1.457     1.457 r  clk_IBUF_inst/O
                         net (fo=1, routed)           2.076     3.533    clk_IBUF
    BUFGCTRL_X0Y16       BUFG (Prop_bufg_I_O)         0.101     3.634 r  clk_IBUF_BUFG_inst/O
                         net (fo=56, routed)          1.731     5.365    fifo/U0/inst_fifo_gen/gconvfifo.rf/grf.rf/gntv_or_sync_fifo.gl0.wr/wpntr/clk
    SLICE_X36Y65         FDSE                                         r  fifo/U0/inst_fifo_gen/gconvfifo.rf/grf.rf/gntv_or_sync_fifo.gl0.wr/wpntr/gcc0.gc0.count_reg[0]/C
  -------------------------------------------------------------------    -------------------
    SLICE_X36Y65         FDSE (Prop_fdse_C_Q)         0.456     5.821 r  fifo/U0/inst_fifo_gen/gconvfifo.rf/grf.rf/gntv_or_sync_fifo.gl0.wr/wpntr/gcc0.gc0.count_reg[0]/Q
                         net (fo=6, routed)           1.137     6.958    fifo/U0/inst_fifo_gen/gconvfifo.rf/grf.rf/gntv_or_sync_fifo.gl0.wr/wpntr/wr_pntr_plus1[0]
    SLICE_X34Y65         LUT6 (Prop_lut6_I1_O)        0.124     7.082 r  fifo/U0/inst_fifo_gen/gconvfifo.rf/grf.rf/gntv_or_sync_fifo.gl0.wr/wpntr/ram_full_fb_i_i_5/O
                         net (fo=1, routed)           1.160     8.242    fifo/U0/inst_fifo_gen/gconvfifo.rf/grf.rf/gntv_or_sync_fifo.gl0.wr/wpntr/ram_full_fb_i_i_5_n_0
    SLICE_X36Y66         LUT4 (Prop_lut4_I1_O)        0.152     8.394 r  fifo/U0/inst_fifo_gen/gconvfifo.rf/grf.rf/gntv_or_sync_fifo.gl0.wr/wpntr/ram_full_fb_i_i_3/O
                         net (fo=1, routed)           0.861     9.255    fifo/U0/inst_fifo_gen/gconvfifo.rf/grf.rf/gntv_or_sync_fifo.gl0.wr/wpntr/ram_full_fb_i_i_3_n_0
    SLICE_X36Y66         LUT4 (Prop_lut4_I3_O)        0.362     9.617 r  fifo/U0/inst_fifo_gen/gconvfifo.rf/grf.rf/gntv_or_sync_fifo.gl0.wr/wpntr/ram_full_fb_i_i_1/O
                         net (fo=2, routed)           0.000     9.617    fifo/U0/inst_fifo_gen/gconvfifo.rf/grf.rf/gntv_or_sync_fifo.gl0.wr/gwss.wsts/ram_full_fb_i_reg_0
    SLICE_X36Y66         FDRE                                         r  fifo/U0/inst_fifo_gen/gconvfifo.rf/grf.rf/gntv_or_sync_fifo.gl0.wr/gwss.wsts/ram_full_fb_i_reg/D
  -------------------------------------------------------------------    -------------------

                         (clock clk rise edge)       10.000    10.000 r  
    H16                                               0.000    10.000 r  clk (IN)
                         net (fo=0)                   0.000    10.000    clk
    H16                  IBUF (Prop_ibuf_I_O)         1.387    11.387 r  clk_IBUF_inst/O
                         net (fo=1, routed)           1.880    13.267    clk_IBUF
    BUFGCTRL_X0Y16       BUFG (Prop_bufg_I_O)         0.091    13.358 r  clk_IBUF_BUFG_inst/O
                         net (fo=56, routed)          1.555    14.913    fifo/U0/inst_fifo_gen/gconvfifo.rf/grf.rf/gntv_or_sync_fifo.gl0.wr/gwss.wsts/clk
    SLICE_X36Y66         FDRE                                         r  fifo/U0/inst_fifo_gen/gconvfifo.rf/grf.rf/gntv_or_sync_fifo.gl0.wr/gwss.wsts/ram_full_fb_i_reg/C
                         clock pessimism              0.428    15.340    
                         clock uncertainty           -0.035    15.305    
    SLICE_X36Y66         FDRE (Setup_fdre_C_D)        0.029    15.334    fifo/U0/inst_fifo_gen/gconvfifo.rf/grf.rf/gntv_or_sync_fifo.gl0.wr/gwss.wsts/ram_full_fb_i_reg
  -------------------------------------------------------------------
                         required time                         15.334    
                         arrival time                          -9.617    
  -------------------------------------------------------------------
                         slack                                  5.717    

Slack (MET) :             5.796ns  (required time - arrival time)
  Source:                 uut/Din_reg[14]/C
                            (rising edge-triggered cell FDRE clocked by clk  {rise@0.000ns fall@5.000ns period=10.000ns})
  Destination:            uut/Din_reg[4]/R
                            (rising edge-triggered cell FDRE clocked by clk  {rise@0.000ns fall@5.000ns period=10.000ns})
  Path Group:             clk
  Path Type:              Setup (Max at Slow Process Corner)
  Requirement:            10.000ns  (clk rise@10.000ns - clk rise@0.000ns)
  Data Path Delay:        3.718ns  (logic 0.828ns (22.269%)  route 2.890ns (77.731%))
  Logic Levels:           3  (LUT4=1 LUT6=2)
  Clock Path Skew:        -0.022ns (DCD - SCD + CPR)
    Destination Clock Delay (DCD):    4.840ns = ( 14.840 - 10.000 ) 
    Source Clock Delay      (SCD):    5.286ns
    Clock Pessimism Removal (CPR):    0.425ns
  Clock Uncertainty:      0.035ns  ((TSJ^2 + TIJ^2)^1/2 + DJ) / 2 + PE
    Total System Jitter     (TSJ):    0.071ns
    Total Input Jitter      (TIJ):    0.000ns
    Discrete Jitter          (DJ):    0.000ns
    Phase Error              (PE):    0.000ns

    Location             Delay type                Incr(ns)  Path(ns)    Netlist Resource(s)
  -------------------------------------------------------------------    -------------------
                         (clock clk rise edge)        0.000     0.000 r  
    H16                                               0.000     0.000 r  clk (IN)
                         net (fo=0)                   0.000     0.000    clk
    H16                  IBUF (Prop_ibuf_I_O)         1.457     1.457 r  clk_IBUF_inst/O
                         net (fo=1, routed)           2.076     3.533    clk_IBUF
    BUFGCTRL_X0Y16       BUFG (Prop_bufg_I_O)         0.101     3.634 r  clk_IBUF_BUFG_inst/O
                         net (fo=56, routed)          1.652     5.286    uut/clk_IBUF_BUFG
    SLICE_X35Y66         FDRE                                         r  uut/Din_reg[14]/C
  -------------------------------------------------------------------    -------------------
    SLICE_X35Y66         FDRE (Prop_fdre_C_Q)         0.456     5.742 r  uut/Din_reg[14]/Q
                         net (fo=2, routed)           0.944     6.687    uut/Din[14]
    SLICE_X34Y67         LUT4 (Prop_lut4_I3_O)        0.124     6.811 r  uut/current_color[1]_i_6/O
                         net (fo=3, routed)           0.679     7.490    uut/current_color[1]_i_6_n_0
    SLICE_X34Y66         LUT6 (Prop_lut6_I0_O)        0.124     7.614 f  uut/Din[0]_i_3/O
                         net (fo=1, routed)           0.306     7.920    uut/Din[0]_i_3_n_0
    SLICE_X34Y67         LUT6 (Prop_lut6_I3_O)        0.124     8.044 r  uut/Din[0]_i_1/O
                         net (fo=28, routed)          0.961     9.004    uut/Din[0]_i_1_n_0
    SLICE_X35Y64         FDRE                                         r  uut/Din_reg[4]/R
  -------------------------------------------------------------------    -------------------

                         (clock clk rise edge)       10.000    10.000 r  
    H16                                               0.000    10.000 r  clk (IN)
                         net (fo=0)                   0.000    10.000    clk
    H16                  IBUF (Prop_ibuf_I_O)         1.387    11.387 r  clk_IBUF_inst/O
                         net (fo=1, routed)           1.880    13.267    clk_IBUF
    BUFGCTRL_X0Y16       BUFG (Prop_bufg_I_O)         0.091    13.358 r  clk_IBUF_BUFG_inst/O
                         net (fo=56, routed)          1.482    14.840    uut/clk_IBUF_BUFG
    SLICE_X35Y64         FDRE                                         r  uut/Din_reg[4]/C
                         clock pessimism              0.425    15.264    
                         clock uncertainty           -0.035    15.229    
    SLICE_X35Y64         FDRE (Setup_fdre_C_R)       -0.429    14.800    uut/Din_reg[4]
  -------------------------------------------------------------------
                         required time                         14.800    
                         arrival time                          -9.004    
  -------------------------------------------------------------------
                         slack                                  5.796    

Slack (MET) :             5.796ns  (required time - arrival time)
  Source:                 uut/Din_reg[14]/C
                            (rising edge-triggered cell FDRE clocked by clk  {rise@0.000ns fall@5.000ns period=10.000ns})
  Destination:            uut/Din_reg[5]/R
                            (rising edge-triggered cell FDRE clocked by clk  {rise@0.000ns fall@5.000ns period=10.000ns})
  Path Group:             clk
  Path Type:              Setup (Max at Slow Process Corner)
  Requirement:            10.000ns  (clk rise@10.000ns - clk rise@0.000ns)
  Data Path Delay:        3.718ns  (logic 0.828ns (22.269%)  route 2.890ns (77.731%))
  Logic Levels:           3  (LUT4=1 LUT6=2)
  Clock Path Skew:        -0.022ns (DCD - SCD + CPR)
    Destination Clock Delay (DCD):    4.840ns = ( 14.840 - 10.000 ) 
    Source Clock Delay      (SCD):    5.286ns
    Clock Pessimism Removal (CPR):    0.425ns
  Clock Uncertainty:      0.035ns  ((TSJ^2 + TIJ^2)^1/2 + DJ) / 2 + PE
    Total System Jitter     (TSJ):    0.071ns
    Total Input Jitter      (TIJ):    0.000ns
    Discrete Jitter          (DJ):    0.000ns
    Phase Error              (PE):    0.000ns

    Location             Delay type                Incr(ns)  Path(ns)    Netlist Resource(s)
  -------------------------------------------------------------------    -------------------
                         (clock clk rise edge)        0.000     0.000 r  
    H16                                               0.000     0.000 r  clk (IN)
                         net (fo=0)                   0.000     0.000    clk
    H16                  IBUF (Prop_ibuf_I_O)         1.457     1.457 r  clk_IBUF_inst/O
                         net (fo=1, routed)           2.076     3.533    clk_IBUF
    BUFGCTRL_X0Y16       BUFG (Prop_bufg_I_O)         0.101     3.634 r  clk_IBUF_BUFG_inst/O
                         net (fo=56, routed)          1.652     5.286    uut/clk_IBUF_BUFG
    SLICE_X35Y66         FDRE                                         r  uut/Din_reg[14]/C
  -------------------------------------------------------------------    -------------------
    SLICE_X35Y66         FDRE (Prop_fdre_C_Q)         0.456     5.742 r  uut/Din_reg[14]/Q
                         net (fo=2, routed)           0.944     6.687    uut/Din[14]
    SLICE_X34Y67         LUT4 (Prop_lut4_I3_O)        0.124     6.811 r  uut/current_color[1]_i_6/O
                         net (fo=3, routed)           0.679     7.490    uut/current_color[1]_i_6_n_0
    SLICE_X34Y66         LUT6 (Prop_lut6_I0_O)        0.124     7.614 f  uut/Din[0]_i_3/O
                         net (fo=1, routed)           0.306     7.920    uut/Din[0]_i_3_n_0
    SLICE_X34Y67         LUT6 (Prop_lut6_I3_O)        0.124     8.044 r  uut/Din[0]_i_1/O
                         net (fo=28, routed)          0.961     9.004    uut/Din[0]_i_1_n_0
    SLICE_X35Y64         FDRE                                         r  uut/Din_reg[5]/R
  -------------------------------------------------------------------    -------------------

                         (clock clk rise edge)       10.000    10.000 r  
    H16                                               0.000    10.000 r  clk (IN)
                         net (fo=0)                   0.000    10.000    clk
    H16                  IBUF (Prop_ibuf_I_O)         1.387    11.387 r  clk_IBUF_inst/O
                         net (fo=1, routed)           1.880    13.267    clk_IBUF
    BUFGCTRL_X0Y16       BUFG (Prop_bufg_I_O)         0.091    13.358 r  clk_IBUF_BUFG_inst/O
                         net (fo=56, routed)          1.482    14.840    uut/clk_IBUF_BUFG
    SLICE_X35Y64         FDRE                                         r  uut/Din_reg[5]/C
                         clock pessimism              0.425    15.264    
                         clock uncertainty           -0.035    15.229    
    SLICE_X35Y64         FDRE (Setup_fdre_C_R)       -0.429    14.800    uut/Din_reg[5]
  -------------------------------------------------------------------
                         required time                         14.800    
                         arrival time                          -9.004    
  -------------------------------------------------------------------
                         slack                                  5.796    

Slack (MET) :             5.796ns  (required time - arrival time)
  Source:                 uut/Din_reg[14]/C
                            (rising edge-triggered cell FDRE clocked by clk  {rise@0.000ns fall@5.000ns period=10.000ns})
  Destination:            uut/Din_reg[6]/R
                            (rising edge-triggered cell FDRE clocked by clk  {rise@0.000ns fall@5.000ns period=10.000ns})
  Path Group:             clk
  Path Type:              Setup (Max at Slow Process Corner)
  Requirement:            10.000ns  (clk rise@10.000ns - clk rise@0.000ns)
  Data Path Delay:        3.718ns  (logic 0.828ns (22.269%)  route 2.890ns (77.731%))
  Logic Levels:           3  (LUT4=1 LUT6=2)
  Clock Path Skew:        -0.022ns (DCD - SCD + CPR)
    Destination Clock Delay (DCD):    4.840ns = ( 14.840 - 10.000 ) 
    Source Clock Delay      (SCD):    5.286ns
    Clock Pessimism Removal (CPR):    0.425ns
  Clock Uncertainty:      0.035ns  ((TSJ^2 + TIJ^2)^1/2 + DJ) / 2 + PE
    Total System Jitter     (TSJ):    0.071ns
    Total Input Jitter      (TIJ):    0.000ns
    Discrete Jitter          (DJ):    0.000ns
    Phase Error              (PE):    0.000ns

    Location             Delay type                Incr(ns)  Path(ns)    Netlist Resource(s)
  -------------------------------------------------------------------    -------------------
                         (clock clk rise edge)        0.000     0.000 r  
    H16                                               0.000     0.000 r  clk (IN)
                         net (fo=0)                   0.000     0.000    clk
    H16                  IBUF (Prop_ibuf_I_O)         1.457     1.457 r  clk_IBUF_inst/O
                         net (fo=1, routed)           2.076     3.533    clk_IBUF
    BUFGCTRL_X0Y16       BUFG (Prop_bufg_I_O)         0.101     3.634 r  clk_IBUF_BUFG_inst/O
                         net (fo=56, routed)          1.652     5.286    uut/clk_IBUF_BUFG
    SLICE_X35Y66         FDRE                                         r  uut/Din_reg[14]/C
  -------------------------------------------------------------------    -------------------
    SLICE_X35Y66         FDRE (Prop_fdre_C_Q)         0.456     5.742 r  uut/Din_reg[14]/Q
                         net (fo=2, routed)           0.944     6.687    uut/Din[14]
    SLICE_X34Y67         LUT4 (Prop_lut4_I3_O)        0.124     6.811 r  uut/current_color[1]_i_6/O
                         net (fo=3, routed)           0.679     7.490    uut/current_color[1]_i_6_n_0
    SLICE_X34Y66         LUT6 (Prop_lut6_I0_O)        0.124     7.614 f  uut/Din[0]_i_3/O
                         net (fo=1, routed)           0.306     7.920    uut/Din[0]_i_3_n_0
    SLICE_X34Y67         LUT6 (Prop_lut6_I3_O)        0.124     8.044 r  uut/Din[0]_i_1/O
                         net (fo=28, routed)          0.961     9.004    uut/Din[0]_i_1_n_0
    SLICE_X35Y64         FDRE                                         r  uut/Din_reg[6]/R
  -------------------------------------------------------------------    -------------------

                         (clock clk rise edge)       10.000    10.000 r  
    H16                                               0.000    10.000 r  clk (IN)
                         net (fo=0)                   0.000    10.000    clk
    H16                  IBUF (Prop_ibuf_I_O)         1.387    11.387 r  clk_IBUF_inst/O
                         net (fo=1, routed)           1.880    13.267    clk_IBUF
    BUFGCTRL_X0Y16       BUFG (Prop_bufg_I_O)         0.091    13.358 r  clk_IBUF_BUFG_inst/O
                         net (fo=56, routed)          1.482    14.840    uut/clk_IBUF_BUFG
    SLICE_X35Y64         FDRE                                         r  uut/Din_reg[6]/C
                         clock pessimism              0.425    15.264    
                         clock uncertainty           -0.035    15.229    
    SLICE_X35Y64         FDRE (Setup_fdre_C_R)       -0.429    14.800    uut/Din_reg[6]
  -------------------------------------------------------------------
                         required time                         14.800    
                         arrival time                          -9.004    
  -------------------------------------------------------------------
                         slack                                  5.796    

Slack (MET) :             5.796ns  (required time - arrival time)
  Source:                 uut/Din_reg[14]/C
                            (rising edge-triggered cell FDRE clocked by clk  {rise@0.000ns fall@5.000ns period=10.000ns})
  Destination:            uut/Din_reg[7]/R
                            (rising edge-triggered cell FDRE clocked by clk  {rise@0.000ns fall@5.000ns period=10.000ns})
  Path Group:             clk
  Path Type:              Setup (Max at Slow Process Corner)
  Requirement:            10.000ns  (clk rise@10.000ns - clk rise@0.000ns)
  Data Path Delay:        3.718ns  (logic 0.828ns (22.269%)  route 2.890ns (77.731%))
  Logic Levels:           3  (LUT4=1 LUT6=2)
  Clock Path Skew:        -0.022ns (DCD - SCD + CPR)
    Destination Clock Delay (DCD):    4.840ns = ( 14.840 - 10.000 ) 
    Source Clock Delay      (SCD):    5.286ns
    Clock Pessimism Removal (CPR):    0.425ns
  Clock Uncertainty:      0.035ns  ((TSJ^2 + TIJ^2)^1/2 + DJ) / 2 + PE
    Total System Jitter     (TSJ):    0.071ns
    Total Input Jitter      (TIJ):    0.000ns
    Discrete Jitter          (DJ):    0.000ns
    Phase Error              (PE):    0.000ns

    Location             Delay type                Incr(ns)  Path(ns)    Netlist Resource(s)
  -------------------------------------------------------------------    -------------------
                         (clock clk rise edge)        0.000     0.000 r  
    H16                                               0.000     0.000 r  clk (IN)
                         net (fo=0)                   0.000     0.000    clk
    H16                  IBUF (Prop_ibuf_I_O)         1.457     1.457 r  clk_IBUF_inst/O
                         net (fo=1, routed)           2.076     3.533    clk_IBUF
    BUFGCTRL_X0Y16       BUFG (Prop_bufg_I_O)         0.101     3.634 r  clk_IBUF_BUFG_inst/O
                         net (fo=56, routed)          1.652     5.286    uut/clk_IBUF_BUFG
    SLICE_X35Y66         FDRE                                         r  uut/Din_reg[14]/C
  -------------------------------------------------------------------    -------------------
    SLICE_X35Y66         FDRE (Prop_fdre_C_Q)         0.456     5.742 r  uut/Din_reg[14]/Q
                         net (fo=2, routed)           0.944     6.687    uut/Din[14]
    SLICE_X34Y67         LUT4 (Prop_lut4_I3_O)        0.124     6.811 r  uut/current_color[1]_i_6/O
                         net (fo=3, routed)           0.679     7.490    uut/current_color[1]_i_6_n_0
    SLICE_X34Y66         LUT6 (Prop_lut6_I0_O)        0.124     7.614 f  uut/Din[0]_i_3/O
                         net (fo=1, routed)           0.306     7.920    uut/Din[0]_i_3_n_0
    SLICE_X34Y67         LUT6 (Prop_lut6_I3_O)        0.124     8.044 r  uut/Din[0]_i_1/O
                         net (fo=28, routed)          0.961     9.004    uut/Din[0]_i_1_n_0
    SLICE_X35Y64         FDRE                                         r  uut/Din_reg[7]/R
  -------------------------------------------------------------------    -------------------

                         (clock clk rise edge)       10.000    10.000 r  
    H16                                               0.000    10.000 r  clk (IN)
                         net (fo=0)                   0.000    10.000    clk
    H16                  IBUF (Prop_ibuf_I_O)         1.387    11.387 r  clk_IBUF_inst/O
                         net (fo=1, routed)           1.880    13.267    clk_IBUF
    BUFGCTRL_X0Y16       BUFG (Prop_bufg_I_O)         0.091    13.358 r  clk_IBUF_BUFG_inst/O
                         net (fo=56, routed)          1.482    14.840    uut/clk_IBUF_BUFG
    SLICE_X35Y64         FDRE                                         r  uut/Din_reg[7]/C
                         clock pessimism              0.425    15.264    
                         clock uncertainty           -0.035    15.229    
    SLICE_X35Y64         FDRE (Setup_fdre_C_R)       -0.429    14.800    uut/Din_reg[7]
  -------------------------------------------------------------------
                         required time                         14.800    
                         arrival time                          -9.004    
  -------------------------------------------------------------------
                         slack                                  5.796    





Min Delay Paths
--------------------------------------------------------------------------------------
Slack (MET) :             0.086ns  (arrival time - required time)
  Source:                 fifo/U0/inst_fifo_gen/gconvfifo.rf/grf.rf/gntv_or_sync_fifo.gl0.wr/wpntr/gcc0.gc0.count_d1_reg[2]/C
                            (rising edge-triggered cell FDRE clocked by clk  {rise@0.000ns fall@5.000ns period=10.000ns})
  Destination:            fifo/U0/inst_fifo_gen/gconvfifo.rf/grf.rf/gntv_or_sync_fifo.mem/gbm.gbmg.gbmga.ngecc.bmg/inst_blk_mem_gen/gnbram.gnativebmg.native_blk_mem_gen/valid.cstr/ramloop[0].ram.r/prim_noinit.ram/DEVICE_7SERIES.NO_BMM_INFO.SDP.WIDE_PRIM18.ram/ADDRBWRADDR[7]
                            (rising edge-triggered cell RAMB18E1 clocked by clk  {rise@0.000ns fall@5.000ns period=10.000ns})
  Path Group:             clk
  Path Type:              Hold (Min at Fast Process Corner)
  Requirement:            0.000ns  (clk rise@0.000ns - clk rise@0.000ns)
  Data Path Delay:        0.326ns  (logic 0.164ns (50.336%)  route 0.162ns (49.664%))
  Logic Levels:           0  
  Clock Path Skew:        0.056ns (DCD - SCD - CPR)
    Destination Clock Delay (DCD):    1.989ns
    Source Clock Delay      (SCD):    1.432ns
    Clock Pessimism Removal (CPR):    0.501ns

    Location             Delay type                Incr(ns)  Path(ns)    Netlist Resource(s)
  -------------------------------------------------------------------    -------------------
                         (clock clk rise edge)        0.000     0.000 r  
    H16                                               0.000     0.000 r  clk (IN)
                         net (fo=0)                   0.000     0.000    clk
    H16                  IBUF (Prop_ibuf_I_O)         0.225     0.225 r  clk_IBUF_inst/O
                         net (fo=1, routed)           0.627     0.852    clk_IBUF
    BUFGCTRL_X0Y16       BUFG (Prop_bufg_I_O)         0.026     0.878 r  clk_IBUF_BUFG_inst/O
                         net (fo=56, routed)          0.554     1.432    fifo/U0/inst_fifo_gen/gconvfifo.rf/grf.rf/gntv_or_sync_fifo.gl0.wr/wpntr/clk
    SLICE_X34Y66         FDRE                                         r  fifo/U0/inst_fifo_gen/gconvfifo.rf/grf.rf/gntv_or_sync_fifo.gl0.wr/wpntr/gcc0.gc0.count_d1_reg[2]/C
  -------------------------------------------------------------------    -------------------
    SLICE_X34Y66         FDRE (Prop_fdre_C_Q)         0.164     1.596 r  fifo/U0/inst_fifo_gen/gconvfifo.rf/grf.rf/gntv_or_sync_fifo.gl0.wr/wpntr/gcc0.gc0.count_d1_reg[2]/Q
                         net (fo=3, routed)           0.162     1.758    fifo/U0/inst_fifo_gen/gconvfifo.rf/grf.rf/gntv_or_sync_fifo.mem/gbm.gbmg.gbmga.ngecc.bmg/inst_blk_mem_gen/gnbram.gnativebmg.native_blk_mem_gen/valid.cstr/ramloop[0].ram.r/prim_noinit.ram/Q[2]
    RAMB18_X2Y26         RAMB18E1                                     r  fifo/U0/inst_fifo_gen/gconvfifo.rf/grf.rf/gntv_or_sync_fifo.mem/gbm.gbmg.gbmga.ngecc.bmg/inst_blk_mem_gen/gnbram.gnativebmg.native_blk_mem_gen/valid.cstr/ramloop[0].ram.r/prim_noinit.ram/DEVICE_7SERIES.NO_BMM_INFO.SDP.WIDE_PRIM18.ram/ADDRBWRADDR[7]
  -------------------------------------------------------------------    -------------------

                         (clock clk rise edge)        0.000     0.000 r  
    H16                                               0.000     0.000 r  clk (IN)
                         net (fo=0)                   0.000     0.000    clk
    H16                  IBUF (Prop_ibuf_I_O)         0.413     0.413 r  clk_IBUF_inst/O
                         net (fo=1, routed)           0.683     1.096    clk_IBUF
    BUFGCTRL_X0Y16       BUFG (Prop_bufg_I_O)         0.029     1.125 r  clk_IBUF_BUFG_inst/O
                         net (fo=56, routed)          0.864     1.989    fifo/U0/inst_fifo_gen/gconvfifo.rf/grf.rf/gntv_or_sync_fifo.mem/gbm.gbmg.gbmga.ngecc.bmg/inst_blk_mem_gen/gnbram.gnativebmg.native_blk_mem_gen/valid.cstr/ramloop[0].ram.r/prim_noinit.ram/clk
    RAMB18_X2Y26         RAMB18E1                                     r  fifo/U0/inst_fifo_gen/gconvfifo.rf/grf.rf/gntv_or_sync_fifo.mem/gbm.gbmg.gbmga.ngecc.bmg/inst_blk_mem_gen/gnbram.gnativebmg.native_blk_mem_gen/valid.cstr/ramloop[0].ram.r/prim_noinit.ram/DEVICE_7SERIES.NO_BMM_INFO.SDP.WIDE_PRIM18.ram/CLKBWRCLK
                         clock pessimism             -0.501     1.489    
    RAMB18_X2Y26         RAMB18E1 (Hold_ramb18e1_CLKBWRCLK_ADDRBWRADDR[7])
                                                      0.183     1.672    fifo/U0/inst_fifo_gen/gconvfifo.rf/grf.rf/gntv_or_sync_fifo.mem/gbm.gbmg.gbmga.ngecc.bmg/inst_blk_mem_gen/gnbram.gnativebmg.native_blk_mem_gen/valid.cstr/ramloop[0].ram.r/prim_noinit.ram/DEVICE_7SERIES.NO_BMM_INFO.SDP.WIDE_PRIM18.ram
  -------------------------------------------------------------------
                         required time                         -1.672    
                         arrival time                           1.758    
  -------------------------------------------------------------------
                         slack                                  0.086    

Slack (MET) :             0.151ns  (arrival time - required time)
  Source:                 fifo/U0/inst_fifo_gen/gconvfifo.rf/grf.rf/gntv_or_sync_fifo.gl0.wr/wpntr/gcc0.gc0.count_reg[1]/C
                            (rising edge-triggered cell FDRE clocked by clk  {rise@0.000ns fall@5.000ns period=10.000ns})
  Destination:            fifo/U0/inst_fifo_gen/gconvfifo.rf/grf.rf/gntv_or_sync_fifo.gl0.wr/wpntr/gcc0.gc0.count_d1_reg[1]/D
                            (rising edge-triggered cell FDRE clocked by clk  {rise@0.000ns fall@5.000ns period=10.000ns})
  Path Group:             clk
  Path Type:              Hold (Min at Fast Process Corner)
  Requirement:            0.000ns  (clk rise@0.000ns - clk rise@0.000ns)
  Data Path Delay:        0.222ns  (logic 0.141ns (63.506%)  route 0.081ns (36.494%))
  Logic Levels:           0  
  Clock Path Skew:        0.000ns (DCD - SCD - CPR)
    Destination Clock Delay (DCD):    1.975ns
    Source Clock Delay      (SCD):    1.460ns
    Clock Pessimism Removal (CPR):    0.515ns

    Location             Delay type                Incr(ns)  Path(ns)    Netlist Resource(s)
  -------------------------------------------------------------------    -------------------
                         (clock clk rise edge)        0.000     0.000 r  
    H16                                               0.000     0.000 r  clk (IN)
                         net (fo=0)                   0.000     0.000    clk
    H16                  IBUF (Prop_ibuf_I_O)         0.225     0.225 r  clk_IBUF_inst/O
                         net (fo=1, routed)           0.627     0.852    clk_IBUF
    BUFGCTRL_X0Y16       BUFG (Prop_bufg_I_O)         0.026     0.878 r  clk_IBUF_BUFG_inst/O
                         net (fo=56, routed)          0.582     1.460    fifo/U0/inst_fifo_gen/gconvfifo.rf/grf.rf/gntv_or_sync_fifo.gl0.wr/wpntr/clk
    SLICE_X36Y65         FDRE                                         r  fifo/U0/inst_fifo_gen/gconvfifo.rf/grf.rf/gntv_or_sync_fifo.gl0.wr/wpntr/gcc0.gc0.count_reg[1]/C
  -------------------------------------------------------------------    -------------------
    SLICE_X36Y65         FDRE (Prop_fdre_C_Q)         0.141     1.601 r  fifo/U0/inst_fifo_gen/gconvfifo.rf/grf.rf/gntv_or_sync_fifo.gl0.wr/wpntr/gcc0.gc0.count_reg[1]/Q
                         net (fo=5, routed)           0.081     1.682    fifo/U0/inst_fifo_gen/gconvfifo.rf/grf.rf/gntv_or_sync_fifo.gl0.wr/wpntr/wr_pntr_plus1[1]
    SLICE_X36Y65         FDRE                                         r  fifo/U0/inst_fifo_gen/gconvfifo.rf/grf.rf/gntv_or_sync_fifo.gl0.wr/wpntr/gcc0.gc0.count_d1_reg[1]/D
  -------------------------------------------------------------------    -------------------

                         (clock clk rise edge)        0.000     0.000 r  
    H16                                               0.000     0.000 r  clk (IN)
                         net (fo=0)                   0.000     0.000    clk
    H16                  IBUF (Prop_ibuf_I_O)         0.413     0.413 r  clk_IBUF_inst/O
                         net (fo=1, routed)           0.683     1.096    clk_IBUF
    BUFGCTRL_X0Y16       BUFG (Prop_bufg_I_O)         0.029     1.125 r  clk_IBUF_BUFG_inst/O
                         net (fo=56, routed)          0.850     1.975    fifo/U0/inst_fifo_gen/gconvfifo.rf/grf.rf/gntv_or_sync_fifo.gl0.wr/wpntr/clk
    SLICE_X36Y65         FDRE                                         r  fifo/U0/inst_fifo_gen/gconvfifo.rf/grf.rf/gntv_or_sync_fifo.gl0.wr/wpntr/gcc0.gc0.count_d1_reg[1]/C
                         clock pessimism             -0.515     1.460    
    SLICE_X36Y65         FDRE (Hold_fdre_C_D)         0.071     1.531    fifo/U0/inst_fifo_gen/gconvfifo.rf/grf.rf/gntv_or_sync_fifo.gl0.wr/wpntr/gcc0.gc0.count_d1_reg[1]
  -------------------------------------------------------------------
                         required time                         -1.531    
                         arrival time                           1.682    
  -------------------------------------------------------------------
                         slack                                  0.151    

Slack (MET) :             0.165ns  (arrival time - required time)
  Source:                 din_fifo_reg[0]/C
                            (rising edge-triggered cell FDRE clocked by clk  {rise@0.000ns fall@5.000ns period=10.000ns})
  Destination:            fifo/U0/inst_fifo_gen/gconvfifo.rf/grf.rf/gntv_or_sync_fifo.mem/gbm.gbmg.gbmga.ngecc.bmg/inst_blk_mem_gen/gnbram.gnativebmg.native_blk_mem_gen/valid.cstr/ramloop[0].ram.r/prim_noinit.ram/DEVICE_7SERIES.NO_BMM_INFO.SDP.WIDE_PRIM18.ram/DIADI[0]
                            (rising edge-triggered cell RAMB18E1 clocked by clk  {rise@0.000ns fall@5.000ns period=10.000ns})
  Path Group:             clk
  Path Type:              Hold (Min at Fast Process Corner)
  Requirement:            0.000ns  (clk rise@0.000ns - clk rise@0.000ns)
  Data Path Delay:        0.369ns  (logic 0.141ns (38.192%)  route 0.228ns (61.808%))
  Logic Levels:           0  
  Clock Path Skew:        0.049ns (DCD - SCD - CPR)
    Destination Clock Delay (DCD):    1.989ns
    Source Clock Delay      (SCD):    1.459ns
    Clock Pessimism Removal (CPR):    0.481ns

    Location             Delay type                Incr(ns)  Path(ns)    Netlist Resource(s)
  -------------------------------------------------------------------    -------------------
                         (clock clk rise edge)        0.000     0.000 r  
    H16                                               0.000     0.000 r  clk (IN)
                         net (fo=0)                   0.000     0.000    clk
    H16                  IBUF (Prop_ibuf_I_O)         0.225     0.225 r  clk_IBUF_inst/O
                         net (fo=1, routed)           0.627     0.852    clk_IBUF
    BUFGCTRL_X0Y16       BUFG (Prop_bufg_I_O)         0.026     0.878 r  clk_IBUF_BUFG_inst/O
                         net (fo=56, routed)          0.581     1.459    clk_IBUF_BUFG
    SLICE_X37Y66         FDRE                                         r  din_fifo_reg[0]/C
  -------------------------------------------------------------------    -------------------
    SLICE_X37Y66         FDRE (Prop_fdre_C_Q)         0.141     1.600 r  din_fifo_reg[0]/Q
                         net (fo=1, routed)           0.228     1.828    fifo/U0/inst_fifo_gen/gconvfifo.rf/grf.rf/gntv_or_sync_fifo.mem/gbm.gbmg.gbmga.ngecc.bmg/inst_blk_mem_gen/gnbram.gnativebmg.native_blk_mem_gen/valid.cstr/ramloop[0].ram.r/prim_noinit.ram/din[0]
    RAMB18_X2Y26         RAMB18E1                                     r  fifo/U0/inst_fifo_gen/gconvfifo.rf/grf.rf/gntv_or_sync_fifo.mem/gbm.gbmg.gbmga.ngecc.bmg/inst_blk_mem_gen/gnbram.gnativebmg.native_blk_mem_gen/valid.cstr/ramloop[0].ram.r/prim_noinit.ram/DEVICE_7SERIES.NO_BMM_INFO.SDP.WIDE_PRIM18.ram/DIADI[0]
  -------------------------------------------------------------------    -------------------

                         (clock clk rise edge)        0.000     0.000 r  
    H16                                               0.000     0.000 r  clk (IN)
                         net (fo=0)                   0.000     0.000    clk
    H16                  IBUF (Prop_ibuf_I_O)         0.413     0.413 r  clk_IBUF_inst/O
                         net (fo=1, routed)           0.683     1.096    clk_IBUF
    BUFGCTRL_X0Y16       BUFG (Prop_bufg_I_O)         0.029     1.125 r  clk_IBUF_BUFG_inst/O
                         net (fo=56, routed)          0.864     1.989    fifo/U0/inst_fifo_gen/gconvfifo.rf/grf.rf/gntv_or_sync_fifo.mem/gbm.gbmg.gbmga.ngecc.bmg/inst_blk_mem_gen/gnbram.gnativebmg.native_blk_mem_gen/valid.cstr/ramloop[0].ram.r/prim_noinit.ram/clk
    RAMB18_X2Y26         RAMB18E1                                     r  fifo/U0/inst_fifo_gen/gconvfifo.rf/grf.rf/gntv_or_sync_fifo.mem/gbm.gbmg.gbmga.ngecc.bmg/inst_blk_mem_gen/gnbram.gnativebmg.native_blk_mem_gen/valid.cstr/ramloop[0].ram.r/prim_noinit.ram/DEVICE_7SERIES.NO_BMM_INFO.SDP.WIDE_PRIM18.ram/CLKBWRCLK
                         clock pessimism             -0.481     1.509    
    RAMB18_X2Y26         RAMB18E1 (Hold_ramb18e1_CLKBWRCLK_DIADI[0])
                                                      0.155     1.664    fifo/U0/inst_fifo_gen/gconvfifo.rf/grf.rf/gntv_or_sync_fifo.mem/gbm.gbmg.gbmga.ngecc.bmg/inst_blk_mem_gen/gnbram.gnativebmg.native_blk_mem_gen/valid.cstr/ramloop[0].ram.r/prim_noinit.ram/DEVICE_7SERIES.NO_BMM_INFO.SDP.WIDE_PRIM18.ram
  -------------------------------------------------------------------
                         required time                         -1.664    
                         arrival time                           1.828    
  -------------------------------------------------------------------
                         slack                                  0.165    

Slack (MET) :             0.166ns  (arrival time - required time)
  Source:                 fifo/U0/inst_fifo_gen/gconvfifo.rf/grf.rf/gntv_or_sync_fifo.gl0.wr/wpntr/gcc0.gc0.count_reg[0]/C
                            (rising edge-triggered cell FDSE clocked by clk  {rise@0.000ns fall@5.000ns period=10.000ns})
  Destination:            fifo/U0/inst_fifo_gen/gconvfifo.rf/grf.rf/gntv_or_sync_fifo.gl0.wr/wpntr/gcc0.gc0.count_d1_reg[0]/D
                            (rising edge-triggered cell FDRE clocked by clk  {rise@0.000ns fall@5.000ns period=10.000ns})
  Path Group:             clk
  Path Type:              Hold (Min at Fast Process Corner)
  Requirement:            0.000ns  (clk rise@0.000ns - clk rise@0.000ns)
  Data Path Delay:        0.241ns  (logic 0.141ns (58.570%)  route 0.100ns (41.430%))
  Logic Levels:           0  
  Clock Path Skew:        0.000ns (DCD - SCD - CPR)
    Destination Clock Delay (DCD):    1.975ns
    Source Clock Delay      (SCD):    1.460ns
    Clock Pessimism Removal (CPR):    0.515ns

    Location             Delay type                Incr(ns)  Path(ns)    Netlist Resource(s)
  -------------------------------------------------------------------    -------------------
                         (clock clk rise edge)        0.000     0.000 r  
    H16                                               0.000     0.000 r  clk (IN)
                         net (fo=0)                   0.000     0.000    clk
    H16                  IBUF (Prop_ibuf_I_O)         0.225     0.225 r  clk_IBUF_inst/O
                         net (fo=1, routed)           0.627     0.852    clk_IBUF
    BUFGCTRL_X0Y16       BUFG (Prop_bufg_I_O)         0.026     0.878 r  clk_IBUF_BUFG_inst/O
                         net (fo=56, routed)          0.582     1.460    fifo/U0/inst_fifo_gen/gconvfifo.rf/grf.rf/gntv_or_sync_fifo.gl0.wr/wpntr/clk
    SLICE_X36Y65         FDSE                                         r  fifo/U0/inst_fifo_gen/gconvfifo.rf/grf.rf/gntv_or_sync_fifo.gl0.wr/wpntr/gcc0.gc0.count_reg[0]/C
  -------------------------------------------------------------------    -------------------
    SLICE_X36Y65         FDSE (Prop_fdse_C_Q)         0.141     1.601 r  fifo/U0/inst_fifo_gen/gconvfifo.rf/grf.rf/gntv_or_sync_fifo.gl0.wr/wpntr/gcc0.gc0.count_reg[0]/Q
                         net (fo=6, routed)           0.100     1.701    fifo/U0/inst_fifo_gen/gconvfifo.rf/grf.rf/gntv_or_sync_fifo.gl0.wr/wpntr/wr_pntr_plus1[0]
    SLICE_X36Y65         FDRE                                         r  fifo/U0/inst_fifo_gen/gconvfifo.rf/grf.rf/gntv_or_sync_fifo.gl0.wr/wpntr/gcc0.gc0.count_d1_reg[0]/D
  -------------------------------------------------------------------    -------------------

                         (clock clk rise edge)        0.000     0.000 r  
    H16                                               0.000     0.000 r  clk (IN)
                         net (fo=0)                   0.000     0.000    clk
    H16                  IBUF (Prop_ibuf_I_O)         0.413     0.413 r  clk_IBUF_inst/O
                         net (fo=1, routed)           0.683     1.096    clk_IBUF
    BUFGCTRL_X0Y16       BUFG (Prop_bufg_I_O)         0.029     1.125 r  clk_IBUF_BUFG_inst/O
                         net (fo=56, routed)          0.850     1.975    fifo/U0/inst_fifo_gen/gconvfifo.rf/grf.rf/gntv_or_sync_fifo.gl0.wr/wpntr/clk
    SLICE_X36Y65         FDRE                                         r  fifo/U0/inst_fifo_gen/gconvfifo.rf/grf.rf/gntv_or_sync_fifo.gl0.wr/wpntr/gcc0.gc0.count_d1_reg[0]/C
                         clock pessimism             -0.515     1.460    
    SLICE_X36Y65         FDRE (Hold_fdre_C_D)         0.075     1.535    fifo/U0/inst_fifo_gen/gconvfifo.rf/grf.rf/gntv_or_sync_fifo.gl0.wr/wpntr/gcc0.gc0.count_d1_reg[0]
  -------------------------------------------------------------------
                         required time                         -1.535    
                         arrival time                           1.701    
  -------------------------------------------------------------------
                         slack                                  0.166    

Slack (MET) :             0.191ns  (arrival time - required time)
  Source:                 fifo/U0/inst_fifo_gen/gconvfifo.rf/grf.rf/gntv_or_sync_fifo.gl0.rd/rpntr/gc0.count_d1_reg[2]/C
                            (rising edge-triggered cell FDRE clocked by clk  {rise@0.000ns fall@5.000ns period=10.000ns})
  Destination:            fifo/U0/inst_fifo_gen/gconvfifo.rf/grf.rf/gntv_or_sync_fifo.mem/gbm.gbmg.gbmga.ngecc.bmg/inst_blk_mem_gen/gnbram.gnativebmg.native_blk_mem_gen/valid.cstr/ramloop[0].ram.r/prim_noinit.ram/DEVICE_7SERIES.NO_BMM_INFO.SDP.WIDE_PRIM18.ram/ADDRARDADDR[7]
                            (rising edge-triggered cell RAMB18E1 clocked by clk  {rise@0.000ns fall@5.000ns period=10.000ns})
  Path Group:             clk
  Path Type:              Hold (Min at Fast Process Corner)
  Requirement:            0.000ns  (clk rise@0.000ns - clk rise@0.000ns)
  Data Path Delay:        0.375ns  (logic 0.148ns (39.499%)  route 0.227ns (60.501%))
  Logic Levels:           0  
  Clock Path Skew:        0.053ns (DCD - SCD - CPR)
    Destination Clock Delay (DCD):    1.987ns
    Source Clock Delay      (SCD):    1.433ns
    Clock Pessimism Removal (CPR):    0.501ns

    Location             Delay type                Incr(ns)  Path(ns)    Netlist Resource(s)
  -------------------------------------------------------------------    -------------------
                         (clock clk rise edge)        0.000     0.000 r  
    H16                                               0.000     0.000 r  clk (IN)
                         net (fo=0)                   0.000     0.000    clk
    H16                  IBUF (Prop_ibuf_I_O)         0.225     0.225 r  clk_IBUF_inst/O
                         net (fo=1, routed)           0.627     0.852    clk_IBUF
    BUFGCTRL_X0Y16       BUFG (Prop_bufg_I_O)         0.026     0.878 r  clk_IBUF_BUFG_inst/O
                         net (fo=56, routed)          0.555     1.433    fifo/U0/inst_fifo_gen/gconvfifo.rf/grf.rf/gntv_or_sync_fifo.gl0.rd/rpntr/clk
    SLICE_X34Y64         FDRE                                         r  fifo/U0/inst_fifo_gen/gconvfifo.rf/grf.rf/gntv_or_sync_fifo.gl0.rd/rpntr/gc0.count_d1_reg[2]/C
  -------------------------------------------------------------------    -------------------
    SLICE_X34Y64         FDRE (Prop_fdre_C_Q)         0.148     1.581 r  fifo/U0/inst_fifo_gen/gconvfifo.rf/grf.rf/gntv_or_sync_fifo.gl0.rd/rpntr/gc0.count_d1_reg[2]/Q
                         net (fo=3, routed)           0.227     1.808    fifo/U0/inst_fifo_gen/gconvfifo.rf/grf.rf/gntv_or_sync_fifo.mem/gbm.gbmg.gbmga.ngecc.bmg/inst_blk_mem_gen/gnbram.gnativebmg.native_blk_mem_gen/valid.cstr/ramloop[0].ram.r/prim_noinit.ram/DEVICE_7SERIES.NO_BMM_INFO.SDP.WIDE_PRIM18.ram_0[2]
    RAMB18_X2Y26         RAMB18E1                                     r  fifo/U0/inst_fifo_gen/gconvfifo.rf/grf.rf/gntv_or_sync_fifo.mem/gbm.gbmg.gbmga.ngecc.bmg/inst_blk_mem_gen/gnbram.gnativebmg.native_blk_mem_gen/valid.cstr/ramloop[0].ram.r/prim_noinit.ram/DEVICE_7SERIES.NO_BMM_INFO.SDP.WIDE_PRIM18.ram/ADDRARDADDR[7]
  -------------------------------------------------------------------    -------------------

                         (clock clk rise edge)        0.000     0.000 r  
    H16                                               0.000     0.000 r  clk (IN)
                         net (fo=0)                   0.000     0.000    clk
    H16                  IBUF (Prop_ibuf_I_O)         0.413     0.413 r  clk_IBUF_inst/O
                         net (fo=1, routed)           0.683     1.096    clk_IBUF
    BUFGCTRL_X0Y16       BUFG (Prop_bufg_I_O)         0.029     1.125 r  clk_IBUF_BUFG_inst/O
                         net (fo=56, routed)          0.862     1.987    fifo/U0/inst_fifo_gen/gconvfifo.rf/grf.rf/gntv_or_sync_fifo.mem/gbm.gbmg.gbmga.ngecc.bmg/inst_blk_mem_gen/gnbram.gnativebmg.native_blk_mem_gen/valid.cstr/ramloop[0].ram.r/prim_noinit.ram/clk
    RAMB18_X2Y26         RAMB18E1                                     r  fifo/U0/inst_fifo_gen/gconvfifo.rf/grf.rf/gntv_or_sync_fifo.mem/gbm.gbmg.gbmga.ngecc.bmg/inst_blk_mem_gen/gnbram.gnativebmg.native_blk_mem_gen/valid.cstr/ramloop[0].ram.r/prim_noinit.ram/DEVICE_7SERIES.NO_BMM_INFO.SDP.WIDE_PRIM18.ram/CLKARDCLK
                         clock pessimism             -0.501     1.487    
    RAMB18_X2Y26         RAMB18E1 (Hold_ramb18e1_CLKARDCLK_ADDRARDADDR[7])
                                                      0.130     1.617    fifo/U0/inst_fifo_gen/gconvfifo.rf/grf.rf/gntv_or_sync_fifo.mem/gbm.gbmg.gbmga.ngecc.bmg/inst_blk_mem_gen/gnbram.gnativebmg.native_blk_mem_gen/valid.cstr/ramloop[0].ram.r/prim_noinit.ram/DEVICE_7SERIES.NO_BMM_INFO.SDP.WIDE_PRIM18.ram
  -------------------------------------------------------------------
                         required time                         -1.617    
                         arrival time                           1.808    
  -------------------------------------------------------------------
                         slack                                  0.191    

Slack (MET) :             0.204ns  (arrival time - required time)
  Source:                 fifo/U0/inst_fifo_gen/gconvfifo.rf/grf.rf/gntv_or_sync_fifo.gl0.rd/rpntr/gc0.count_d1_reg[0]/C
                            (rising edge-triggered cell FDRE clocked by clk  {rise@0.000ns fall@5.000ns period=10.000ns})
  Destination:            fifo/U0/inst_fifo_gen/gconvfifo.rf/grf.rf/gntv_or_sync_fifo.mem/gbm.gbmg.gbmga.ngecc.bmg/inst_blk_mem_gen/gnbram.gnativebmg.native_blk_mem_gen/valid.cstr/ramloop[0].ram.r/prim_noinit.ram/DEVICE_7SERIES.NO_BMM_INFO.SDP.WIDE_PRIM18.ram/ADDRARDADDR[5]
                            (rising edge-triggered cell RAMB18E1 clocked by clk  {rise@0.000ns fall@5.000ns period=10.000ns})
  Path Group:             clk
  Path Type:              Hold (Min at Fast Process Corner)
  Requirement:            0.000ns  (clk rise@0.000ns - clk rise@0.000ns)
  Data Path Delay:        0.440ns  (logic 0.164ns (37.262%)  route 0.276ns (62.738%))
  Logic Levels:           0  
  Clock Path Skew:        0.053ns (DCD - SCD - CPR)
    Destination Clock Delay (DCD):    1.987ns
    Source Clock Delay      (SCD):    1.433ns
    Clock Pessimism Removal (CPR):    0.501ns

    Location             Delay type                Incr(ns)  Path(ns)    Netlist Resource(s)
  -------------------------------------------------------------------    -------------------
                         (clock clk rise edge)        0.000     0.000 r  
    H16                                               0.000     0.000 r  clk (IN)
                         net (fo=0)                   0.000     0.000    clk
    H16                  IBUF (Prop_ibuf_I_O)         0.225     0.225 r  clk_IBUF_inst/O
                         net (fo=1, routed)           0.627     0.852    clk_IBUF
    BUFGCTRL_X0Y16       BUFG (Prop_bufg_I_O)         0.026     0.878 r  clk_IBUF_BUFG_inst/O
                         net (fo=56, routed)          0.555     1.433    fifo/U0/inst_fifo_gen/gconvfifo.rf/grf.rf/gntv_or_sync_fifo.gl0.rd/rpntr/clk
    SLICE_X34Y65         FDRE                                         r  fifo/U0/inst_fifo_gen/gconvfifo.rf/grf.rf/gntv_or_sync_fifo.gl0.rd/rpntr/gc0.count_d1_reg[0]/C
  -------------------------------------------------------------------    -------------------
    SLICE_X34Y65         FDRE (Prop_fdre_C_Q)         0.164     1.597 r  fifo/U0/inst_fifo_gen/gconvfifo.rf/grf.rf/gntv_or_sync_fifo.gl0.rd/rpntr/gc0.count_d1_reg[0]/Q
                         net (fo=3, routed)           0.276     1.873    fifo/U0/inst_fifo_gen/gconvfifo.rf/grf.rf/gntv_or_sync_fifo.mem/gbm.gbmg.gbmga.ngecc.bmg/inst_blk_mem_gen/gnbram.gnativebmg.native_blk_mem_gen/valid.cstr/ramloop[0].ram.r/prim_noinit.ram/DEVICE_7SERIES.NO_BMM_INFO.SDP.WIDE_PRIM18.ram_0[0]
    RAMB18_X2Y26         RAMB18E1                                     r  fifo/U0/inst_fifo_gen/gconvfifo.rf/grf.rf/gntv_or_sync_fifo.mem/gbm.gbmg.gbmga.ngecc.bmg/inst_blk_mem_gen/gnbram.gnativebmg.native_blk_mem_gen/valid.cstr/ramloop[0].ram.r/prim_noinit.ram/DEVICE_7SERIES.NO_BMM_INFO.SDP.WIDE_PRIM18.ram/ADDRARDADDR[5]
  -------------------------------------------------------------------    -------------------

                         (clock clk rise edge)        0.000     0.000 r  
    H16                                               0.000     0.000 r  clk (IN)
                         net (fo=0)                   0.000     0.000    clk
    H16                  IBUF (Prop_ibuf_I_O)         0.413     0.413 r  clk_IBUF_inst/O
                         net (fo=1, routed)           0.683     1.096    clk_IBUF
    BUFGCTRL_X0Y16       BUFG (Prop_bufg_I_O)         0.029     1.125 r  clk_IBUF_BUFG_inst/O
                         net (fo=56, routed)          0.862     1.987    fifo/U0/inst_fifo_gen/gconvfifo.rf/grf.rf/gntv_or_sync_fifo.mem/gbm.gbmg.gbmga.ngecc.bmg/inst_blk_mem_gen/gnbram.gnativebmg.native_blk_mem_gen/valid.cstr/ramloop[0].ram.r/prim_noinit.ram/clk
    RAMB18_X2Y26         RAMB18E1                                     r  fifo/U0/inst_fifo_gen/gconvfifo.rf/grf.rf/gntv_or_sync_fifo.mem/gbm.gbmg.gbmga.ngecc.bmg/inst_blk_mem_gen/gnbram.gnativebmg.native_blk_mem_gen/valid.cstr/ramloop[0].ram.r/prim_noinit.ram/DEVICE_7SERIES.NO_BMM_INFO.SDP.WIDE_PRIM18.ram/CLKARDCLK
                         clock pessimism             -0.501     1.487    
    RAMB18_X2Y26         RAMB18E1 (Hold_ramb18e1_CLKARDCLK_ADDRARDADDR[5])
                                                      0.183     1.670    fifo/U0/inst_fifo_gen/gconvfifo.rf/grf.rf/gntv_or_sync_fifo.mem/gbm.gbmg.gbmga.ngecc.bmg/inst_blk_mem_gen/gnbram.gnativebmg.native_blk_mem_gen/valid.cstr/ramloop[0].ram.r/prim_noinit.ram/DEVICE_7SERIES.NO_BMM_INFO.SDP.WIDE_PRIM18.ram
  -------------------------------------------------------------------
                         required time                         -1.670    
                         arrival time                           1.873    
  -------------------------------------------------------------------
                         slack                                  0.204    

Slack (MET) :             0.212ns  (arrival time - required time)
  Source:                 fifo/U0/inst_fifo_gen/gconvfifo.rf/grf.rf/gntv_or_sync_fifo.gl0.rd/rpntr/gc0.count_d1_reg[1]/C
                            (rising edge-triggered cell FDRE clocked by clk  {rise@0.000ns fall@5.000ns period=10.000ns})
  Destination:            fifo/U0/inst_fifo_gen/gconvfifo.rf/grf.rf/gntv_or_sync_fifo.mem/gbm.gbmg.gbmga.ngecc.bmg/inst_blk_mem_gen/gnbram.gnativebmg.native_blk_mem_gen/valid.cstr/ramloop[0].ram.r/prim_noinit.ram/DEVICE_7SERIES.NO_BMM_INFO.SDP.WIDE_PRIM18.ram/ADDRARDADDR[6]
                            (rising edge-triggered cell RAMB18E1 clocked by clk  {rise@0.000ns fall@5.000ns period=10.000ns})
  Path Group:             clk
  Path Type:              Hold (Min at Fast Process Corner)
  Requirement:            0.000ns  (clk rise@0.000ns - clk rise@0.000ns)
  Data Path Delay:        0.449ns  (logic 0.164ns (36.534%)  route 0.285ns (63.466%))
  Logic Levels:           0  
  Clock Path Skew:        0.053ns (DCD - SCD - CPR)
    Destination Clock Delay (DCD):    1.987ns
    Source Clock Delay      (SCD):    1.433ns
    Clock Pessimism Removal (CPR):    0.501ns

    Location             Delay type                Incr(ns)  Path(ns)    Netlist Resource(s)
  -------------------------------------------------------------------    -------------------
                         (clock clk rise edge)        0.000     0.000 r  
    H16                                               0.000     0.000 r  clk (IN)
                         net (fo=0)                   0.000     0.000    clk
    H16                  IBUF (Prop_ibuf_I_O)         0.225     0.225 r  clk_IBUF_inst/O
                         net (fo=1, routed)           0.627     0.852    clk_IBUF
    BUFGCTRL_X0Y16       BUFG (Prop_bufg_I_O)         0.026     0.878 r  clk_IBUF_BUFG_inst/O
                         net (fo=56, routed)          0.555     1.433    fifo/U0/inst_fifo_gen/gconvfifo.rf/grf.rf/gntv_or_sync_fifo.gl0.rd/rpntr/clk
    SLICE_X34Y65         FDRE                                         r  fifo/U0/inst_fifo_gen/gconvfifo.rf/grf.rf/gntv_or_sync_fifo.gl0.rd/rpntr/gc0.count_d1_reg[1]/C
  -------------------------------------------------------------------    -------------------
    SLICE_X34Y65         FDRE (Prop_fdre_C_Q)         0.164     1.597 r  fifo/U0/inst_fifo_gen/gconvfifo.rf/grf.rf/gntv_or_sync_fifo.gl0.rd/rpntr/gc0.count_d1_reg[1]/Q
                         net (fo=3, routed)           0.285     1.882    fifo/U0/inst_fifo_gen/gconvfifo.rf/grf.rf/gntv_or_sync_fifo.mem/gbm.gbmg.gbmga.ngecc.bmg/inst_blk_mem_gen/gnbram.gnativebmg.native_blk_mem_gen/valid.cstr/ramloop[0].ram.r/prim_noinit.ram/DEVICE_7SERIES.NO_BMM_INFO.SDP.WIDE_PRIM18.ram_0[1]
    RAMB18_X2Y26         RAMB18E1                                     r  fifo/U0/inst_fifo_gen/gconvfifo.rf/grf.rf/gntv_or_sync_fifo.mem/gbm.gbmg.gbmga.ngecc.bmg/inst_blk_mem_gen/gnbram.gnativebmg.native_blk_mem_gen/valid.cstr/ramloop[0].ram.r/prim_noinit.ram/DEVICE_7SERIES.NO_BMM_INFO.SDP.WIDE_PRIM18.ram/ADDRARDADDR[6]
  -------------------------------------------------------------------    -------------------

                         (clock clk rise edge)        0.000     0.000 r  
    H16                                               0.000     0.000 r  clk (IN)
                         net (fo=0)                   0.000     0.000    clk
    H16                  IBUF (Prop_ibuf_I_O)         0.413     0.413 r  clk_IBUF_inst/O
                         net (fo=1, routed)           0.683     1.096    clk_IBUF
    BUFGCTRL_X0Y16       BUFG (Prop_bufg_I_O)         0.029     1.125 r  clk_IBUF_BUFG_inst/O
                         net (fo=56, routed)          0.862     1.987    fifo/U0/inst_fifo_gen/gconvfifo.rf/grf.rf/gntv_or_sync_fifo.mem/gbm.gbmg.gbmga.ngecc.bmg/inst_blk_mem_gen/gnbram.gnativebmg.native_blk_mem_gen/valid.cstr/ramloop[0].ram.r/prim_noinit.ram/clk
    RAMB18_X2Y26         RAMB18E1                                     r  fifo/U0/inst_fifo_gen/gconvfifo.rf/grf.rf/gntv_or_sync_fifo.mem/gbm.gbmg.gbmga.ngecc.bmg/inst_blk_mem_gen/gnbram.gnativebmg.native_blk_mem_gen/valid.cstr/ramloop[0].ram.r/prim_noinit.ram/DEVICE_7SERIES.NO_BMM_INFO.SDP.WIDE_PRIM18.ram/CLKARDCLK
                         clock pessimism             -0.501     1.487    
    RAMB18_X2Y26         RAMB18E1 (Hold_ramb18e1_CLKARDCLK_ADDRARDADDR[6])
                                                      0.183     1.670    fifo/U0/inst_fifo_gen/gconvfifo.rf/grf.rf/gntv_or_sync_fifo.mem/gbm.gbmg.gbmga.ngecc.bmg/inst_blk_mem_gen/gnbram.gnativebmg.native_blk_mem_gen/valid.cstr/ramloop[0].ram.r/prim_noinit.ram/DEVICE_7SERIES.NO_BMM_INFO.SDP.WIDE_PRIM18.ram
  -------------------------------------------------------------------
                         required time                         -1.670    
                         arrival time                           1.882    
  -------------------------------------------------------------------
                         slack                                  0.212    

Slack (MET) :             0.221ns  (arrival time - required time)
  Source:                 fifo/U0/inst_fifo_gen/gconvfifo.rf/grf.rf/gntv_or_sync_fifo.gl0.rd/rpntr/gc0.count_reg[2]/C
                            (rising edge-triggered cell FDRE clocked by clk  {rise@0.000ns fall@5.000ns period=10.000ns})
  Destination:            fifo/U0/inst_fifo_gen/gconvfifo.rf/grf.rf/gntv_or_sync_fifo.gl0.rd/rpntr/gc0.count_d1_reg[2]/D
                            (rising edge-triggered cell FDRE clocked by clk  {rise@0.000ns fall@5.000ns period=10.000ns})
  Path Group:             clk
  Path Type:              Hold (Min at Fast Process Corner)
  Requirement:            0.000ns  (clk rise@0.000ns - clk rise@0.000ns)
  Data Path Delay:        0.296ns  (logic 0.164ns (55.366%)  route 0.132ns (44.634%))
  Logic Levels:           0  
  Clock Path Skew:        0.015ns (DCD - SCD - CPR)
    Destination Clock Delay (DCD):    1.949ns
    Source Clock Delay      (SCD):    1.433ns
    Clock Pessimism Removal (CPR):    0.501ns

    Location             Delay type                Incr(ns)  Path(ns)    Netlist Resource(s)
  -------------------------------------------------------------------    -------------------
                         (clock clk rise edge)        0.000     0.000 r  
    H16                                               0.000     0.000 r  clk (IN)
                         net (fo=0)                   0.000     0.000    clk
    H16                  IBUF (Prop_ibuf_I_O)         0.225     0.225 r  clk_IBUF_inst/O
                         net (fo=1, routed)           0.627     0.852    clk_IBUF
    BUFGCTRL_X0Y16       BUFG (Prop_bufg_I_O)         0.026     0.878 r  clk_IBUF_BUFG_inst/O
                         net (fo=56, routed)          0.555     1.433    fifo/U0/inst_fifo_gen/gconvfifo.rf/grf.rf/gntv_or_sync_fifo.gl0.rd/rpntr/clk
    SLICE_X34Y65         FDRE                                         r  fifo/U0/inst_fifo_gen/gconvfifo.rf/grf.rf/gntv_or_sync_fifo.gl0.rd/rpntr/gc0.count_reg[2]/C
  -------------------------------------------------------------------    -------------------
    SLICE_X34Y65         FDRE (Prop_fdre_C_Q)         0.164     1.597 r  fifo/U0/inst_fifo_gen/gconvfifo.rf/grf.rf/gntv_or_sync_fifo.gl0.rd/rpntr/gc0.count_reg[2]/Q
                         net (fo=4, routed)           0.132     1.729    fifo/U0/inst_fifo_gen/gconvfifo.rf/grf.rf/gntv_or_sync_fifo.gl0.rd/rpntr/Q[2]
    SLICE_X34Y64         FDRE                                         r  fifo/U0/inst_fifo_gen/gconvfifo.rf/grf.rf/gntv_or_sync_fifo.gl0.rd/rpntr/gc0.count_d1_reg[2]/D
  -------------------------------------------------------------------    -------------------

                         (clock clk rise edge)        0.000     0.000 r  
    H16                                               0.000     0.000 r  clk (IN)
                         net (fo=0)                   0.000     0.000    clk
    H16                  IBUF (Prop_ibuf_I_O)         0.413     0.413 r  clk_IBUF_inst/O
                         net (fo=1, routed)           0.683     1.096    clk_IBUF
    BUFGCTRL_X0Y16       BUFG (Prop_bufg_I_O)         0.029     1.125 r  clk_IBUF_BUFG_inst/O
                         net (fo=56, routed)          0.824     1.949    fifo/U0/inst_fifo_gen/gconvfifo.rf/grf.rf/gntv_or_sync_fifo.gl0.rd/rpntr/clk
    SLICE_X34Y64         FDRE                                         r  fifo/U0/inst_fifo_gen/gconvfifo.rf/grf.rf/gntv_or_sync_fifo.gl0.rd/rpntr/gc0.count_d1_reg[2]/C
                         clock pessimism             -0.501     1.448    
    SLICE_X34Y64         FDRE (Hold_fdre_C_D)         0.060     1.508    fifo/U0/inst_fifo_gen/gconvfifo.rf/grf.rf/gntv_or_sync_fifo.gl0.rd/rpntr/gc0.count_d1_reg[2]
  -------------------------------------------------------------------
                         required time                         -1.508    
                         arrival time                           1.729    
  -------------------------------------------------------------------
                         slack                                  0.221    

Slack (MET) :             0.226ns  (arrival time - required time)
  Source:                 current_color_reg[0]/C
                            (rising edge-triggered cell FDRE clocked by clk  {rise@0.000ns fall@5.000ns period=10.000ns})
  Destination:            current_color_reg[1]/D
                            (rising edge-triggered cell FDRE clocked by clk  {rise@0.000ns fall@5.000ns period=10.000ns})
  Path Group:             clk
  Path Type:              Hold (Min at Fast Process Corner)
  Requirement:            0.000ns  (clk rise@0.000ns - clk rise@0.000ns)
  Data Path Delay:        0.318ns  (logic 0.186ns (58.567%)  route 0.132ns (41.433%))
  Logic Levels:           1  (LUT6=1)
  Clock Path Skew:        0.000ns (DCD - SCD - CPR)
    Destination Clock Delay (DCD):    1.975ns
    Source Clock Delay      (SCD):    1.460ns
    Clock Pessimism Removal (CPR):    0.515ns

    Location             Delay type                Incr(ns)  Path(ns)    Netlist Resource(s)
  -------------------------------------------------------------------    -------------------
                         (clock clk rise edge)        0.000     0.000 r  
    H16                                               0.000     0.000 r  clk (IN)
                         net (fo=0)                   0.000     0.000    clk
    H16                  IBUF (Prop_ibuf_I_O)         0.225     0.225 r  clk_IBUF_inst/O
                         net (fo=1, routed)           0.627     0.852    clk_IBUF
    BUFGCTRL_X0Y16       BUFG (Prop_bufg_I_O)         0.026     0.878 r  clk_IBUF_BUFG_inst/O
                         net (fo=56, routed)          0.582     1.460    clk_IBUF_BUFG
    SLICE_X37Y65         FDRE                                         r  current_color_reg[0]/C
  -------------------------------------------------------------------    -------------------
    SLICE_X37Y65         FDRE (Prop_fdre_C_Q)         0.141     1.601 r  current_color_reg[0]/Q
                         net (fo=3, routed)           0.132     1.733    uut/current_color[0]
    SLICE_X37Y65         LUT6 (Prop_lut6_I0_O)        0.045     1.778 r  uut/current_color[1]_i_1/O
                         net (fo=1, routed)           0.000     1.778    uut_n_0
    SLICE_X37Y65         FDRE                                         r  current_color_reg[1]/D
  -------------------------------------------------------------------    -------------------

                         (clock clk rise edge)        0.000     0.000 r  
    H16                                               0.000     0.000 r  clk (IN)
                         net (fo=0)                   0.000     0.000    clk
    H16                  IBUF (Prop_ibuf_I_O)         0.413     0.413 r  clk_IBUF_inst/O
                         net (fo=1, routed)           0.683     1.096    clk_IBUF
    BUFGCTRL_X0Y16       BUFG (Prop_bufg_I_O)         0.029     1.125 r  clk_IBUF_BUFG_inst/O
                         net (fo=56, routed)          0.850     1.975    clk_IBUF_BUFG
    SLICE_X37Y65         FDRE                                         r  current_color_reg[1]/C
                         clock pessimism             -0.515     1.460    
    SLICE_X37Y65         FDRE (Hold_fdre_C_D)         0.092     1.552    current_color_reg[1]
  -------------------------------------------------------------------
                         required time                         -1.552    
                         arrival time                           1.778    
  -------------------------------------------------------------------
                         slack                                  0.226    

Slack (MET) :             0.227ns  (arrival time - required time)
  Source:                 fifo/U0/inst_fifo_gen/gconvfifo.rf/grf.rf/gntv_or_sync_fifo.gl0.wr/wpntr/gcc0.gc0.count_d1_reg[3]/C
                            (rising edge-triggered cell FDRE clocked by clk  {rise@0.000ns fall@5.000ns period=10.000ns})
  Destination:            fifo/U0/inst_fifo_gen/gconvfifo.rf/grf.rf/gntv_or_sync_fifo.mem/gbm.gbmg.gbmga.ngecc.bmg/inst_blk_mem_gen/gnbram.gnativebmg.native_blk_mem_gen/valid.cstr/ramloop[0].ram.r/prim_noinit.ram/DEVICE_7SERIES.NO_BMM_INFO.SDP.WIDE_PRIM18.ram/ADDRBWRADDR[8]
                            (rising edge-triggered cell RAMB18E1 clocked by clk  {rise@0.000ns fall@5.000ns period=10.000ns})
  Path Group:             clk
  Path Type:              Hold (Min at Fast Process Corner)
  Requirement:            0.000ns  (clk rise@0.000ns - clk rise@0.000ns)
  Data Path Delay:        0.459ns  (logic 0.141ns (30.752%)  route 0.318ns (69.248%))
  Logic Levels:           0  
  Clock Path Skew:        0.048ns (DCD - SCD - CPR)
    Destination Clock Delay (DCD):    1.989ns
    Source Clock Delay      (SCD):    1.460ns
    Clock Pessimism Removal (CPR):    0.481ns

    Location             Delay type                Incr(ns)  Path(ns)    Netlist Resource(s)
  -------------------------------------------------------------------    -------------------
                         (clock clk rise edge)        0.000     0.000 r  
    H16                                               0.000     0.000 r  clk (IN)
                         net (fo=0)                   0.000     0.000    clk
    H16                  IBUF (Prop_ibuf_I_O)         0.225     0.225 r  clk_IBUF_inst/O
                         net (fo=1, routed)           0.627     0.852    clk_IBUF
    BUFGCTRL_X0Y16       BUFG (Prop_bufg_I_O)         0.026     0.878 r  clk_IBUF_BUFG_inst/O
                         net (fo=56, routed)          0.582     1.460    fifo/U0/inst_fifo_gen/gconvfifo.rf/grf.rf/gntv_or_sync_fifo.gl0.wr/wpntr/clk
    SLICE_X36Y65         FDRE                                         r  fifo/U0/inst_fifo_gen/gconvfifo.rf/grf.rf/gntv_or_sync_fifo.gl0.wr/wpntr/gcc0.gc0.count_d1_reg[3]/C
  -------------------------------------------------------------------    -------------------
    SLICE_X36Y65         FDRE (Prop_fdre_C_Q)         0.141     1.601 r  fifo/U0/inst_fifo_gen/gconvfifo.rf/grf.rf/gntv_or_sync_fifo.gl0.wr/wpntr/gcc0.gc0.count_d1_reg[3]/Q
                         net (fo=3, routed)           0.318     1.919    fifo/U0/inst_fifo_gen/gconvfifo.rf/grf.rf/gntv_or_sync_fifo.mem/gbm.gbmg.gbmga.ngecc.bmg/inst_blk_mem_gen/gnbram.gnativebmg.native_blk_mem_gen/valid.cstr/ramloop[0].ram.r/prim_noinit.ram/Q[3]
    RAMB18_X2Y26         RAMB18E1                                     r  fifo/U0/inst_fifo_gen/gconvfifo.rf/grf.rf/gntv_or_sync_fifo.mem/gbm.gbmg.gbmga.ngecc.bmg/inst_blk_mem_gen/gnbram.gnativebmg.native_blk_mem_gen/valid.cstr/ramloop[0].ram.r/prim_noinit.ram/DEVICE_7SERIES.NO_BMM_INFO.SDP.WIDE_PRIM18.ram/ADDRBWRADDR[8]
  -------------------------------------------------------------------    -------------------

                         (clock clk rise edge)        0.000     0.000 r  
    H16                                               0.000     0.000 r  clk (IN)
                         net (fo=0)                   0.000     0.000    clk
    H16                  IBUF (Prop_ibuf_I_O)         0.413     0.413 r  clk_IBUF_inst/O
                         net (fo=1, routed)           0.683     1.096    clk_IBUF
    BUFGCTRL_X0Y16       BUFG (Prop_bufg_I_O)         0.029     1.125 r  clk_IBUF_BUFG_inst/O
                         net (fo=56, routed)          0.864     1.989    fifo/U0/inst_fifo_gen/gconvfifo.rf/grf.rf/gntv_or_sync_fifo.mem/gbm.gbmg.gbmga.ngecc.bmg/inst_blk_mem_gen/gnbram.gnativebmg.native_blk_mem_gen/valid.cstr/ramloop[0].ram.r/prim_noinit.ram/clk
    RAMB18_X2Y26         RAMB18E1                                     r  fifo/U0/inst_fifo_gen/gconvfifo.rf/grf.rf/gntv_or_sync_fifo.mem/gbm.gbmg.gbmga.ngecc.bmg/inst_blk_mem_gen/gnbram.gnativebmg.native_blk_mem_gen/valid.cstr/ramloop[0].ram.r/prim_noinit.ram/DEVICE_7SERIES.NO_BMM_INFO.SDP.WIDE_PRIM18.ram/CLKBWRCLK
                         clock pessimism             -0.481     1.509    
    RAMB18_X2Y26         RAMB18E1 (Hold_ramb18e1_CLKBWRCLK_ADDRBWRADDR[8])
                                                      0.183     1.692    fifo/U0/inst_fifo_gen/gconvfifo.rf/grf.rf/gntv_or_sync_fifo.mem/gbm.gbmg.gbmga.ngecc.bmg/inst_blk_mem_gen/gnbram.gnativebmg.native_blk_mem_gen/valid.cstr/ramloop[0].ram.r/prim_noinit.ram/DEVICE_7SERIES.NO_BMM_INFO.SDP.WIDE_PRIM18.ram
  -------------------------------------------------------------------
                         required time                         -1.692    
                         arrival time                           1.919    
  -------------------------------------------------------------------
                         slack                                  0.227    





Pulse Width Checks
--------------------------------------------------------------------------------------
Clock Name:         clk
Waveform(ns):       { 0.000 5.000 }
Period(ns):         10.000
Sources:            { clk }

Check Type        Corner  Lib Pin             Reference Pin  Required(ns)  Actual(ns)  Slack(ns)  Location        Pin
Min Period        n/a     RAMB18E1/CLKARDCLK  n/a            2.944         10.000      7.056      RAMB18_X2Y26    fifo/U0/inst_fifo_gen/gconvfifo.rf/grf.rf/gntv_or_sync_fifo.mem/gbm.gbmg.gbmga.ngecc.bmg/inst_blk_mem_gen/gnbram.gnativebmg.native_blk_mem_gen/valid.cstr/ramloop[0].ram.r/prim_noinit.ram/DEVICE_7SERIES.NO_BMM_INFO.SDP.WIDE_PRIM18.ram/CLKARDCLK
Min Period        n/a     RAMB18E1/CLKBWRCLK  n/a            2.944         10.000      7.056      RAMB18_X2Y26    fifo/U0/inst_fifo_gen/gconvfifo.rf/grf.rf/gntv_or_sync_fifo.mem/gbm.gbmg.gbmga.ngecc.bmg/inst_blk_mem_gen/gnbram.gnativebmg.native_blk_mem_gen/valid.cstr/ramloop[0].ram.r/prim_noinit.ram/DEVICE_7SERIES.NO_BMM_INFO.SDP.WIDE_PRIM18.ram/CLKBWRCLK
Min Period        n/a     BUFG/I              n/a            2.155         10.000      7.845      BUFGCTRL_X0Y16  clk_IBUF_BUFG_inst/I
Min Period        n/a     FDRE/C              n/a            1.000         10.000      9.000      SLICE_X37Y65    current_color_reg[0]/C
Min Period        n/a     FDRE/C              n/a            1.000         10.000      9.000      SLICE_X37Y65    current_color_reg[1]/C
Min Period        n/a     FDRE/C              n/a            1.000         10.000      9.000      SLICE_X37Y66    din_fifo_reg[0]/C
Min Period        n/a     FDSE/C              n/a            1.000         10.000      9.000      SLICE_X36Y66    fifo/U0/inst_fifo_gen/gconvfifo.rf/grf.rf/gntv_or_sync_fifo.gl0.rd/grss.rsts/ram_empty_fb_i_reg/C
Min Period        n/a     FDSE/C              n/a            1.000         10.000      9.000      SLICE_X36Y66    fifo/U0/inst_fifo_gen/gconvfifo.rf/grf.rf/gntv_or_sync_fifo.gl0.rd/grss.rsts/ram_empty_i_reg/C
Min Period        n/a     FDRE/C              n/a            1.000         10.000      9.000      SLICE_X34Y65    fifo/U0/inst_fifo_gen/gconvfifo.rf/grf.rf/gntv_or_sync_fifo.gl0.rd/rpntr/gc0.count_d1_reg[0]/C
Min Period        n/a     FDRE/C              n/a            1.000         10.000      9.000      SLICE_X34Y65    fifo/U0/inst_fifo_gen/gconvfifo.rf/grf.rf/gntv_or_sync_fifo.gl0.rd/rpntr/gc0.count_d1_reg[1]/C
Low Pulse Width   Slow    FDRE/C              n/a            0.500         5.000       4.500      SLICE_X37Y65    current_color_reg[0]/C
Low Pulse Width   Slow    FDRE/C              n/a            0.500         5.000       4.500      SLICE_X37Y65    current_color_reg[1]/C
Low Pulse Width   Slow    FDRE/C              n/a            0.500         5.000       4.500      SLICE_X37Y66    din_fifo_reg[0]/C
Low Pulse Width   Slow    FDSE/C              n/a            0.500         5.000       4.500      SLICE_X36Y66    fifo/U0/inst_fifo_gen/gconvfifo.rf/grf.rf/gntv_or_sync_fifo.gl0.rd/grss.rsts/ram_empty_fb_i_reg/C
Low Pulse Width   Slow    FDSE/C              n/a            0.500         5.000       4.500      SLICE_X36Y66    fifo/U0/inst_fifo_gen/gconvfifo.rf/grf.rf/gntv_or_sync_fifo.gl0.rd/grss.rsts/ram_empty_i_reg/C
Low Pulse Width   Slow    FDRE/C              n/a            0.500         5.000       4.500      SLICE_X36Y66    fifo/U0/inst_fifo_gen/gconvfifo.rf/grf.rf/gntv_or_sync_fifo.gl0.wr/gwss.wsts/ram_full_fb_i_reg/C
Low Pulse Width   Slow    FDRE/C              n/a            0.500         5.000       4.500      SLICE_X36Y66    fifo/U0/inst_fifo_gen/gconvfifo.rf/grf.rf/gntv_or_sync_fifo.gl0.wr/gwss.wsts/ram_full_i_reg/C
Low Pulse Width   Slow    FDRE/C              n/a            0.500         5.000       4.500      SLICE_X36Y65    fifo/U0/inst_fifo_gen/gconvfifo.rf/grf.rf/gntv_or_sync_fifo.gl0.wr/wpntr/gcc0.gc0.count_d1_reg[0]/C
Low Pulse Width   Slow    FDRE/C              n/a            0.500         5.000       4.500      SLICE_X36Y65    fifo/U0/inst_fifo_gen/gconvfifo.rf/grf.rf/gntv_or_sync_fifo.gl0.wr/wpntr/gcc0.gc0.count_d1_reg[1]/C
Low Pulse Width   Slow    FDRE/C              n/a            0.500         5.000       4.500      SLICE_X36Y65    fifo/U0/inst_fifo_gen/gconvfifo.rf/grf.rf/gntv_or_sync_fifo.gl0.wr/wpntr/gcc0.gc0.count_d1_reg[3]/C
High Pulse Width  Slow    FDRE/C              n/a            0.500         5.000       4.500      SLICE_X34Y65    fifo/U0/inst_fifo_gen/gconvfifo.rf/grf.rf/gntv_or_sync_fifo.gl0.rd/rpntr/gc0.count_d1_reg[0]/C
High Pulse Width  Fast    FDRE/C              n/a            0.500         5.000       4.500      SLICE_X34Y65    fifo/U0/inst_fifo_gen/gconvfifo.rf/grf.rf/gntv_or_sync_fifo.gl0.rd/rpntr/gc0.count_d1_reg[0]/C
High Pulse Width  Slow    FDRE/C              n/a            0.500         5.000       4.500      SLICE_X34Y65    fifo/U0/inst_fifo_gen/gconvfifo.rf/grf.rf/gntv_or_sync_fifo.gl0.rd/rpntr/gc0.count_d1_reg[1]/C
High Pulse Width  Fast    FDRE/C              n/a            0.500         5.000       4.500      SLICE_X34Y65    fifo/U0/inst_fifo_gen/gconvfifo.rf/grf.rf/gntv_or_sync_fifo.gl0.rd/rpntr/gc0.count_d1_reg[1]/C
High Pulse Width  Slow    FDRE/C              n/a            0.500         5.000       4.500      SLICE_X34Y65    fifo/U0/inst_fifo_gen/gconvfifo.rf/grf.rf/gntv_or_sync_fifo.gl0.rd/rpntr/gc0.count_d1_reg[3]/C
High Pulse Width  Fast    FDRE/C              n/a            0.500         5.000       4.500      SLICE_X34Y65    fifo/U0/inst_fifo_gen/gconvfifo.rf/grf.rf/gntv_or_sync_fifo.gl0.rd/rpntr/gc0.count_d1_reg[3]/C
High Pulse Width  Fast    FDSE/C              n/a            0.500         5.000       4.500      SLICE_X33Y64    fifo/U0/inst_fifo_gen/gconvfifo.rf/grf.rf/gntv_or_sync_fifo.gl0.rd/rpntr/gc0.count_reg[0]/C
High Pulse Width  Slow    FDRE/C              n/a            0.500         5.000       4.500      SLICE_X34Y65    fifo/U0/inst_fifo_gen/gconvfifo.rf/grf.rf/gntv_or_sync_fifo.gl0.rd/rpntr/gc0.count_reg[2]/C
High Pulse Width  Fast    FDRE/C              n/a            0.500         5.000       4.500      SLICE_X34Y65    fifo/U0/inst_fifo_gen/gconvfifo.rf/grf.rf/gntv_or_sync_fifo.gl0.rd/rpntr/gc0.count_reg[2]/C
High Pulse Width  Slow    FDRE/C              n/a            0.500         5.000       4.500      SLICE_X34Y65    fifo/U0/inst_fifo_gen/gconvfifo.rf/grf.rf/gntv_or_sync_fifo.gl0.rd/rpntr/gc0.count_reg[3]/C



